,FLAG_GFI1_wmot,CEBPA_wmot,HOXA9_wmot,PLAGL2,MEIS1_wmot,ETV6_wmot,RUNX1_wmot,FOSL2_wmot,FLI1_wmot,GATA2_wmot,SP1_wmot,E2F3_wmot,ZNF281_wmot,SREBF1_wmot,LMO2,STAT5B_wmot,ZMYND8,LYL1_wmot,MYC_wmot,TFAP4_wmot,RUNX2_wmot,MAX_wmot,IRF8_wmot,MYB_wmot,ZEB2_wmot,RXRA_wmot,SPI1_wmot,MEF2C_wmot,FLAG_MEF2D_wmot,ELF2_wmot,JUND_wmot,SMC1,LDB1,H3K79me2,WDR5,H3K27ac,H3K27me3,MYBL2,CDK9,H3K4me3,FOXP1_wmot,MLL_KTM2A,RARA_wmot,IKZF1_wmot,AFF4,CTCF_wmot,BRD4,CEBPB_wmot,H3K36me2,PSER2,H3K36me3,H3K9ac,CDK13,H3K4me1,POLII,MED1,promoters,enhancer,super_enhancer,MYC-rmIRF8,MED1-rmIRF8,MYC-rmMEF2D,MEF2C-rmMEF2D,MEF2C-rmIRF8,IRF8-rmMEF2D,POLII_total-rmMEF2D,MED1-rmMEF2D,POLII_total-rmIRF8
FLAG_GFI1_wmot,1.0,0.013578051541975562,0.002478109160516772,0.00932647171603538,-0.010006797803009063,0.005742663156692278,0.01636697440094334,0.0053854612046918375,0.013606908883446971,0.006547649311950502,0.0127559553235563,0.010790658830758804,0.01104459401106976,0.005366626109181504,0.012153256607156855,0.010214150098515399,0.016423621316590288,-0.039116851737968396,0.01186063716977687,0.013185087621726353,0.021126655663189085,0.012388862943477848,0.012726886880120566,-0.02623622620518292,0.007359909840188027,0.012154720271450802,0.013254513519223115,0.0039147582380289845,0.00851111389039785,0.012709440780986446,0.005136193671977413,0.015126738232031684,0.0012291609669788013,0.012363858828795208,0.0019133894979500054,0.010917531672747581,0.0053544024466949695,0.0017818556242377823,-0.003360268804773543,0.014468831801522579,0.010948095436984858,0.016130662159274316,0.007315203279989189,0.00936105791439001,0.005238486704305089,0.008764003424584152,0.005354137469593082,0.012207483575374475,0.015311796448184976,0.009387605566680928,0.006162916755495995,0.017534508176993445,0.00038399971275615785,0.019104865202042735,0.013933078302152183,0.02222069271671802,0.01149935804946393,0.007656687471733221,0.006466905999709151,0.023581320098612014,0.019306139394226266,0.012097298024326257,0.005523124133327863,0.006905648586660045,0.0057924071764041225,0.01384534678091328,0.013581888680098225,0.014305168270986922
CEBPA_wmot,0.006557769273091351,1.0,0.0017896903066456239,0.0047347728961301344,-0.00844563544678628,0.0033770850446927926,0.00940652139979534,0.0033297183217891988,0.0077533723691718525,0.004949532402061167,0.005627742324090754,0.004604797731701196,0.005283502700302317,0.0025033458210914914,0.006377497448356444,0.005923134700962037,0.008547259248753067,0.004304228887512665,0.0069884573198291024,0.007296541959269589,0.013576081297921924,0.006813011027233384,0.007827771276946949,0.005670145341513655,0.004329884563671276,0.006297264368277037,0.007812010527303374,0.004503202106529819,0.0054480059426028436,0.0063839102409721,0.003183974596386593,0.007998395583854928,0.001047028946071065,0.007047332811039403,0.0008604851558732062,0.014848128674197617,0.0022050156233200838,0.0006109482254176353,0.012185396267417698,0.0063800643962868536,0.007393395701286734,0.012023961482653977,0.0038371980173412404,0.00552083324128567,0.002265983962500324,0.004558829066259654,0.013578302171853733,0.01830278793727286,0.009846039117096283,0.0054993935403991395,0.0043916913838168495,0.009154029055024538,0.0007838568415724806,0.015825289113117126,0.007779122675692092,0.012913891865775455,0.004677644001134813,0.012070748721176848,0.004572766055162916,0.0143857958312164,0.01148945154710059,0.014045832738563689,0.004777595010182625,0.004661052056456451,0.008258815773737535,0.007231043195656623,0.006637069844600752,0.008167474186475693
HOXA9_wmot,0.034815301681289844,0.04767463005894205,1.0,0.029765417272035674,0.09553073279328225,0.023565333329387605,0.06324808613937347,0.032488513833133933,0.03957042770743769,0.02519870819119881,0.024797775295801478,0.024797775295801468,0.02637517606703422,0.0174901601954603,0.038127832231565635,0.03546557939328546,0.06402635130856928,0.03111735996460453,0.035141172441646905,0.04018656617106511,0.07599892808562582,0.033828369322591756,0.04855597722209049,0.03706736660225812,0.021841914619185478,0.03248851383313396,0.046200142504917725,0.020476097330533023,0.03363375869354589,0.03546557939328547,0.036749554816551976,0.053390847393452165,0.0,0.034664137158877624,0.00891688821415709,0.09229026997986818,0.009346950013816174,0.005603120221366493,0.08560576658206831,0.03297078354859158,0.052649879279925864,0.08823876483859629,0.024797775295801506,0.027516298498945376,0.01115599606361854,0.024392074815975568,0.11422422537368579,0.03282623330877197,0.033448838649761975,0.026289307476118566,0.015480900148527267,0.04657963326620058,0.0,0.10800304087427151,0.04390685888786668,0.07932856366874146,0.020476097330533027,0.07913441491992099,0.02430648096022705,0.08576129727787571,0.06626326268882063,0.10432959239558817,0.02909436073781362,0.028309036059782893,0.05185892346443446,0.037012434512118046,0.04533368298073555,0.0374530233889629
PLAGL2,-0.019970869872572624,-0.026587590800889058,-0.009585487445665303,1.0,0.004554305824204274,0.03724588839197155,-0.004051555220529741,-0.010311562794194195,0.028660241159887752,-0.009076394332585534,0.05964835918886319,0.0526965492528865,0.0492186529660834,0.03199632546425898,0.06969082935589371,0.03407720259932632,0.03522823963571219,-0.010604387005125006,0.018380942988227615,0.01791286403646062,0.009102617894635429,0.023900376585547205,-0.014307749136028941,0.020800632565297458,0.03228876640530267,0.05452814952553184,-0.00750531337788699,-0.006471380705801492,0.03271422231439258,0.06754042561836851,-0.012407055806558277,-0.012055171017663348,0.21953969384917035,0.016333761353727917,0.04044137574320032,0.0905317114876774,-0.04341287367998869,0.1304541550302902,0.06495372759554521,0.041547019114555946,0.003110533961017676,-0.053327954769845025,0.0320854635161776,0.0008241665968193976,0.004910442612001711,-0.004824124634987933,0.021326536506611024,-0.019829067134311464,0.0017743083814183928,0.006109881026177734,0.025367020280678658,0.07095826065452981,0.5795370999975723,-0.010615456886399645,0.024051444560165686,0.06389884448191423,0.08195239598074061,0.08489755177512733,0.026058111286505353,0.05883657387341272,0.06291303362300188,0.04755344226467989,-0.010893115707091757,-0.016744243575738536,0.00017950115314390098,0.0470596757713062,0.03837602780791412,0.031628810781143275
MEIS1_wmot,-0.018384606724975643,0.006907351461951214,0.002126131904141212,0.004139929894817677,1.0,0.003480585150621046,0.009318401784236756,0.003458167221242325,0.008147867272506512,0.0038077638710153185,0.007081398418819196,0.0059526525770081315,0.006315332278424969,0.0030497980624252033,0.007593331417160326,0.005648784556141656,0.009618045559481477,-0.020018106906662392,0.006867487717858025,0.00776059254250478,0.01227880922128716,0.007120977107043246,0.007255670712910039,-0.013483053252092604,0.004122953046649974,0.0066861498530546995,0.0074049112003458295,0.0022338530305291556,0.004731651414682954,0.007416458791040455,0.0029212835081983586,0.008728397222415694,0.0007739567097171804,0.007274703841509665,0.0011195531178732933,0.005389271964715985,0.0019626084890249414,0.0008306402539056088,-0.0023273949050783395,0.008132349749693568,0.006753423920530898,0.010411084489033174,0.004090995855493831,0.004924097468809464,0.002963921664543962,0.005140810639847977,0.0033508953933256294,0.00539911386935778,0.008801725827070353,0.005281414997411793,0.0035645284147964576,0.010519861206082476,0.00048301809637541735,0.01313932709684672,0.008523633346524239,0.01303170166589544,0.006408989029037777,0.00355846777255937,0.003917308651283614,0.01388242755223799,0.011452907211267637,0.007079608558847006,0.003207047878689205,0.004081277573999211,0.0034648820455135676,0.008086014519794913,0.00789563434620667,0.008703726708797727
ETV6_wmot,0.014145726070252957,0.016592896324561582,0.003964729711905523,0.005713610162169187,0.030046562610520165,1.0,0.03249856863189946,0.010568643141381694,0.01137308763190723,0.011774240803670805,0.029887100410248956,0.028116618057244764,0.02712908669151624,0.013978896021575676,0.036982762763583414,0.02199866901222586,0.05894348849661803,0.01940461997146268,-0.020666206956814676,0.02813872162959747,0.03841949991623461,-0.01708809865340563,-0.01814995448346689,0.02191459409441603,0.016880039023860007,0.03185649818458347,-0.011858790147718228,0.00744580354102974,0.01593421614647945,0.0063365664682056705,0.01142705019459054,0.03772457542523687,0.0026220134421154613,0.026464378671989027,0.004192674853611729,0.022721026911950312,0.004120950318516139,0.0032353389677334905,-0.044550589058914215,0.03320082897027578,0.02239807969238147,0.029159338750183377,0.01908548243131832,0.01972285936700523,0.012547164921303096,0.016237012603634485,0.007992986130193603,0.013883097490397118,0.028512770230614284,0.018504140615822746,0.011523288995724237,0.04123757453817369,0.001594335827862184,0.036001695415758185,0.027142597048996325,0.06934254618122415,0.026261831166288427,0.027175006458408663,0.013465778374507006,0.002604539311200976,0.013151959775325964,0.014728691992398582,0.015776631530023583,0.01420182224147051,-0.0023961462383093705,0.035495671902872804,0.0390248225428929,0.01944227373160566
RUNX1_wmot,0.004708018927950034,0.005671949733842846,0.0014274846940985678,0.0041152453929642185,0.008898546890317698,0.0035160926948750973,1.0,0.00312239387789308,0.007584929396991417,0.0036445141938849525,0.006265828955651947,0.005388437895667866,0.005879897338331579,0.0026393362720596326,0.007034391061352089,0.005666061249625674,0.009453412366712356,0.004923267997545817,0.006793467792606705,0.0075404617079198166,0.0080225665838006,0.006872954381347128,-0.01278697496514284,0.005609391698293371,0.0038488927656804006,0.006365199754507041,-0.012666972648357854,0.002234248258258001,0.004523573439342661,-0.011690109802844668,0.0027108130563542584,0.005469228970312251,0.0008582545236678263,0.006595323284408233,0.0009807736548709278,-0.0041593908253953135,0.0023324947792810304,0.0007074272914794369,-0.0027319354039190644,0.011923486356733078,0.006361820560159597,0.011202497140390068,0.003961998241085442,0.0046270999373212865,0.0025306241932903273,0.004839370579016459,0.0016078397331280407,0.004715805254067387,0.009213753483282305,0.0050761647893649755,0.003547662641393939,0.010008295176069035,0.0006535397248882874,0.013470158429449154,-0.008502263793019603,0.012219890123700283,0.005559592038648491,-0.014176555702612474,0.004031187528587304,0.013552178480756882,0.010776149774910334,0.0053514954818866724,0.005230784019296963,0.004127130570064257,0.002867980959593634,0.004120076180081415,0.007089358900326322,-0.004435482499374111
FOSL2_wmot,0.01218379575200521,-0.036893326348238775,-0.13244359579541023,0.014666590852584685,-0.011244824145197854,0.00976876932427686,0.024671616079010274,1.0,0.01924211555631945,0.009289002360496271,0.014129145812820414,0.013815125626687746,0.015213892796892834,0.008761289062601455,0.018100187888464604,0.01563465190507914,0.007212835970873771,0.013941149890720041,0.01718308664217073,0.024748136229754147,0.03089155215877071,0.017549112121312074,-0.03468758018925267,0.01509281568901409,0.010972497595054736,0.02046502534656492,0.015213892796892845,0.006752235989826838,0.01165032862334769,0.015972110408780618,0.02594271171101183,0.024345964588429192,0.000884705836563237,0.014111801438675508,0.0025322859885523654,0.0424848660909045,0.003349199073715735,0.001360914413793539,-0.008725827508535967,0.015032401225268483,0.01758752595514859,0.032643645000842006,0.013476182493158975,0.013878208712103343,0.006411230009607352,0.010507595562173185,0.019555434878738093,0.012652315772145402,0.023041757369971976,0.01171938325828617,0.008697526723513068,0.0246716004994895,0.0,0.035562084547898776,0.020548541909109163,0.03997631563856649,0.010382887509468582,0.03290741511924025,0.010736068797871425,0.038703771125775895,0.030442336232097772,0.04068622688364828,0.012934816601420056,0.011542628688445767,-0.02418735464330113,0.021801402516647177,0.021994563841335458,0.021384147837857533
FLI1_wmot,0.005018779467738663,0.005888353017540728,0.00168201077041245,0.0032536080878067257,0.009890854407770504,0.005457361907149752,0.009605505794727727,0.0031720366185535817,1.0,0.003766083919734565,0.010051683798904018,0.008453743435793944,0.008896377401040913,0.0037506123521537284,0.009603717771895358,0.006316752719849334,0.011827561857846051,0.005308919450381923,0.00794826264545207,0.00890955356600794,-0.0035420204395698205,0.008751404934989722,0.008449338519868661,0.0064765920349983954,0.004919142756924934,0.00843318530600038,0.011562022722628372,0.0022357768130580797,0.0048056559612264845,-0.000926394433026449,0.002729388362017207,0.011178061479120004,0.0008754504733272695,0.008954265051718851,0.0013988212773111271,0.0071846055688157195,0.0025006506528653057,0.0009778582663771522,0.017770565074365023,0.011271995648230624,0.0069455323064066925,0.010660292249117641,0.004779294296937617,0.005726044275992094,0.0038152531797010936,0.006105126925768263,0.02017325514638324,0.004873426873081963,0.011607587327889555,0.006533428618307319,0.004122263243479301,0.013995146988163861,0.0006041182903111319,0.013322356646272729,0.01067910387693217,0.004886353735714521,0.008966646953044657,0.006324956452515027,0.00451659174337208,0.017277946661778686,0.007508961235881684,0.016863426348395674,0.005128586643753774,0.004196364569757787,0.009450213626787492,0.011470953856941421,0.009909837977168403,0.012095555187762726
GATA2_wmot,0.010550303132682052,0.016479155486981947,0.003125336300664779,0.009021626492109441,0.02045742681986752,0.007717156791309343,0.020341641773200914,0.006613022088036727,0.01627238230489642,1.0,0.011072005410789018,0.00990066637154745,0.011269049016561823,0.00550874054879522,0.014578311568954725,0.012776027697395921,0.01841189121574608,0.012052751324425525,0.01310676722999778,0.015045729634896712,0.02573520221534948,0.012763710938284914,0.01720077659675592,0.011824206365925745,0.0077171567913093455,0.013167648407195733,-0.019395496659351006,0.005938188480554837,0.009415373147571127,0.0137109341751282,0.0065749400176978515,0.015906125823441586,0.0010460517575720297,0.01359868380134276,0.0020925850651346027,0.03082508805245129,0.003936173312936474,0.0016830952844530908,0.023495998165430625,0.013437225487123382,0.014624279768094259,0.02418852130385151,0.008431462351202838,0.010068954617554618,0.005031243299534528,0.00854100697520922,0.029960311068636156,0.011334320607770518,0.016207447101968787,0.01014623966270962,0.007222000360931773,0.018647641783599688,0.0011516004610913966,0.030852933254595247,0.015094146928955348,0.02636129913959067,0.009971001726658648,0.023052314805866385,0.008921903292952556,0.02822654171220261,0.02326477318310464,0.02792690905132955,0.009356053572466723,0.009299982897993468,0.0002540565862802454,0.01466907261880369,0.014066438825310562,0.017124632249948337
SP1_wmot,0.0058495857742312,0.005306434704134202,0.002169980937205066,0.0026693678587408993,0.010760336384204523,0.005048141167691654,-0.010164537535542945,0.0029764877233732783,0.012851036513327817,0.0032884010709612055,1.0,0.01736148122356533,0.017266354984924192,0.005945268046647387,0.01690016201540692,0.007881360793692524,0.020340477252412635,0.004365878910963424,0.011781911069463557,-0.006317847607050946,-0.003925695440192817,0.014031238070314997,0.0064980630180388865,0.008622846874162515,0.007142958830458834,0.013269556943669554,0.007102632249965642,0.002078280174763981,0.006827320891838796,0.01480479036860416,0.002628102713587079,0.018286206437814787,0.0005498815085065698,0.015007358600262612,0.0023244715278256966,0.034716229263646654,0.004709223087599569,0.001726225689986483,-0.0022059734415481387,0.020320340652494145,0.007826065202655554,0.006864975071259045,0.006663085514421497,0.006991765612735421,0.006814391738985814,0.009793600061611688,0.03359614686951405,0.00506357935260348,0.015772643009634962,0.009954360712777159,0.0048437742617718745,0.013696430504737038,0.0006650940863713934,0.007246489978664547,0.016805023611445143,0.029607533060971046,0.02282356736221849,0.00875929450619382,0.003863710403095561,0.006970869889004893,0.027573238279915754,0.010809241224444497,0.007836790743536975,0.005682838972467939,0.011138562194880547,0.023166946707816452,0.017088313000326486,0.023426166264876064
E2F3_wmot,0.007704951571123858,0.006612711891828141,0.002383868432171589,0.0066704664245744285,0.014293991208631358,0.00739647635165352,0.013303382639951133,0.004399334015884454,0.017724244958491762,0.004472282759290481,0.03692923081908098,1.0,0.022072950793327183,0.008271722331822091,0.02350222984793823,0.010688752654233516,0.028377889035368996,0.0062685032302003734,0.014991325850059746,0.01611311421407422,-0.003249803019763536,0.017683665059291455,0.008855663973956636,0.011690828161477842,0.00934889597299572,0.01864588326427771,0.00953382306667337,0.0029449749133759065,0.009018185816292297,0.019428616524288615,0.003829190111205196,0.02314215247563747,0.0006812891370713913,0.020031136414861487,0.0031098716744382424,0.04725407482149845,0.00498921375906186,0.0024041982803737084,-0.017888014989820004,0.041555966526559705,0.01043235073154949,0.009338174576549107,0.00949994619835765,0.009364037815447234,0.009480823410295219,0.011950928339017588,0.0502232115146397,0.006287175147239168,0.01873782947954758,0.012303229477718248,0.0059871803558435195,0.0462343288404655,0.0009678142421181581,0.009824769422399309,0.020420263804281382,0.04195882391802031,0.02892638047118602,0.01066072628497235,0.00484836251171499,0.044531119842617345,0.03850004843343594,0.035811604350833894,0.009612431920604472,0.007365447546435878,-0.0029306646199212484,0.029332485026444564,0.023775494742978937,0.02982918441444495
ZNF281_wmot,0.006572075548225588,0.006363758099997132,0.0022182414584226585,0.005371968265662362,0.012481158379594796,0.0060221028620238435,0.012050488822736795,0.004032404202269611,0.015080563496719152,0.004241603449764694,0.025411569262052798,0.017199818321776132,1.0,0.006727434352977583,0.016926952850952016,0.009084703886717827,0.006754800871390975,0.006151190525617778,0.01276682603513536,0.013977640690892105,0.016091493555579175,0.014683013140920288,-0.01833070136303039,0.009693430065473789,0.007778382991203758,0.015578283332683065,0.009274360345494172,0.0027049491307246398,0.007231195727685835,0.015252567520763956,0.003423177153321144,0.018841750125505614,0.000440513217127028,0.015227150532816678,0.0022524120685339954,0.03340600640087474,0.004772123058289779,0.0017760090546243338,0.0033733750194881204,0.025292080906958746,0.008774808761600153,-0.006484995613755314,0.00781798170558989,0.007814938797998869,0.007419538258592803,0.010131447753379132,0.03448048093269763,0.005711168734590504,0.018671584369260034,0.010705009067851405,0.005954255701968538,0.029964328178699727,0.0007070008282269913,0.011600772316865822,0.01533368671102003,0.029362494528826052,0.019215406111301018,0.011442611926900733,0.005412196300325227,0.030642475958195164,0.02680038673877013,0.027127291291582898,0.007336855252517336,0.006406811107290423,-0.01825414922728984,0.020817117043184848,0.01690646511405985,0.020776675110121927
SREBF1_wmot,0.01934148332918294,0.017422384062487997,0.00457062406452998,0.03010810755921608,0.03936636777108501,0.020629364857560416,0.03334396282394627,0.013751448264010771,0.042038281065441316,0.012067889310136177,0.024577694684416587,0.011020829308315522,0.05460738675140606,1.0,-0.08641819875629743,0.027362137560664322,0.002491169924339882,0.017542564349716603,-0.012965327844795559,0.04087634487108383,-0.000995259256029977,-0.005722446624052206,0.02170775625800608,-0.017818724596318936,0.024731770763384318,0.011893849933222999,0.022845554229434406,0.008849951998470322,0.022685748235118805,0.045466103476681285,0.012711500162912729,0.00024472915237610344,0.0013077679373950705,0.015520407814136277,0.006899618478958302,-0.04632419889944572,0.006677686563984682,0.006782975696233301,-0.03389567629747843,0.010007568629474902,0.026245381214190983,0.024695364125145947,0.02971644907916291,0.02476786901180305,-0.03244735138020889,-0.029175308626404505,-0.03420401601656701,0.016445394625975714,0.03969601915781405,0.014465192734792267,0.014749006858926272,-0.016296287305852537,0.002519238973139936,0.02567729228607365,-0.004447416697300857,-0.019161160476126704,0.059619828397030596,-0.1322355935786561,0.013150746716286969,0.0021791651821964904,0.01664522550225883,-0.0049383750499451115,0.005422434915089024,0.021798490933627672,0.007504473751823336,-0.009810809567377211,0.00760031298307299,-0.01014024561192384
LMO2,0.023081262350721502,-0.0321773851301065,-0.0025970394347913195,0.06934696058559617,0.027426499696065393,0.03885948815049471,-0.00817084947317659,-0.024636099321732014,0.049699670394591555,-0.01000884951400566,0.19059253731847964,0.16377832508718043,0.15147482481011434,0.11127453247316638,1.0,0.035216199545187954,0.1045171847449684,-0.015538359916926208,0.05116767313895835,0.0438409137229738,0.0008736637125098296,0.08041967090469454,-0.024593181454825887,0.06664528023438887,0.03189642386268339,0.12254167454416572,-0.02441604777108968,-0.012799140579252142,0.05650353636889642,0.11159311771585959,-0.012059603741196896,0.010428804339701591,0.18207768914465025,0.20889470368572124,0.17406876999121135,0.5113942167929129,0.15948127358775785,-0.011291465676407647,0.13351920154961347,0.24928241569635365,0.01815800793554808,-0.00816980453272302,0.08659824409362521,0.02483214219781396,0.09070585919871377,0.05444714871713659,0.12298948359803073,-0.011460858551900118,-0.02387819750323723,0.008102841695385736,0.034136537825964375,0.29621273780496266,-0.015933605723692387,-0.010915624711935244,0.1994658626086002,0.3945719377929781,0.20594482395862612,0.25339354417884064,0.16579462068871392,0.17078797558649192,0.1366913716392804,0.20166320770755924,-0.0587181346284706,-0.08335534148290093,-0.03659881136595007,0.2260942605569928,0.06574645544475799,0.23453139370223142
STAT5B_wmot,0.008337110617925452,0.009821335001795222,0.0022672585316059796,0.003923967836637235,0.015577624324580689,0.006964311190100253,0.016505890559960643,0.0055843860350266025,0.014354210563375488,0.006449072219096849,0.014437448098110475,0.01229993662253364,0.01266949593114898,0.00591566998476197,0.015626006205405014,1.0,0.019406567945818628,0.007663512729222878,0.011894610161956523,0.013686400139904764,0.02061053658892926,0.012834567683606081,-0.014286046454640875,0.010410275055668085,0.007632582103172994,0.013121225535382443,0.012291232930071262,0.0040997973493945555,0.008425825599889173,0.013668988150384998,0.005039453196344939,0.01614980208004991,0.00058462592005884,0.013494277708323963,0.002087380612249161,0.032710052788306035,0.0033416875294925426,0.0018402585345972174,0.012026755763711231,0.016718054588343065,0.012090904272468941,0.018416518849060794,0.00786283860190557,0.009144313822339385,0.005855989809819978,0.008701853073418786,0.03424768662670115,0.008164103381520602,0.01527926633360314,0.00929457955259526,0.005812007139793288,0.02146993087019959,0.0008423997252381148,0.02096682852742213,0.014195281983884225,0.02814589765821533,0.01312556925101199,0.018204811085979128,0.007007707314349999,0.027467992538469016,0.024141445928649335,0.02656341959726078,0.008251216071776176,0.007237122740080024,-0.00040169561450906796,0.01618199761265618,0.01649290916562972,0.017587598835564947
ZMYND8,0.020291170656781227,-0.008475740120861575,0.021430579597589653,0.03532469928779541,0.04072313446095358,0.1956585854228392,0.049086892737309186,0.0066384114927738646,0.03250876038141913,0.01536967354206039,0.13570338868842557,0.15384284830199027,0.09764638567579274,0.15077780544501357,0.10451718474496838,0.0566756427148097,1.0,0.035703588545870406,0.03448169850701369,0.04567024453333053,0.019601536427095233,0.04468225648007974,-0.0005941680453394839,0.06598334007409663,0.052281363896256636,0.1352444500239886,0.008864944422576357,0.018048290553601867,0.11876303389971996,0.09645684169986382,0.0641603246739355,0.06441554891598827,-0.03430868050557762,0.0907940847872994,0.08250375044245703,0.14292277326688266,0.10292234820479693,0.03896651324979844,0.1335611894359464,0.11676478871555121,0.020210280040449058,0.015858968989337034,0.15935183698093497,0.0390179880393058,-0.07065627351481629,0.047499541396559694,0.07955000534397581,-0.004252488157843136,-0.012537682061683144,-0.016876281926287325,0.08398105347293396,0.13350041700792284,0.11751464255384185,0.05449760408687361,0.06754784422551002,0.1750380512466119,0.1488691248347189,0.10204275665588637,-0.011146913298501432,0.19293233814936428,0.14289404994162425,0.1641926071106452,0.017503189380735695,-0.013159591545740534,0.01578741686887733,0.0751529300115883,0.19598017611484947,0.07973813028999227
LYL1_wmot,-0.036778855854117214,0.01248031609239549,0.0030670773557222603,0.01498900549013069,-0.006506556358631611,0.011063348071733238,0.027702015755614227,0.008789383401048283,0.022367967082114575,0.010765228798682792,0.013534665393110807,0.012697766510672602,0.01517703191805956,0.007042311087400407,0.020992155814738553,0.013726214506804864,0.02655947273162104,1.0,0.01569726194055888,0.028750258555427816,0.031904187714519916,0.01680103876826274,0.016166727805235072,-0.016047592958824627,0.010631341319529548,0.018206899484876277,0.015883245672234973,0.005800462808717283,0.010344807896117606,0.01768877466678627,0.008104881349725956,0.026142969478086073,0.0007145375098273241,0.012805383954443863,0.0023192153462871503,0.009090982595274175,0.0036695608154659167,0.0016190419236956403,-0.0003557476224710569,0.014799627154796012,0.01611788023534166,0.027861830981488325,0.012188054969545434,0.012376254168028325,0.005691831173552708,0.009379643823961578,0.00835179487619876,0.010552821955658074,0.02352605917591029,0.011136011579937525,0.007869203060222183,0.02543870837773679,0.0012755672266634352,0.037321201267029994,0.01957793470627241,0.03824057595324985,0.009830713478047025,0.00767306389378743,0.011674862128818419,0.04060745931052192,0.03180549427196528,0.0153926393455853,0.006106492753377315,0.010249104474134131,0.00744703864171357,0.02070900898827552,0.02069289039957567,0.022082681719838515
MYC_wmot,0.005353166079411507,0.006419651540371471,0.001845579833815668,0.0029499688442939783,-0.009281791624077084,0.00401527892499285,0.01048495355456255,0.0034509664881345135,0.009713334414355873,0.003741822648834754,0.011453670816685907,0.009024710981332411,0.009427624702852466,0.0039535212838062396,0.010014201614054596,0.006487942655587396,0.012106233742397662,0.0048428149919223585,1.0,0.009475270144421883,0.013307087455081263,0.022750450280894396,0.0075906211577146405,0.006847215516007385,0.005400540269408611,0.008700436360483841,0.008152329260883502,0.002273272879058475,0.005336026722280029,0.009774252378489008,0.002930829815283261,0.012054387217279916,0.0005366715969624315,0.009750772643676043,0.0016727594064716172,0.02013075941410237,0.0034264136112649958,0.0010956498518845089,0.017304466480311868,0.012812856816958516,0.00703701141542723,0.010319128351422817,0.005072802957882636,0.005686393413981948,0.00431510631197214,0.00790151466991177,0.02004077839090714,0.005550410755196319,0.005613505537252135,0.0031515070971334953,0.004994065721914666,0.01554505712773283,0.0006156395873325309,0.012206870243317666,0.011214261507869777,0.008627327822056012,0.009987459195041083,0.011728821848043008,0.0047415899685880405,0.022810931852354596,0.007270709133222967,0.008106724391688268,0.006017620798472175,0.004454166373063309,0.009067261584951075,0.012740200619455489,0.0104516133568689,0.012885129789731392
TFAP4_wmot,0.005908061419846306,0.006735474467236143,0.0017815156537472655,0.0026395574291613127,-0.006660344956922326,0.004754821456953752,0.011875773314841725,0.004642150071464296,-0.0077136875104307,0.004243497211452913,0.011773399790758636,0.00964551978157819,0.010292090248044,0.004443431795209283,0.008943998281914417,0.007380403113751457,-0.00270020229547222,0.0076065390770899384,0.009530374220032995,1.0,0.014666766905331472,-0.008945632438666331,0.008321622000361897,0.008262848572533567,0.005794550520680428,0.010317059901470044,0.008555795916898593,0.0027197436321902122,0.005727936169865046,-0.008462999380609413,0.0037299055940344015,0.013045249846771325,0.0006981421826708698,0.009920960496784351,0.0016584733179110126,0.002325220031277018,0.002767473049246311,0.001276762004093142,0.001996146478596587,0.0037776243901299013,0.0077487060555840245,0.011793505062624556,0.0059170878264303076,0.006320081117934305,0.0045680407901186205,0.007243905926119644,-0.0008644516473392134,0.005773980836576117,0.013444685642507217,0.007502928386164908,0.004667663245540448,0.00014902028937591522,0.000695587621922507,0.013988472611639989,-0.00023243110697496059,-0.002544054822457908,0.010280567139303823,-0.004872194862844772,0.005104858460277683,0.02094218856394819,0.003866156345476318,0.005369374528005914,0.006440256533120179,0.005384379682089135,0.003766760185551714,0.0014055035449683638,0.0014221771572597338,0.005386313297417669
RUNX2_wmot,0.003802405722957607,0.005130105335396056,0.001197068119956632,0.0019375027147410452,0.007286649035514323,0.002632752551409797,0.012041548801512023,0.002474544376052555,-0.007958045302012502,0.002913836575707099,0.005470656363407812,0.004534041697344364,0.004898871176249071,0.00214460921217207,0.005622554728335973,0.004415645004769262,0.007261675398983583,0.0035883108098130456,0.005459835996557894,0.00583725421141955,1.0,0.005658777810025694,0.005514512953062061,0.004384409302386253,0.0030843083278660043,0.00507804904574176,0.005478290624566932,0.0018644666280382075,0.003430116046690255,-0.009702717931112043,0.0020831095048773254,0.006811519264220998,0.000598154350876768,0.005639517728410186,0.0008209531930487392,0.004984072553345283,0.0018704163377400082,0.0006352875002698722,0.01072971053158018,0.006143576695917116,0.005108655293005733,0.008382576032545351,0.003068629476009874,0.003662878891169723,0.0021174820437993925,0.00402751474230985,0.011904146020584837,0.004090583848639245,0.0075149693761527026,0.004216681132751134,0.0030150795507596093,0.008139385179727409,0.00040631444626943407,0.010649017215057746,0.005825155170591215,0.003438889570998597,0.004798638824688595,0.004289290879404323,0.0031831320100498732,0.010521812847014958,0.005930769595139805,0.011766781153703337,0.003994342317567581,0.003230398430851676,0.006293726710923036,0.006268746380272396,0.005717561042094962,0.006535325474101156
MAX_wmot,0.00532889320208618,0.005992007729089599,0.0018472263516235315,0.0027228303614170893,-0.008867463705798665,0.004105443662320799,0.010116065882493393,0.0033690201045708038,-0.00848467615852398,0.0035040098409543532,0.012897977498275918,0.009858080497825565,0.010178834923047747,0.004184596746915265,0.009259329976582973,0.006638790762094239,-0.002676314557173229,0.00490908085231993,0.021091012603894215,-0.009334721105919945,0.01322041127264021,1.0,0.007108107108623707,0.0071423639191629,0.005971353714867906,0.009297746354808149,0.007701369007402904,0.002226549011273697,0.005426263848598254,-0.008153847326677758,0.0026996851844550977,0.012783860186379135,0.0005124956117863271,0.010294324352621446,0.0016989838068630875,0.0029515160836559797,0.003657268605004219,0.0011925423999657868,0.001641113666217315,0.004639741776301348,0.0068915347000378865,0.009898852516722394,0.00527121432334884,0.00605784337704301,0.004538430547515234,0.008535177027075538,-0.0010342818002185602,0.005416871800050945,0.014764483777500382,0.007736520824951443,0.005010944022408425,0.0013010355273422132,0.0006088994088865982,0.011713902142246577,-0.00046209588256883685,-0.0023050958243661583,0.011077153980223655,-0.003606930905469775,0.004703747049479272,0.023309578442847995,0.0036789716101759537,0.005821024285813912,0.005810670034825904,0.004488843370942357,0.003304726236528601,0.0020433811021210815,0.001757920608948504,0.006131504393447701
IRF8_wmot,0.0044828116401154855,0.005612199166246777,0.0015706266338355495,0.003553612446052984,0.008230435148561146,0.003322832130859639,0.00737556892163035,0.002530178217079228,0.007949380715320142,0.003730404868449329,0.00497501489820089,0.004415669676164536,0.004960212579436501,0.002217607917427958,0.005833809303967616,-0.019420916572457307,0.007643483865398812,0.003915803675575125,0.00592098637421551,0.006431292440464917,0.010102528527027494,0.00580388281842269,1.0,0.004736445616322998,0.003377554165506303,0.00539669532713066,0.01587447394730292,0.002413625231560923,0.0038141343048730273,0.00696538719538568,0.0023902887903957623,0.0069847154674666295,0.0013607190310125953,0.005916826334781958,0.0007460864027509338,0.01276319800985549,0.001897952746430489,0.0006273708781276658,0.00911862620160246,0.006178965077989658,0.006188678559969279,0.010234644094227209,0.0033316368688160376,0.004405004249952119,0.002024179955624399,0.003950550252820036,0.012764573977437904,0.004270133834327157,0.007636513185392726,0.004663773826819393,0.0035746783817634385,0.008294728932864393,0.00021970928442156413,0.013254529412839949,0.00647141619414605,0.010018026238788126,0.004564922719171246,0.010236236094807243,0.0036526075847403998,0.009499275694816539,0.007695246478439847,0.011737188326836385,0.0038824940581248138,0.003036192881325508,0.002593652913605996,0.006306667209696404,0.005152901582825584,0.006538381535617836
MYB_wmot,-0.027264184173088887,0.009832298357911204,0.00230673987492253,0.008593272588458153,-0.004596335340185378,0.007269178170978127,0.01722234507291962,0.005659545636517234,0.015613740844312048,0.006279886049599903,0.016982663040180004,0.014220075901541132,0.014322561476892032,0.0068048296133986115,0.01796383766976175,0.010929653691875936,0.022042710795271533,-0.021429093199075926,0.013300395467894762,0.016517066965877115,0.021694533053846134,0.014724122929487807,0.011516136409240596,1.0,0.008555394432138486,0.01474284146266228,0.011365433342400866,0.004084043927086396,0.009638250745282535,0.015330063456850816,0.005450445641064183,0.019090586740699092,0.0008854117945549099,0.015221868507910605,0.002551384495307385,0.009761664584609291,0.003070063107679837,0.002144486864284108,-0.0012346901583967977,0.019218145845922643,0.012655376699569908,0.017000890240059595,0.008846358587642471,0.009738576178161457,0.00723869341863704,0.009555040235839554,0.006658250828409372,0.008205803874319543,0.016607464615189624,0.010532618294740538,0.006439829063002138,0.023898297301148997,0.0006707295256612372,0.020679962511041174,0.013573304099916177,0.031928536053621934,0.0151322302955126,0.008149294137927041,0.007477304817645393,0.03206154892420093,0.02864430315260275,0.01209305156970547,0.004389420824027521,0.008397267428810952,0.004499243377944738,0.018618756204866603,0.017638669040131963,0.020683412707472905
ZEB2_wmot,0.011603438792641517,0.013712895175061414,0.0031620365704637244,0.005950209662922187,0.022107214166771975,0.01059516334030462,0.021231802120899302,0.007581660476664258,0.022256239003192412,0.007516544754789111,0.02827624874357658,0.02218741114744448,0.022233287324323517,0.010400223799128555,0.026139790450649462,0.014937390133032824,0.03273064520054275,0.011578798856243001,0.019721405297698138,0.021480721598646998,-0.00349805335317948,0.02395908848769003,0.014825163936859398,0.016105897767597976,1.0,0.0230422966969449,0.016161189441906865,0.005258551776624466,0.013132391967726266,0.022670968957849202,0.007133233474849099,0.0013985626663476356,0.0008187411340399494,0.021892884477859545,0.0035254684316525465,0.04814434035185582,0.0055333045219359955,0.002974986476569191,0.04174050098045913,0.03061932096909393,0.014825163936859401,0.018858145820224246,0.01279445594541052,0.01525062698481182,0.009917790607410885,-0.021016566668093702,0.05389336300794408,0.012829782505885502,0.028533219626930586,0.01587881125105086,0.009506317360146562,0.0372601519974612,0.001123213600554283,0.023682267738576582,0.020164378605042582,0.04835280301670236,-0.0065495949780996245,0.019042357537924992,0.01038523056437322,0.048239159379788496,0.04341641121799425,0.040869593669641116,0.013621761232543637,0.011032643711254342,0.018399329808882963,0.027780272673731954,0.02443535849761686,0.029229976762883938
RXRA_wmot,0.00771306864848383,0.008184344571572529,0.002103405428369537,0.0010263150407855515,0.014533178064811445,-0.024139680805910054,-0.006716605818487775,0.005570300778325521,-0.00530793765907718,0.00524051761261232,0.02012971167960819,0.016205411582434156,0.017043945288529355,0.0074635199913176365,0.01802535733457341,0.010115843904839538,0.005239798473370479,0.007709630130968712,-0.009497348314492438,0.015266042892765662,-0.0014428456426296358,-0.006721319702100784,-0.015465268338710703,0.010736035109853992,0.008595099233935326,1.0,0.010122106845334744,0.003502956857937196,0.008647974207973317,-0.005042373519668798,0.004880640917303761,0.018803226260642902,0.0004892277216475605,0.014819981292297448,0.0025088019408600263,0.010439808182202874,0.003156917128978686,0.0019113381250937598,-0.026359643284902704,0.021174918325881382,0.01033152100097026,0.017319757128871852,-0.009259393682943463,0.009469338462414916,0.007449578548654927,0.00984265128462242,0.01177076539506571,0.007671757167797754,0.017634824866480145,0.01058718800538318,0.00600848201440868,0.025898410402056565,0.0008025533045343831,0.014799073492622838,0.014996258014649513,0.035622979847837175,0.016567921136010366,0.010285229281149404,0.006593216197663496,0.032830417292257705,0.030771345147614683,0.006936275152862728,0.009380075784462993,0.007860224506369976,0.0013604501562993123,0.019826802066679305,0.02049975532038675,0.020513112014753247
SPI1_wmot,0.004256827250419282,0.0051292823719839885,0.001540445108329369,0.0028447322730477524,0.007645751193484189,0.003409568780521015,0.006770797990557226,0.0022647356308499685,0.00975575455294898,0.0034169387384203756,0.004966387287319349,0.004332989916734948,0.005014446350447053,0.0021274367648722882,0.005366420997613144,0.004795965955728786,0.006981752645281126,0.003543950029199586,0.00579708858864607,0.006034249240030275,0.009073440527108201,0.005735482630749511,-0.0005729863132145572,0.0042942463184737455,0.0033351591802388263,0.005070648610238299,1.0,0.0021191078783659874,0.0036485562439243255,0.008160602624244189,0.002005026170796132,0.006993396507723378,0.0009215189022637797,0.00574037451600958,0.0007751743339345324,0.011643168195692413,0.0018117021783057654,0.0005963483019630296,0.010947219918114932,0.005736054841235409,0.00537923672759321,0.009545194118302274,0.0030351055257034853,0.004138399154534709,0.0019491430728618784,0.003700510556739942,0.011566036184507682,0.003842115811201088,0.00791289401442377,0.004571250235656663,0.0034905359312127106,0.007723442065533572,0.000535612859796648,0.012264872239581087,0.006417724006096208,0.009385489812347044,0.004450886847320249,0.009307579933636472,0.0035527654246543167,0.009800375309255554,0.007998161905525802,0.011194831275139755,0.004156842582611124,0.003360468447810455,-0.004594468463378661,0.006251858093502029,0.005597522738188784,0.006557755774886969
MEF2C_wmot,0.012530533100270583,0.03297863976384421,0.004562060379477134,0.014477370189359792,0.022807776695359598,0.009844061385829831,0.023951968117582618,0.009641452170505476,0.018705963206144562,0.011934203092877568,0.013786738415449662,0.01294463592314515,0.014214873889789814,0.008108897299443054,0.01971997129372318,0.01618063233447355,0.02488071366891177,0.01302637699505556,0.015601900654525583,0.01900725278192024,-0.014503353125586,0.015964908823888613,0.021848335276145932,0.015345045279064844,0.010811237515695004,0.017549965752712237,0.020653245049906756,1.0,0.029882449087661547,0.014214873889789809,0.010432834429771807,0.01934906759899825,0.0019437737546125745,0.05971010095627467,0.0022830716476103835,0.03995763996928274,0.006451891002122367,0.0024335153254834707,0.030479887909415214,0.016247910086399652,-0.03988017842155665,0.03117833312970225,0.012862544931428637,0.01278009675165222,0.006602081444131339,0.010092699489971296,0.037581636439218136,0.014291857542475826,0.01912813318235542,0.018078593359717097,0.008114844932775145,0.02386630287903552,0.0016635587549119356,0.03969526069159885,0.01836007090454283,0.033233467814432295,0.010288149228067095,0.03172318585128316,0.012231642358457657,0.029533825892788048,0.027154521681656274,0.031424363267931826,0.008294684303097436,-0.01205474135563936,0.021402984277373676,0.016640783910773196,0.019713836858272257,0.018929522448058962
FLAG_MEF2D_wmot,-0.011317656415114407,0.0008751919794355346,0.03381124242007054,0.03271422231439259,-0.02687656839423988,0.007574552393548843,-0.0230796173212283,-0.01311730863582428,-0.03488809675761582,0.02034401499607528,-0.07606908533626028,-0.038263885340486185,-0.04020782028497513,-0.0064267131553779186,0.05365585944619663,0.007780551969339925,0.11876303389971994,-0.013413650010131012,-0.03920472019564491,-0.032326798431001044,-0.006795242025478569,-0.03909775062278814,0.02841412467685652,-0.0017702276060738058,-0.026966199196937584,-0.02559297538942137,-0.019830937556687047,0.30063677728734367,1.0,-0.04260119022663299,0.030454209161795275,0.03790359724167722,0.8887806956529151,-0.009190403100900768,-0.04387697884471139,-0.0052280300066523365,0.004676139288942498,0.11249343900125842,0.015825709090544586,-0.009781574489437547,-0.0015930304703634702,0.026118109339412443,0.006499975968853618,-0.02796801195048781,-0.0061371119147865805,-0.013404043489025115,0.050518025707206385,-0.011750725929728152,-0.015517447645504173,-0.03537775585204743,0.024971591342079182,-0.02069264578619162,-0.9794739134919531,0.05860043931223418,-0.006013750646652219,0.058029580094838024,-0.03695321819009128,-0.031153788167462688,-0.03249713837764093,0.009925966368378267,0.0650864108031019,-0.013259965116438444,0.4696673150537959,0.44689924313640406,0.05435720641790077,-0.000791093822427823,0.12497509052860356,-0.001674632165600812
ELF2_wmot,0.0058454951695666975,0.006029922559715643,0.0018550418777539303,0.0073441094471654485,0.011367540878107383,0.006385202890621754,0.010515169447264034,0.0033251625360315672,0.002610578847172954,0.0039966643908991495,0.014853108670091555,0.011493970031278026,0.011399620946100319,0.004819065185659175,0.01345048656474534,0.007538176205772931,0.016008624200237933,0.0054878228521267405,0.010067882257922102,0.010860551608297898,-0.0037716230981150486,0.011291426272369929,0.009264187222203665,0.007947209942387982,0.0061610254920085395,0.010775081275457763,0.012217143128132154,0.002142701817042562,0.006279469803694142,1.0,0.002975795327568264,0.014738641567868426,0.0006545378837679867,0.012403826453376888,0.0019362978666504847,0.009064011013027914,0.002760026480197941,0.0014349705325137265,0.023389248109936246,0.017238269716278693,0.007869246233700772,0.0105456924542354,0.00587372489540409,0.006848043323011278,0.005218286830579095,0.007683609133975361,0.028389214430140655,0.00529966709457891,0.013889525969933212,0.008500699654038907,0.004847124390550489,0.020194401740525114,0.0006237728373612596,0.012365889638998224,0.013426355247164864,0.005573192209920775,0.013621581468701486,0.008434782673469858,0.0045626981141228635,0.023789863780990392,0.00784764175905937,0.021842045750638788,0.006872694845861342,0.005016444155408559,0.011156519843923771,0.016096189785094053,0.013475898324352016,0.01676175574619421
JUND_wmot,0.019105110243017306,0.023971051143606596,0.00889108354134891,0.023203122566976916,-0.008558038675640547,0.01731153802777678,-0.01124747613742958,0.0033225881391883774,0.027351256078760267,0.015050256105356617,0.020394397476902817,0.01963280271266946,0.02106747537101101,0.013170011070305635,0.03265253354033111,0.02335835699017268,0.005858889280906736,-0.03955545037091268,0.023894607009445384,-0.016408399044053158,0.04420158055904379,0.02274264962007387,0.02473364394440049,0.024314607569300026,0.016881512309043584,0.03009260813587964,0.02208438913810679,0.011805904472825965,0.020216833071213927,0.023588435263444205,1.0,0.007583760979936538,0.0013879933395756076,0.01963009557796424,0.0033430672482814244,0.06771174915499657,0.0031740859240374335,0.0033065464262506603,0.02280046779383356,0.021656518061694226,0.027313344190027063,0.015787301325988976,0.020155035480651597,0.021616732883982054,0.009440960363972111,0.012864552552987532,0.013356308588716916,0.020274841751740578,0.025640532488836163,0.015348576830858596,0.009221551224380684,0.032483595580999496,0.0025288016011060124,0.05646182463595257,0.025104921665095967,0.011495944589740513,0.014911143783097427,0.04843148130697037,0.015246944407856684,0.017137620428605588,0.014639336611428936,0.013821274797745843,0.018665681342489665,0.017604893954501752,-0.0003118173688791692,0.009688198377448802,-0.003108256869001873,0.03189200668505965
SMC1,-0.0299107659549213,-0.063204386032657,-0.021628355369833582,-0.012055171017663345,-0.0442955000658233,-0.03156861415775686,-0.07637245116804733,-0.050219796514617845,-0.0538788624033614,-0.043415503027663796,0.0716724222423249,0.033158706974958416,0.02256851134785747,-0.0052063574114116695,0.010428804339701584,-0.048165063144348576,0.06441554891598827,-0.07963013822828817,0.043864704064204,-0.021818446596196927,-0.07053113373982133,0.08413588699645747,-0.07690667925489841,-0.043536825031569776,0.028224110189066343,-0.0006544259155599585,-0.09585999938339951,-0.031675860962269604,0.037903597241677224,-0.035201580600137825,-0.05084889407694232,1.0,0.2311595751465813,-0.03364216421499016,-0.07357625030497698,0.049100172274961995,-0.055805741202197376,0.03390693308499843,-0.005433295936065673,-0.01611398420372051,-0.07218056988788363,-0.0653570799543522,-0.01897195422018971,-0.03646647367989846,-0.07025220768998522,0.5832387470075328,0.011395544524264787,-0.04627830042076322,-0.0731302716465347,0.01130145447282925,-0.01709847143838716,-0.017141110610507125,-0.1251768631828773,-0.04736363225250761,-0.013214650277162114,0.012386449041482752,-0.0026225686949411645,0.06709420880858973,0.005034721659951669,0.059015284890999345,0.001121683565366046,0.04167201535400454,-0.04902315494555097,-0.056790308406924686,-0.07506666544485865,-0.007922912015881037,0.023213415234793693,-0.012703520711092132
LDB1,-0.07875058605015887,-0.09541885059928353,0.0,0.21953969384917033,-0.15580419096322548,-0.05379299611474128,-0.05456347129612976,0.18954878091445462,-0.002936794314650276,0.06762937837958961,0.13320996238079336,0.13227275574211042,0.30604086138242903,0.12626914597234715,0.20947459510203634,0.1604113455834611,-0.03430868050557751,0.156218661406243,0.17604792916910256,0.1165806114921267,-0.199751183641222,0.21631263437646667,0.050600921285416114,0.09060124442488396,0.1150869411893445,0.22065824206990553,0.08933452198537135,0.05688539989836753,0.888780695652915,0.13864309041805656,0.12098890355463916,0.23115957514658125,1.0,0.30386912898601476,0.0,0.0746344267309809,0.3659823395001585,0.6596497308450511,0.05266010568366004,0.18653604617814973,0.08303510084027822,-0.548174506524485,0.20984505352364993,0.09341875795804552,0.0424605576615809,0.08598686335612514,0.024460843540056683,0.08125232116443064,0.21041040654101506,0.05606584897934967,0.13237111558552045,0.7458697550874638,0.2863792528313815,-0.6356700954805722,-0.3065984876285875,0.16057800077118062,0.19187006269781726,-0.04745061045941535,0.9999999999999999,0.0847404595203762,0.22640746341668996,-0.11664177149337378,-0.31387008935437044,0.03666929183980488,-0.26690545751613876,0.11567875818979712,0.14864853522854213,-0.041049221658629745
H3K79me2,0.01771496667792599,0.01545073009792882,0.008069381869170264,0.016333761353727924,0.029826384404742688,0.02130266113558525,-0.010398808438518753,-0.02685290770416018,0.007250040168335243,-0.0008035067054207621,-0.0007111428181142624,0.032430850961550996,0.030525938712655923,0.056440683087053765,0.1986681319473154,0.04096408777587082,0.09079408478729943,-0.028447185974886414,0.00351824048164026,-0.01975407537523542,0.0006938539138798451,0.006058841419625005,-0.002693641577907747,0.046128213200878766,-0.008264393792836508,0.03083713648195395,0.005754253805464597,-0.011037319706156037,-0.02844621377533864,0.025073833319742094,-0.0040660661882239305,-0.03364216421499016,0.30386912898601487,1.0,0.2444888346218472,0.14518807721901314,0.15762486351943386,0.006834680359800451,0.14273734540768207,0.05602597683103988,0.054717319670550685,0.049144567416498475,0.023268227576935058,0.015757911029314158,0.21060499576483366,-0.009832492187952934,0.04310555104420877,0.011106874552887598,0.03661663646996457,0.04957019503471916,-0.06895119468631969,0.11997690977649937,-0.4271565418298879,0.007202621462291651,0.06408167663573731,0.15497073926003677,0.03385368942497865,0.03419576178307217,0.31722074997627586,0.09099791050950189,0.13289377791994716,0.0731191149987595,-0.036613919388802006,-0.030505407567065507,-0.02447648047080855,0.07278665047425686,0.02624365928095343,0.09322732098122063
WDR5,0.05263336582569211,-0.04111409764129955,-0.01008107210573817,0.04469777398403119,0.04225743384647973,0.0986659449068202,-0.04443398076771901,-0.05722719671415269,0.04132934814736163,-0.07541575740376588,-0.00449212320080573,0.023278903965504718,0.05175703479166764,0.02170714411687124,0.1478531997154027,0.08249239736708094,0.08250375044245697,-0.0733574705533525,-0.04885661876274795,-0.04420565782679934,-0.035036897005707786,-0.06112169656525594,0.06302393567956396,0.04030076694946005,-0.018646571708520687,0.08156499771657552,0.024271123567185634,0.0019997331779756334,-0.04387697884471135,0.1544950743277733,0.040202239756834915,-0.016508216923566122,0.0,0.07859226450914066,1.0,0.1175586927752407,-0.04228148964581872,-0.17414485088262655,0.07292681556562466,0.10101503222089431,0.04538714728382587,0.05402841491192074,0.025101108473553384,0.09586402256566186,-0.017048600426338253,0.03805814568758029,0.10069852140055838,0.019834314962497625,-0.11610175677479827,0.16080568663858852,0.4446616458150452,0.05369302647108848,0.7113585798861742,-0.15717969881044838,0.40491048499568855,0.10192735038352786,0.13441919672986113,0.27215579061662143,-0.06952118756150343,0.17388545407178443,0.0862417711311165,0.14985920992688892,-0.04620409171151964,-0.031842383810591304,-0.011375017406111035,0.059730337910996176,0.06823202267651796,0.062117115986518485
H3K27ac,0.04218023875729882,-0.0917879997230322,-0.01794091895014597,0.09056479328017701,0.033894994736571864,0.10812683130251552,-0.019732799003030026,-0.04619062363267781,0.12619942512701907,-0.03252485946230357,0.49148619933614907,0.4376917569142012,0.32845047575225444,0.21204272024815965,0.5562502976262401,0.08885810644566583,0.15123750362982452,-0.0333048231271928,0.12782894634121975,0.11229704025336854,-0.009792829078566798,0.17018276321450537,-0.07372548611900173,0.14626625181017225,0.1261212179696455,0.27906203343562197,-0.0719168745446119,-0.013477707319786645,-0.003471216719394997,0.27844788140298804,-0.010584086054396358,0.05044901267189933,0.10570623609644675,0.1663809961650235,0.17667689006980053,1.0,0.011720927877842818,-0.028709752714066412,0.23593993555131432,0.5694676490188731,0.07237354614300265,-0.05512450411872038,0.16497407786746598,0.095468768139913,0.03347100730825163,0.1565292942706452,0.2522919550811954,-0.04752374908468892,-0.03960582936958883,-0.0001764728364891874,0.1088858665312633,0.6628328754044378,0.24301949041610402,-0.002283949153920995,0.3902081000356778,0.43464027448423836,0.5083231705867832,0.8025298767589238,0.3613158871989125,0.3989286835967424,0.22391911666648223,0.509219586285717,-0.11883710146757667,-0.13508413363203367,-0.14129850823869639,0.48697020023685134,0.13432375134505758,0.4468125827288102
H3K27me3,-0.023542212211766018,-0.0663582377864072,-0.0007143762447548905,-0.04341287367998867,-0.06163692793469964,-0.004875518467083522,-0.007883244235166322,-0.023231507741464583,0.010735375643965425,0.019326925312118385,0.05241106894810099,0.017486683215136287,0.0414688292639873,0.008243792509174439,0.15948127358775788,-0.008052961726707827,0.10292234820479694,-0.009829661187758366,-0.01239533068766027,0.02565329054184556,0.0029782260891189254,0.008018614961808055,-0.002707194047269865,0.02368106307580453,-0.00763006770057728,0.006032521272415985,0.00785409746825342,-0.03493326382253453,0.004676139288942526,0.0011032469329712437,-0.0009537517364201025,-0.0058422208153403495,0.36598233950015846,0.15762486351943394,-0.04228148964581871,0.011720927877842787,1.0,-0.00827475017768688,-0.006750228420546661,-0.019817733990807766,-0.004883558481454452,-0.04720628851243495,0.005681247913445508,0.013495421829297253,0.07865511377457865,0.027082281500254782,-0.013690608470106592,0.001534029933046706,-0.04957930658798121,0.0537434845281402,0.10682714917140859,-0.026058184518040674,0.9895443563799731,0.13521593649392796,-0.045984208241935484,0.03577114842055507,0.01419974043667938,0.01819801088039589,-0.13626813385317915,-0.045842797812806466,0.0030633160916427923,-0.007121688787007087,0.01732716821220981,0.056239114473588626,0.007397241230772852,0.027905811620591275,0.0565751473387416,0.08809503969425295
MYBL2,-0.03438459320146268,-0.04634742497022983,0.0006635903226739733,0.11807873844655711,-0.08543951422959693,0.03003423885888694,-0.07404754555914596,-0.039679028267350515,-0.03850372109673276,-0.0022291125155144355,0.13446505357866534,0.048453703373086264,0.035563567493868915,0.06211574097015536,0.005423558487216401,0.0718899408345153,-0.004222323044175217,-0.0011737199010388093,-0.08354647218941862,0.05744147975586664,-0.02405212430738798,0.09603158160487071,0.047818404047803034,-0.06618151050757468,0.05617939723728121,-0.03533736875954251,0.05096201391315008,0.004516950586493529,0.11249343900125841,-0.033977296869887166,0.077356466547283,-0.006169202626943821,0.6596497308450511,-0.08159602678541839,-0.17414485088262652,0.04006043216244152,0.04854356667207769,1.0,0.036061732093048915,0.0760220646828379,0.06701632501477373,-0.11152579879066676,0.08188283077162038,0.042906435936317044,0.048439593062596,0.05094374614742677,-0.08166542296523581,0.009101957373352633,0.07548761899195827,0.04455859068659505,0.02817939854648801,0.025708150041245284,-0.18805481790272544,-0.11158722032144314,-0.00971475999854243,-0.01729622292334775,0.065380298408127,-0.16073140189115395,0.2962110556281722,-0.05334165069146336,-0.07308029093337297,-0.0043161049983814,-0.011148407093021964,0.00835438460841166,0.012110463371022853,-0.0076916707971860475,-0.05776501544467607,0.006732813323978605
CDK9,0.01934045238740028,-0.03377922401638513,-0.007743596141161369,0.06505281126262168,0.019917934596149663,0.1895603922843862,0.01699050791508291,-0.006551018823037166,0.11543666408193441,0.0076533451902687935,0.12543719215945587,0.15438240965918182,0.1443345268673357,0.09669722384792084,0.14330221738266802,0.05960677615163484,0.14500296809456584,0.08437663289239689,0.04237237580023524,0.07630387679285636,0.009978412826277261,0.05328818062052579,-0.0011102527756392546,0.07843443720343844,0.07871398706156024,0.16344512744422876,0.00682188586332249,-0.000547692371642635,0.01582570909054458,0.12200882354528397,0.00488666773372464,-0.0052785505211409315,-0.10015056968531347,0.14273734540768213,0.16957952313335795,0.2359399355513144,-0.006750228420546632,0.04125757724107922,1.0,0.08230708429393001,0.04749743509033852,0.03533474465975944,0.11348406066868644,0.054700949316003396,0.5473233610625998,0.034141971809659694,0.3524916955986836,-0.02616991755056816,0.0030447755287149655,0.09807116395280374,-0.009678830620435851,0.22814539386897603,0.12258072535052926,0.030442859427647205,0.18263565363348874,0.21432035144845046,0.11318560590249342,0.18902476763778123,0.34831504298894983,0.17372307535605278,0.29498408260471265,0.19238931650162727,-0.03359107005704814,-0.049170231429253385,0.004644068534776608,0.20158496542502277,0.1181075789562409,0.194257856953853
H3K4me3,0.017384392254197457,-0.11774514589733369,-0.051626099535550855,0.041120986084371196,-0.013683520032535326,0.012176557655620809,-0.07878133743377412,-0.09283593228605783,0.07882493575651812,-0.07193557832880042,0.4454476813313676,0.359333597576504,0.2513486147688523,0.12136528701324323,0.24928241569635365,0.02503977877297102,0.11676478871555127,-0.15056672394473522,0.0982535728163752,0.054086319800871606,-0.053287997354577336,0.1208367638063289,-0.16038624521041384,0.07089279468038961,0.10189385648228282,0.1692157549565516,-0.08663069022934522,-0.09066224904292798,-0.015229286789985204,0.20372705234753288,-0.06975156377382637,-0.014957704221531237,0.18653604617814973,0.06305933489695562,0.09588412403988239,0.5229654603214934,-0.1651292692199301,0.020810751977529827,0.07449915469329878,1.0,-0.008639356801706249,-0.08884161599210483,0.05457484555648777,0.015835686037773154,-0.09629350679109895,0.04893570240972551,0.028885602987366053,-0.07490642261820755,-0.03719638096121814,0.02476902762767027,0.19443819051008968,0.7698333706622223,0.2501295623403989,-0.14929385300291823,0.09807407204346626,0.22459081933253228,0.4977006840190852,0.38990869323210486,0.27801184356503283,0.2708056591035557,0.004486613776829955,0.3574372023436187,-0.19401346523695231,-0.23321660847687084,-0.20096324161181647,0.22703504380011508,0.07555429337537059,0.16245741723294815
FOXP1_wmot,0.007535994607083726,0.010461814331992687,0.0023708817191376275,0.006488202548218598,0.01609559715320396,0.005997938123646701,0.015732587548256488,0.005268888851919694,0.013307131101922881,0.006190451511252112,0.011892599745223715,0.010046294001892712,0.010214337464972054,0.004869319694848737,0.010350985651994177,0.01012339349435978,0.017936746817003062,0.007488740131553327,0.01088114603138475,0.012023024816062525,0.020844064083871326,0.011167455929320627,0.012445364084516014,0.010077851483926162,0.006426666127740133,0.011184677010198374,-0.012479430513062027,0.00405792506895653,0.008723432902310065,0.011930354854733467,0.004869319694848736,0.014967360470215177,0.001193238739098761,0.011666772665671697,0.0016925789898023318,0.0055494849931459304,0.0026300221399953878,0.0014136898296236303,0.008836719114734777,0.013940157145358501,1.0,0.017057688857194764,0.006465481606707866,0.007831754988632526,0.005000436669635657,0.007282059794019128,0.006696860187458873,0.00814094087650583,0.011901501401828956,0.007961191532079087,0.005064108065132389,0.01759307508076872,0.0008229810254289272,0.020824919568112058,0.011987873606705737,0.024528256023512003,0.010677013171493329,0.0012498728378857536,0.006238738275887841,0.02439662261568911,0.020504519343846422,0.023345874766604716,0.008667432376581533,0.007107825552014755,0.004423544492998805,0.013488897367697102,0.013391913007060585,0.01489735006556903
MLL_KTM2A,0.007635970493114677,0.0037213747454777767,0.018512105541268406,-0.053327954769845046,0.017943589358039736,0.010380737658910896,0.051991378313623424,0.026102949829206825,-0.010246989959270246,0.01738666674233755,-0.05937413577682223,-0.027606586748685737,-0.04293510191747438,-0.01464886253341187,-0.008169804532723023,0.017670163369709495,0.015346170637064145,0.014878220039658139,-0.03430680135497562,-0.0031626679994159056,0.02884323731157836,-0.03380343952353291,0.007286723355547923,0.00273849983225722,0.006265427377896043,-0.01162027717687913,0.011350761614450802,0.014451272544874516,0.02611810933941245,-0.019047065881041544,0.028970207700840293,-0.06535707995435222,-0.5481745065244851,0.04914456741649847,0.054028414911920744,-0.05512450411872037,-0.047206288512434996,-0.11152579879066672,0.025726165180430277,-0.08884161599210477,0.02154463043464339,1.0,-0.003977963358826851,-0.0021520606779976688,0.5427785122955949,-0.030945629309466555,-0.007185163469952907,-0.005060073013396801,-0.02335543632310904,-0.030820895719559538,-0.031300701303591257,-0.07039625463672858,0.6576448962041858,0.10193227395029568,-0.07168870352057803,-0.013272631249655876,-0.03688523676381667,-0.03777342657010912,0.006790356660386138,-0.05230088631375224,-0.025812613011992728,-0.060602673985158104,0.02727261046441141,0.03813253597784129,0.021047978418389218,-0.08598098026687608,-0.018418367573090993,-0.07180852778645151
RARA_wmot,0.013346970156230688,0.01388280266309309,0.0032929348336061875,0.0026123672685870476,0.02603857645476802,-0.032058111606109795,-0.007141218661834106,0.01066816503406604,-0.008338968638724634,0.00945637352487374,0.030721020489423986,0.027047152063222998,0.026703482796188577,0.014054812072438335,0.03126112285816445,0.01802582618414236,0.010598132192577313,0.015447409241627588,-0.01426110025899828,0.026332903846813804,0.0001883309919693031,-0.010410083356499181,-0.02300387203816086,0.019590078297149916,0.014847737990986862,0.021497072037685375,0.01682004927798771,0.0071441743599966545,0.014611898850802987,-0.008570596388256668,0.009668194820994104,0.03137386565743592,0.0009972611930216904,0.024147844763033995,0.004595032996189214,0.01693335204648229,0.003623376264425528,0.003743653353095092,-0.03955637951353544,0.03221838196389284,0.017403842952978192,0.026287692128016488,1.0,0.016383479727254072,0.013830481630481476,0.014945847315827793,0.020183250102984603,0.01260759395684601,0.02784474436349533,0.01714778460007212,0.009747340492222678,0.0411126284485367,0.0020660976115954117,0.027224436647827192,0.02508209254153674,0.06320816765961519,0.02528165776465202,0.016611362380120415,0.012061087269862453,0.05333144800349275,0.053528225046300566,0.011809101305061135,0.014524746351383597,0.013892507266197207,0.003096308381262395,0.03339950251356497,0.029104056827987897,0.03467528923740127
IKZF1_wmot,0.011659472751156894,0.014045137024114812,0.002768294783606964,-0.010457282382998794,0.02126152006223186,-0.03402171102549902,0.020610406763182817,0.007504239404135897,-0.007819472156806055,0.00772611824530203,0.02019792744645873,0.016825593254505018,0.01691969865324185,0.008197299817927635,0.021286813825440037,0.014100340651516075,0.028025941024612765,0.010548988620287235,0.016043031359102414,0.018165796233708,0.026464959877851288,0.018324740955174026,-0.01578029192443227,0.014336559082254247,0.011849923858472737,0.019536947373277158,-0.014861297375917204,0.0049009448323777925,0.01457812958300219,-0.009208804511391031,0.0070567061276915095,0.022771384590368246,0.001218197612726512,0.01738114717091849,0.002835632387099293,0.010046756777578804,0.0038208946122920283,0.0021245582544605654,-0.026878314081638027,0.022738747316092694,-0.018830623610659222,0.020881560519416177,0.01097859028273521,1.0,0.007765158685488255,0.011981750630745282,-0.0012062856676072207,0.013427315312648342,0.022901043510372282,0.013472059681252719,0.007879474277428182,0.02886090989868428,0.0009797082097238769,0.02495474169785171,0.016353943286546487,0.04215689932550612,0.016896167043656388,0.007533820191067357,0.009753279487334553,0.042257033421577855,0.03715486702570132,0.011488886794565919,0.011269766701021892,0.009353350773320921,-0.01171136076724535,0.02098583336247489,0.022605233949951842,0.01059560890804885
AFF4,0.05891110215176693,-0.013381985502780344,0.013953693693866889,0.004910442612001708,-0.04229279602820512,-0.051560846460604375,0.004103577457793876,-0.026642245205356074,-0.06552367327882874,0.04137078832637272,-0.17783461282338656,-0.10710216579141253,-0.03005706294717032,-0.08471649185314109,0.03342324905145252,0.022928229642952023,-0.0561082239215755,-0.04024199027991038,-0.026946619825601783,-0.03736494969555577,-0.010347901017332307,-0.031511232574413246,0.0018090346378469024,-0.0777320837815818,-0.0176256703571836,-0.05612843608170142,0.005040022403178152,-0.0039924591276115215,-0.006137111914786569,-0.06302883148648508,-0.00801452092301579,-0.04362103978530012,-0.20845777364525897,0.1485979743103384,-0.017048600426338243,-0.0030287111779716287,0.07865511377457858,0.048439593062595966,0.3702547385829787,-0.0567577337155708,0.033208682833564505,0.5427785122955956,-0.021420732915315707,-0.011306422953273321,1.0,-0.06468178133565848,0.05339645370333926,-0.02088973683299677,-0.083410085047327,0.09527630855600197,-0.03612667090955501,0.11101251408193849,0.05990169829066889,0.07324715772357673,0.03276969942342466,0.12507241838606534,-0.04857135179626674,-0.09905771867842582,0.41062430201555367,-0.06824554443490843,0.12298249970640941,-0.09559193459650318,0.0034005739088575565,0.06108919035403844,-0.00845877902710112,0.023287385445963378,0.048332839132499215,0.009870275907234462
CTCF_wmot,0.007351722313415229,0.007628860622563606,0.0025005078968917136,0.009768372402245986,0.01421798689149808,-0.04413592066953007,0.01387534251037556,0.0039517849624549125,-0.011106840366501223,0.0045049882716625324,0.01941190558057052,0.014186387917845072,0.01466142356869851,0.005595995126527137,0.013891833800130204,-0.024407970210587913,0.010458940983261963,0.005481956440737659,0.015335859180713823,0.013753810239456198,0.018436267784260028,0.017862494265705763,-0.02340611151838271,0.00933506241920125,0.00835125819354149,0.01307969203432968,-0.022695968837490157,0.0026923655082593265,0.007208473857386923,-0.010747702541043791,0.003015469060174951,0.03144727045104561,0.0008826216653365146,0.012404195700383877,0.00248151902780915,0.011917663051755055,0.005377890986061095,0.0016947658519965946,-0.02915881800805633,0.021770680776842025,-0.024763509956195782,0.008566063301139817,0.006822848016867791,0.008046837476830987,0.0063899909822444385,1.0,0.004500458892722642,0.006695161579907014,0.015699547009819473,0.010928729037986662,0.006321194815165385,0.026243798225292183,0.0005943722921020251,0.01050931810371598,0.01520681382035716,0.02432502583867259,0.015597525449736856,0.0108006470945108,0.005360086601941551,0.011232291390761992,0.02160380979180472,0.007273106341250297,0.003947632784531537,0.005586587733284518,-0.03547655055047617,0.018120153973587082,0.017036182287176786,0.018376764168004645
BRD4,0.007476341609875841,0.012474856943450376,0.0072953420276818,0.02145790710138461,0.03973919204413441,0.11319490254153591,0.03196074939419158,-0.01529320413866989,0.05689775504812836,0.028950739814918105,0.1146937023504588,0.13086632067240944,0.14799762203535177,0.08987046642855288,0.13519549756215074,0.05675504532099428,0.0950162131829203,0.08158535732986803,0.053546647104609185,0.06534461450348657,0.02916086182566712,0.056224088746211515,0.002291408207938057,0.1158254486279757,0.06873512601255459,0.16413842902629008,-0.011214546742005418,0.05303821458015802,0.06583526485770747,0.06634451528128746,0.023773679551946536,0.01141163250280061,-0.15069539523000564,0.05262767601719286,0.22252218199515927,0.21561709936192497,-0.01369060847010657,-0.009698531594527281,0.29899214562097337,0.02995700652138367,0.06281185237627368,-0.007185163469952916,0.12097380535916462,0.06546327578862568,0.11112819945808987,0.030122217944174814,1.0,0.011719377150941113,0.03919250570525726,0.028787530332146975,0.011734691600980975,0.1458680641394904,0.2531995243704829,0.08082934381413037,0.1967345451450172,0.22631397512637053,0.06650264004554962,0.17436074194416643,0.17351605761438638,0.18188070985079718,0.33471160891086676,0.1572089139349361,0.03750826659856689,0.020660894542133525,0.017280395204785505,0.18522663356804717,0.06864745976096481,0.18907098046545773
CEBPB_wmot,0.010205060430389698,0.022207353424282684,0.0023152750744711583,0.006692387523863107,0.015207227205106878,0.004784697355864675,0.013521255825075436,0.004731131935862148,0.01095772299139401,0.005932397615140155,0.009109981274867913,0.007362069549840983,0.008004735048505957,0.003935606069320177,0.009757228759060424,0.008405349222196526,0.013330434253934287,0.006166750514627,0.010322993663859794,0.010716275464103472,0.01899479900841315,0.010538897939377323,-0.02066320228583435,0.008062625265992019,0.0068346609225480165,0.010105649058962347,-0.021345315041981422,0.0037610194944388067,0.00855848452171456,0.009540349568708488,0.004591003050613559,0.012090188605043977,0.0011937126781238934,0.0100228062296634,0.0013786050377050064,0.02257866176020327,0.0026270459138802186,0.0008495483094004226,0.018983323947968943,0.009860546636402618,0.009943981732437428,0.016654779679295042,0.005867875425632218,0.009001006610687794,0.00371844103429444,0.006729487796675274,0.021628974103460298,1.0,0.015490761870959595,0.008062784006083607,0.006132862178839314,0.01407238280481667,0.000937502559669667,0.02140058325289473,0.011356641126800316,0.020301336628026363,0.007261914524787159,0.01737665362753921,0.006664844842821108,0.022940104947006018,0.018071416152075668,0.021638790078909603,0.0070496774304137705,0.006480806025371812,-0.0024102610936156837,0.010913763019841706,0.010218433457900484,0.012572197986390208
H3K36me2,-0.031107718757613766,-0.03684808067624959,0.0023928458366048143,0.001774308381418401,-0.027025969967491084,-0.00010193605405326736,0.0027607027392823552,-0.003296182912277457,0.01578747323067202,-0.021287905842463633,-0.013321111741258999,-0.01283818817588554,-0.00640907791810038,-0.012059407522871117,-0.023878197503237247,-0.01786150824999262,-0.012537682061683143,0.02308304504711718,0.03247517015359252,-0.007445628621079545,0.005673759512169329,0.03962366751204305,-0.014505900689513414,-0.0052831034983126255,-0.015823712392855085,-0.011812717093512726,-0.00037808093206455297,0.014082134962583906,-0.015517447645504197,0.013570147822711025,-0.00581408154434437,-0.07313027164653468,0.2104104065410151,0.036616636469964575,-0.11610175677479831,-0.039605829369588834,-0.04957930658798121,0.07548761899195823,0.003044775528714963,-0.037196380961218134,-0.02004961710146201,-0.023355436323109043,0.008470808030317637,-0.03620177143371555,-0.08341008504732705,-0.04751155318701073,0.03919250570525725,-0.03465099970390118,1.0,-0.04651378153529352,-0.025290185709617795,-0.039775845019011186,0.10237683304471162,-0.003407208333767586,-0.007570680826548662,-0.006713508841847473,-0.02669224309796607,0.00987283436853932,-0.048587433258770026,0.03327599089873816,-0.000996786302600884,0.02150230789116485,0.02669721842976069,0.03130515984672812,0.005908979779955454,-0.025788660430790415,0.009364622871863409,-0.021723819550597025
PSER2,0.00357686054190074,0.009312507610628488,-0.00725749817022807,0.006109881026177752,-0.012388054722844823,0.005872157634651313,0.011069224077266128,-0.006224709163878612,-0.0033744896762985073,-0.012436133662838442,0.015584979348865604,0.0012332196584106463,0.051633450948060704,0.005172974361250188,0.008102841695385743,-0.007739275919713381,-0.026726150569059727,-0.008880835685583375,0.03398107602586406,0.013641870937044038,-0.004235121738361498,0.04107882794800638,-0.03406224693103848,-0.006298859382623757,0.029498163437666654,0.016033306277059154,-0.019660713857787924,-0.02587278555470075,-0.035377755852047416,-0.001296942980803586,-0.017918204790736456,0.011301454472829237,0.0560658489793497,0.04957019503471916,0.28755406545085477,0.0019568173235208226,0.05374348452814019,-0.017895376608748882,0.09381619123781178,0.024769027627670286,-0.029552482601961173,-0.03082089571955951,-0.0009518728495418445,0.00826275905937244,0.14499679846283317,0.03455207355147876,0.02103228269401883,0.00986842310925341,-0.07276639285866691,1.0,0.17105482091313187,0.07959498301620534,0.14923907786784643,-0.09356773850951837,0.12710557415186088,0.02626279868928859,-0.0005651169713009639,0.008661513799553587,0.2281376499023054,0.037331281517992296,0.09683897606909245,0.0353047097295175,-0.026486246804433754,-0.03581221925606522,-0.013202595203970699,0.05217390164392848,-0.0006920535324849049,0.0391610165324584
H3K36me3,0.02953791686334981,0.006401209555775301,0.008162365151423573,0.025367020280678672,0.015724888913767426,0.030233829583462973,0.024996537260760357,0.02620014572726485,-0.004010708490538323,-0.005520143929966131,0.062179022648376,0.05657684317480785,0.02576785619560673,0.046036890637130734,0.03413653782596439,0.03531404994144281,0.08398105347293397,-0.02228773708234112,0.03141440223525598,0.018756358647788237,0.012225356613707232,0.033183016122274346,-0.011151725234900321,0.030638331652961696,0.028950874149622843,0.04720433082801508,-0.005802224060310916,-0.009191056475623285,0.02497159134207917,0.03667185318752412,0.006086709695636283,-0.017098471438387157,0.13237111558552034,-0.026909658100317778,0.4446616458150457,0.10888586653126321,0.10682714917140862,0.028179398546487964,-0.009678830620435838,0.19443819051008962,0.019492982183506247,-0.0017182453215605316,0.035376389377758534,0.013441626607755804,-0.036126670909554945,0.02434162691298216,0.011734691600981017,-0.02162815243302255,-0.025290185709617823,0.0923902343132478,1.0,0.10148110770360487,0.49644781125229054,-0.046711753969658765,0.05596248821644545,0.06788780359322796,0.05826743404138127,0.047462299677875526,0.07511736589688629,0.06607728235047468,-0.010863793628119208,0.11588102284053231,-0.04760293142282423,-0.083416326578222,-0.023681484555972267,0.13070332180045957,0.011674485603819049,0.09323069293805986
H3K9ac,0.02585551490128155,-0.10932266361165978,-0.029663628927957396,0.07123303553017396,-0.004373547987813747,0.058089233649146185,-0.08785708216935831,-0.08711668175526728,0.11834090945172995,-0.0525352826042455,0.5199296497280235,0.439061267482077,0.3301278436990079,0.18656934349560045,0.29098466720772953,0.042297659314696257,0.13038776926564244,-0.12279867286519369,0.12060070763822694,0.06923338068742382,-0.053217365373257754,0.15002020408533126,-0.11188516345520252,0.10665612497562174,0.11108246372424618,0.2391244511933193,-0.07688036120757379,-0.057026965070585904,-0.027831793671963048,0.2636094534813703,-0.054143589335573374,-0.017141110610507146,0.7458697550874638,0.14319863815702272,0.1312689449311864,0.636555201880115,-0.16073167518193768,0.0007766277024488103,0.21821029026147507,0.7226269379672735,0.028188314065205975,-0.07039625463672859,0.09986727797289431,0.05594784662433849,0.18958719610515756,0.08662462894685068,0.13722489590323445,-0.07321858015351043,-0.039775845019011186,0.07959498301620528,0.10148110770360493,1.0,0.11184988201664184,-0.1273871776654251,0.25552010276137455,0.3040473734078475,0.5622553919595372,0.4957249021608496,0.48381351955347934,0.33380576623619124,0.1456938678183081,0.4444179192016242,-0.1771623631228774,-0.20925464980663622,-0.17913178021446197,0.39976795867645815,0.12294135434743989,0.3333657960741648
CDK13,0.46742708515113585,-0.00246405967676898,0.0,0.5795370999975725,0.04677768141815716,0.0014835814070072767,-0.05018557499539588,0.0,0.027527848149369656,0.001114082094793325,0.13099597944123081,0.12189862996577983,0.12333854457730158,0.04023832159368017,-0.015933605723692474,0.06621471769455312,0.11751464255384181,0.03387327508567003,0.12622855196178873,0.07656704135798661,0.15504201386557062,0.12657038364361664,-0.0853136400271187,0.1169943949617188,0.0893540989830519,0.1832768423719094,-0.25087935138301537,0.04338651860083786,-0.9794739134919532,0.1738458623376433,0.078930741485236,0.12102768884273746,0.28637925283138155,-0.4271565418298878,0.7113585798861743,0.24301949041610413,0.9895443563799731,-0.18805481790272535,0.12258072535052922,0.250129562340399,0.09154245656450508,-0.2742516751042897,-0.13225256911932123,0.09285698077208002,0.0599016982906689,0.2725103043297269,0.25319952437048293,0.06814044509314521,0.10237683304471161,0.14923907786784643,0.4964478112522904,0.11184988201664184,1.0,0.14072437470698182,-0.2071398194855707,0.21351549301958575,0.3231252606649347,0.6757406011095638,-0.10981386924453106,0.04543737731063004,0.028690072158730644,-0.10541723765041769,-0.030946583953219725,-0.006231750780551939,-0.06186842610386515,0.03345678779169545,0.03332804481420319,0.021293945572615946
H3K4me1,-0.010206940856489937,0.007689394409771777,0.02383463111767418,-0.010615456886399652,0.026698194571901517,0.023044333739476747,0.019523352369468026,0.006346502891672524,0.0084414263466676,0.023607196205086105,-0.04723214247045344,-0.021151579514952657,-0.01777634242014322,-0.005965145689369875,-0.01091562471193524,0.022448436590111608,0.054497604086873604,0.034745209580512,-0.008464680446190328,-0.0074599778649227415,0.023161441716998805,-0.0166335068208647,0.010813371583047926,0.028823791129328636,0.007615146136703286,0.002347931501262673,0.010435590863247851,0.02549373966414721,0.058600439312234194,0.0010844208676635417,0.029296060384376234,-0.04736363225250761,-0.6356700954805723,0.007202621462291655,-0.1571796988104484,0.0013810249823734196,0.13521593649392796,-0.11158722032144311,0.0304428594276472,-0.14929385300291828,0.04421725794449935,0.10193227395029571,0.012897030158435227,0.007609386012644416,0.07324715772357668,-0.016090794759917402,0.08082934381413036,-0.01223392306478018,-0.0034072083337675827,-0.09356773850951838,-0.04671175396965874,-0.12738717766542512,0.6715899506653108,1.0,-0.05262014405538506,0.017231343029344093,-0.02989618497762359,0.02275467560994463,-0.026752941721646946,-0.02409485739363702,0.02815601810383216,-0.029451776542487176,0.04618596433868356,0.04255129564019917,0.017622407388825395,-0.10130143990677941,-0.030864739717207535,-0.08057690419160564
POLII,0.034697415355783454,-0.0584603377280151,-0.012127453906155633,0.02415047428470073,0.040416742726267295,0.07024240889346982,-0.00016860115977116794,-0.01804661676773034,0.052526996384021786,-0.0061922636493305806,0.23613129833622604,0.2200324969154419,0.17616981618127506,0.11994451772415715,0.19946586260860022,0.059131269757298086,0.06754784422551002,-0.020281779483943767,0.05984250831432671,0.0766138301294163,0.008223449489147692,0.07222881627785716,-0.04373403005469886,0.08914983541050647,0.08905004349855392,0.16956484887328607,-0.052006951663329956,-0.0036623129008524495,-0.011132624794794928,0.12542595165291764,-0.002577607614542154,-0.010709125805434087,-0.30659848762858755,0.08199435667369033,0.40491048499568866,0.3795085910291491,-0.04598420824193542,-0.0937597121086014,0.17721584817345212,0.11663070054308051,0.06043823591482834,-0.07168870352057805,0.10178023395594923,0.09796876932402897,0.0811839810374147,0.06387313343552575,0.2591840260052494,-0.0269048126336071,-0.007570680826548646,0.1271055741518608,0.13688835018980267,0.2793074999381908,-0.20713981948557064,-0.052620144055385065,1.0,0.35070591011473684,0.21668961977124482,0.358635265544668,0.38859515332846944,0.20646926961332812,0.37297998764960844,0.22523371878087248,-0.04979853012171739,-0.07185381169852793,-0.07630601926149888,0.7521282265595006,0.12461042941828182,0.8087805405244315
MED1,0.01134001391239015,-0.05642201661864722,-0.006133610651145757,0.06459555565420248,0.025762462770591712,0.08304726428498177,-0.02030957205591671,-0.011859609292004794,0.05799369584305973,-0.013382462454847121,0.2637516465546104,0.2407675171487274,0.19407704173288567,0.1606336805824245,0.3945719377929782,0.054847655643493844,0.17503805124661198,-0.008911463646039945,0.056243748030756616,0.06657999411583322,-0.009956545002266372,0.07612702089875091,-0.03934175509740831,0.0859048551978046,0.0807375557357055,0.1839526920347681,-0.030433887218641636,0.008588985250302413,0.058029580094837996,0.12354654181150326,0.022689333986750805,0.012386449041482754,0.1605780007711806,0.1549707392600367,0.16393535222262712,0.4186754369020519,0.03577114842055508,-0.08300903801064613,0.21432035144845052,0.22459081933253244,0.03956245535834423,-0.013272631249655891,0.1269937124797515,0.05273959812860929,0.22007436837565567,0.05674829860808551,0.22631397512637055,-0.028674056332910133,-0.013648244893246408,0.026262798689288613,0.06788780359322795,0.3270437983665239,0.2135154930195858,0.01723134302934409,0.35070591011473673,1.0,0.2411153753905699,0.2688797859449412,0.36992202443573685,0.29414940956036695,0.3417033436681717,0.3034841410044489,-0.04069300686978304,-0.06221061132132672,-0.06209490754689462,0.3637367535487999,0.24195436272435764,0.3817240755154007
promoters,0.006419518306728174,0.005297234049190159,0.002512295519297213,0.006108681331725482,0.01185182053667827,0.005538231786668323,0.010556832295717467,0.0026772811492636497,0.014134530904346278,0.0035688896633461987,0.03343074601470039,0.019588139725611936,-0.0011915131355289361,0.006576713380160012,0.02081713240161974,0.008804890708030045,0.023227426363191455,0.003908834408581112,0.012674608617839391,0.012994531250641025,0.014492055612315051,0.015007279611133689,0.007174664317583185,-0.013793224915711413,0.007900546091198805,0.014077596067406275,0.00765456759218802,0.0018914406601765277,0.0075352683703130635,0.01725481173844948,0.002374853246431326,0.006172701210128214,0.0005391350358659896,0.0030517044565992464,0.002748832039357123,0.008619548279491648,0.005331857476161324,0.0021723457343932745,0.011673873149091806,0.017164144713058976,-0.016308912171748007,0.006751329397314166,0.007071076712177843,0.0073371972984847085,0.007692858171586138,0.01002452862644106,0.006422474428956027,0.00489662320306261,0.012252718412968535,0.010747796837067919,0.005026232291943149,0.012037510158365572,0.0004997254001297869,0.0062350199587336876,0.001946339472912709,0.03271721971512928,1.0,0.0,0.0,0.0002261406841818212,0.001409060545973638,0.005286022796364764,0.009003805817815156,0.006426532062527327,0.003346228804081936,0.0002659889303834709,0.020664783065576536,0.005117296692086768
enhancer,0.029989357790103394,-0.04642888850574166,-0.00500007307387696,0.09287538105568963,0.025654224878076625,0.07789260309980357,0.0037252409599152878,-0.004205380432738769,0.06855259032998884,-9.633016851406889e-05,0.318277198651001,0.2905897389980024,0.1892692958435534,0.13197741938327573,0.3692066740211032,0.057830229416901795,0.12221048206654639,0.022662074840178462,0.06658677466390363,0.05782017997598859,0.002699765812376822,0.09082035232111813,-0.02667207680759963,0.09430009885069583,0.07923460003633483,0.16082909911473423,-0.04733494884525467,0.024820867036280538,-0.02279853537547592,0.13828224253377788,0.02620645861195649,0.07452270013215578,-0.07006201275049304,0.06821972617761043,0.27215579061662126,0.8903270856968932,0.018198010880395892,-0.16073140189115395,0.18902476763778128,0.5306541324109071,0.06555891378766075,-0.03777342657010909,0.09846629920795415,0.08567210984513085,-0.03416041019305196,0.11217649102548985,0.2648324307209649,-0.014059342022770949,0.009872834368539318,0.005685293126906486,0.04746229967787555,0.6011556029287345,0.6757406011095636,0.05019390821728266,0.38958076099020106,0.3463475386820684,0.0,1.0,0.0,0.3064704496780373,0.2200512082723718,0.4047056615499221,-0.04348576282333139,-0.043028710800566514,-0.05601537117420937,0.44601889795428395,0.14133559579731886,0.41470649376867325
super_enhancer,0.021614131587611565,-0.0258502890342762,-0.014475435210675595,0.02605811128650534,0.01652982282716616,-0.013939132021733814,-0.021964750788507598,-0.019973072239753503,-0.012191824338281372,0.02479082866580856,0.1321870163656811,0.09400211093995518,0.08938280658258742,0.03670853058549936,0.16579462068871384,0.022133791828255766,-0.01114691329850143,-0.01938793556268336,0.01570301188355693,-0.00945336670649714,-0.002815674579014943,0.03079589749700273,-0.033334235811315824,0.02089325773607388,0.01503087919116162,0.05759556852833813,-0.05335496188779508,-0.007797644187533235,-0.03249713837764093,0.02291668026883548,-0.021203528069055455,0.005034721659951678,1.0,0.25569305854672897,-0.0695211875615034,0.29626824626694326,-0.13626813385317915,0.2962110556281722,0.3106127333350853,0.21620732617677788,0.05636363257008696,0.006790356660386099,0.03669058199367745,0.049182567794139716,0.41062430201555405,0.023798624960119766,0.15021916156008694,-0.029497424042451804,-0.04674106059462403,0.2281376499023053,0.07511736589688629,0.3772271827523421,-0.10981386924453107,-0.02675294172164693,0.38859515332846944,0.3699220244357368,0.0,0.0,1.0,0.06359540933776099,0.3885573200055009,0.11514388943053815,-0.055738397859389874,-0.05439375391172243,-0.06129323137595503,0.3475640719178846,0.3554073966551384,0.30041345254605534
MYC-rmIRF8,0.016679495797442646,-0.06932558693078272,-0.02308867814265093,0.05883657387341274,0.008365929193403865,0.09942830451011116,-0.021021077962300315,-0.015231802162522632,0.07653487802701013,-0.0334368359519739,0.32510096829243823,0.2821725859533343,0.23265958220783234,0.18510573715517378,0.1707879755864919,0.05942783644004384,0.1885940601116675,0.019142042550893835,0.23259950793598344,0.10860028396098086,-0.014668867275792823,0.23835867144518763,-0.05626687928383401,0.09477474143121452,0.1118547504704675,0.2338443748576641,-0.04408084884154393,-0.01650598889838214,0.0045746495570166325,0.16583994889788758,0.004634330732109224,0.059015284890999345,0.08474045952037615,0.10818355860902998,0.4156054226754848,0.37482864573757285,-0.04584279781280647,0.003967236156567096,0.16357636517128024,0.27080565910355553,0.02337912121022288,-0.052300886313752265,0.17417000004887187,0.05183783488178518,-0.11914699266178642,0.102782739615425,0.16546001682390055,-0.03740879998529664,0.033275990898738145,0.034048939075792754,0.11893030154504751,0.3338057662361913,-0.05669741666182646,-0.02409485739363702,0.20646926961332823,0.26877942411184513,0.2847877403655015,0.24954710041887457,0.06359540933776096,1.0,0.3144827408086949,0.7220774969428811,-0.07827385486883708,-0.11319643234673943,-0.07993015208085451,0.30972723329159374,0.14893328278984203,0.29268982073910216
MED1-rmIRF8,0.021293272650397873,-0.0069282767850364696,0.00019827212304242422,0.06298256612118479,0.050970372089733935,0.11168830660651363,0.027647794327138032,0.023961498353883982,0.054096069632607525,0.0363353328178607,0.10857372817470565,0.1274960430950536,0.14740641619905148,0.1648264793671247,0.13669137163928047,0.06516223836995709,0.1428940499416242,0.07419213940000385,0.046074565460059586,0.07076728014689132,0.018344306793526232,0.052751576442111626,0.005705463705953514,0.08769362155420114,0.08501630691538013,0.20174324675886665,-0.0001420390476524374,0.025699900136493512,0.06508641080310189,0.06344921192037156,0.03486425070348101,0.00112168356536604,0.2264074634166899,0.13289377791994714,0.10863699233962856,0.20244486395066577,0.0030633160916427975,-0.08612063087720147,0.29498408260471265,0.004486613776829965,0.05614362579973688,-0.025812613011992742,0.16008612632804825,0.06545203252120571,0.18674927131840552,0.031163091166081,0.33471160891086676,-0.0069057660589991665,-0.005842910132101169,0.09683897606909245,-0.010863793628119211,0.15742027179843573,0.028690072158730637,0.028156018103832156,0.3729799876496083,0.3163134564380002,0.046118450445881344,0.16219225882319926,0.38855732000550103,0.31448274080869487,1.0,0.23204074957104062,0.016665056840707574,-0.02813569343395615,-0.0070687537392235345,0.30784984351548667,0.19646167486093316,0.431616326879541
MYC-rmMEF2D,0.016384307483334255,-0.08307173208931223,-0.023626581305965646,0.04698922586116528,0.011500770652937954,0.103628904504483,-0.026341969639650846,-0.014943083147970288,0.10534022935414575,-0.038609920013614324,0.44368988530174924,0.3850479384932354,0.3061656741779047,0.2095344410930378,0.20166320770755922,0.07285076985819433,0.1784619267735587,0.021350955133056064,0.2598107135480499,0.13629055388860065,-0.019919899387917033,0.2916854486441605,-0.08357468405952316,0.11836367708459042,0.1295712765122421,0.27361816333224886,-0.07720593558438987,-0.016362734110018665,-0.026726711817128688,0.21864281279166264,0.005705610083165361,0.041276092150032244,-0.1166417714933739,0.08313677477911915,0.353866117995919,0.49914205305504,-0.07686860944943678,-0.07535248680611527,0.18822638016093524,0.3902334885881359,0.036503808159474224,-0.06060267398515806,0.18367768455027378,0.07576758240249329,-0.15224762879666479,0.13250803262378869,0.18572395499367148,-0.048488152813437005,0.021842530291836058,0.03433501633860826,0.11588102284053234,0.47032947476989384,-0.10541723765041763,-0.029451776542487176,0.22117222991023427,0.30348414100444887,0.4160396682305328,0.373476991371877,0.11514388943053815,0.7887520384320748,0.2320407495710406,1.0,-0.10377043429359879,-0.12521759532495078,-0.10906552936593734,0.37962339490924646,0.16845891426419352,0.2891795441343446
MEF2C-rmMEF2D,-0.0012750445185686452,0.04172612239172106,0.03664680569884582,-0.01089311570709175,-0.0030248688980381543,0.004360643955281036,0.025571230678094276,0.02702175282184941,-0.03754189735766571,0.029784567997090814,-0.13922078564578413,-0.09683017551979652,-0.08046784172956148,-0.024471006595782992,-0.05871813462847056,0.02057315546653227,0.01750318938073567,0.017406851313224673,-0.04242500965038503,-0.038788424682310335,0.02336257418841502,-0.04897784949615863,0.014295916344255878,-0.02854025491836568,-0.023960890094135164,-0.048104451253536885,-0.01092498098480657,0.5391585507473878,0.6186838715295301,-0.08860501387411147,0.05018137508501652,-0.049023154945550956,-0.31387008935437044,-0.04892836297129549,-0.046204091711519645,-0.11679663710541176,0.017327168212209813,-0.08358634601419161,-0.03334836890238886,-0.1940134652369524,0.00895994331711995,0.027272610464411408,0.013384060524183325,-0.019572581220011046,0.0005123483906942092,-0.05869251285843713,0.03765420754650374,0.020849540467327662,0.026697218429760704,-0.02648624680443376,-0.04760293142282423,-0.17716236312287736,-0.06003145358263719,0.046185964338683584,-0.04696386326566512,-0.040693006869783034,-0.1463091507348495,-0.041576246064646154,-0.055738397859389874,-0.07827385486883706,0.016665056840707584,-0.10117367198870664,1.0,0.8205731124879412,0.04898791054322513,-0.09083459098900586,-0.012903505247085702,-0.06842757438881834
MEF2C-rmIRF8,-0.013070892557215158,0.03533361153486671,0.028991890814852338,-0.016744243575738536,-0.017395935160986156,-0.015019334502974494,-0.005766052987110149,0.02223390792385143,-0.05186954299181268,0.02396702971744571,-0.1494895880603933,-0.11746137021291073,-0.10556003803148069,-0.060740911507355964,-0.08062726755145208,-0.008944164471044767,-0.013159591545740538,0.008061030985403781,-0.04861508492957989,-0.05349590877653968,-0.003883144993416104,-0.05782936210319057,0.009450721852623307,-0.0362909000222726,-0.034342010673285246,-0.0895601158250852,-0.02905792451712688,0.5086141976435499,0.5767091334823166,-0.09966434859170542,0.041221894889820865,-0.05679030840692471,0.036669291839804746,-0.039017118954200146,-0.03184238381059131,-0.13174375028352908,0.05623911447358862,0.0031899890543518393,-0.049170231429253405,-0.208256108668074,-0.002332151139877619,0.03813253597784131,-0.04008179117816001,-0.03315398777297189,0.0610891903540385,-0.06561423276381013,0.019825847939064483,0.011384249711024102,0.03130515984672813,-0.03581221925606524,-0.08341632657822201,-0.19286859626582656,-0.030345179933670356,0.042551295640199174,-0.06455222274311409,-0.0622106113213267,-0.15147378414676455,-0.04741259195423608,-0.0543937539117224,-0.10427358418337754,-0.028135693433956145,-0.1159566222938525,0.7847002209624715,1.0,0.05589104286654902,-0.10045253446888543,-0.02905883764319657,-0.08734152291557887
IRF8-rmMEF2D,-0.00493965062611283,-0.014965742716754748,0.020647979107374016,-0.0002756385102597842,-0.009947300459938552,0.02277859600599813,-0.026901055769808578,-0.0006680760498840322,-0.04264542440895461,0.022645177529455145,-0.16116186619698325,-0.11791700366776584,-0.10225712842377681,-0.037052727151939316,-0.04343777429006049,-0.00363265816452747,0.016538032284663606,0.026263321784667035,-0.05233635615807272,-0.0427230118687576,-0.03375999815550743,-0.07771042209778893,0.3557258214865554,-0.03044040512323596,-0.019287036252509163,-0.05012082971735384,0.1265771385673109,0.01682974616603168,0.06853365282131293,-0.06738608852445815,0.03137120171772594,-0.0778487311890967,-0.26690545751613876,-0.03361453888488841,-0.06090681468080627,-0.1412985082386963,0.0073972412307728675,-0.011548091639129848,0.005616607939693433,-0.23170741989450933,0.02198530253684476,0.03763647668490099,-0.013001675859101424,-0.006164036469863398,-0.022122497426689307,-0.08806496127769127,0.020371303435036965,-0.027528609552026028,0.0059089797799554596,-0.014948203714568497,-0.023681484555972243,-0.19348489068738284,-0.06186842610386519,0.03377183829196404,-0.08003128439058772,-0.06209490754689466,-0.15059815152754197,-0.05601537117420938,-0.06129323137595504,-0.08576927665932967,-0.007068753739223548,-0.11272145957911123,0.0492572184534372,0.05739970760693938,1.0,-0.12102276960125957,-0.034498469506945746,-0.09310706799656071
POLII_total-rmMEF2D,0.028887068225460503,-0.06547872591371227,-0.02018536841392276,0.04718499191185167,0.014729781625863202,0.0371975307669946,-0.05269242352316253,-0.0723056723561178,0.04551190470616346,-0.03067340851298469,0.29237589458341146,0.25608702545922474,0.19081190383837707,0.13134231839459073,0.22609426055699294,0.0449074806602332,0.07515293001158833,-0.090932201205231,0.07203673417998444,0.057969901562485014,-0.02929244457447199,0.0908560326004929,-0.060768159178162966,0.08125746207659815,0.06326108841450676,0.16498157989320203,-0.06442731243471131,-0.02590190192775366,-0.00874181942220299,0.16585048092440408,-0.04595762357787534,-0.007657155383202487,0.11567875818979712,0.08594638654115068,0.1684388637498471,0.4660200107318982,0.02790581162059127,-0.04565776545425153,0.19251671592188277,0.25527837490480976,0.04421634521105607,-0.08598098026687608,0.08783724268163116,0.05507092937241157,0.041306819655718766,0.059588858492912636,0.23266749293229777,-0.03887669217339604,-0.02578866043079042,0.052173901643928475,0.13070332180045963,0.4353253199387843,0.03345678779169544,-0.1013014399067794,0.7261046470873536,0.36373675354879964,0.31171852101140113,0.3813849046797387,0.42194241434672725,0.3097272332915937,0.30784984351548694,0.37337756300454705,-0.09083459098900591,-0.11620252833314682,-0.11266516728192179,1.0,0.18886577567872026,0.7728693117650933
MED1-rmMEF2D,0.00391997262120056,-0.035106312002363776,-0.011629522892425508,0.03862813831081164,-0.021692503884389123,0.010910839423284108,-0.04434713014890685,-0.02803540450897213,0.0018784437774223312,-0.014367716565432592,0.12064536293289631,0.10431433112036602,0.0964534901580334,0.07410773520495023,0.06538919634044545,-0.001789792978929153,0.18971538755838613,-0.037951638611645806,0.024186834351186858,0.01089312461910997,-0.038217279626010986,0.039617847463658734,-0.029794290911626806,0.01832340300802844,0.04185155957246316,0.08455864638600867,-0.03574930157514295,-0.016506439770146365,0.12497509052860356,0.036356644070984045,-0.01636529480094405,0.023213415234793703,0.14864853522854207,0.026243659280953444,0.10541304152293156,0.1236557410951406,0.05657514733874165,-0.029567716010370122,0.10793642492987432,0.07062345195718285,-0.00236424638126612,-0.018418367573090958,0.08691651883022762,0.0020658120686380572,0.07256239852842816,0.01628809889311078,0.06070356572412279,-0.019207817419957005,0.009364622871863388,-0.0006920535324849118,0.01167448560381906,0.12255259827058733,-0.0507423573790745,-0.030864739717207525,0.1069961475481706,0.21065868934026286,0.11622813885082543,0.10330098053044923,0.35540739665513865,0.14893328278984214,0.1706333179893171,0.14970105019537694,-0.012903505247085697,-0.02905883764319657,-0.027655569714216295,0.16425517793703984,1.0,0.13677847663455572
POLII_total-rmIRF8,0.03070556711622982,-0.0605029778369898,-0.011181448430477319,0.031150135419080578,0.02973257487663501,0.05346698343386338,-0.010798340703994158,-0.03998267090718878,0.042567141359447995,-0.021406259900007853,0.24177454083560887,0.21906109019230238,0.18157166299970334,0.1376593037851528,0.23453139370223147,0.047169221533402944,0.07973813028999222,-0.044248236962953984,0.053266288470344474,0.06418407173417122,0.0007112507544807246,0.0648214900402075,-0.03940642141479957,0.08723747516507603,0.07131372808151382,0.17799938685605024,-0.04369826408079658,-0.012780445383315894,-0.010713714224588288,0.13650906240448327,-0.026661583027959145,-0.010406251822991507,-0.0410492216586298,0.11151942733125605,0.18904629869236406,0.42503786199034804,0.08809503969425306,-0.05508700217594045,0.18456594295060055,0.18348769627842398,0.04968571488496817,-0.07180852778645151,0.11443361220629632,0.06461395388025071,0.02046713903173469,0.052079693013073386,0.23899973142427808,-0.03951128425772722,-0.021723819550597028,0.03916101653245841,0.09323069293805987,0.3614945884384613,0.02129394557261594,-0.08057690419160565,0.772554534092036,0.38172407551540066,0.23153706597944967,0.35290878979552176,0.38595761277263263,0.2926898207391021,0.4316163268795407,0.2840904987548296,-0.06842757438881837,-0.09777774362377263,-0.08597628195571086,0.7697644478467904,0.15565016886056382,1.0
