,CEBPA,HOXA9,PLAGL2,MEIS1,ETV6,GFI1,RUNX1,FOSL2,FLI1,GATA2,SP1,E2F3,ZNF281,SREBF1,LMO2,STAT5B,ZMYND8,LYL1,MYC,TFAP4,RUNX2,MAX,IRF8,MYB,ZEB2,RXRA,SPI1,MEF2C,FLAG_MEF2D,activation,repression,ELF2,JUND,FLAG_SPI1,FLAG_IRF2BP2,SMC1,LDB1,H3K79me2,WDR5,H3K27ac,H3K27me3,FLAG_GFI1,MYBL2,CDK9,H3K4me3,FOXP1,MLL_KTM2A,RARA,IKZF1,AFF4,CTCF,BRD4,CEBPB,H3K36me2,PSER2,FLAG_MEF2C,H3K36me3,H3K9ac,CDK13,H3K4me1,POLII,MED1,super_enhancer
CEBPA,1.0,-0.05109321644493238,-0.023551599608554446,0.096479341468539,0.028148259041097475,0.034427347202428765,0.14853012972288152,-0.04971128739464274,0.08515740010259412,0.05339115460240579,-0.13455637561949718,-0.09218120383535691,-0.051879437952677694,-0.0046822985252984,-0.03562734638401539,0.02721440821242566,0.06516986841625966,0.02321265254568443,0.020121193720275217,0.021689219221572277,0.1638777320984988,0.04384178548679865,-0.00935699239228825,0.08401213672051742,-0.005318034257018761,0.009751977787179171,0.022727859187089073,0.38337473523265525,0.08799700276232487,-0.048790165686204374,0.01797142931959246,-0.02492510370939957,0.0738707838219268,0.021350871122278188,0.09715140216677155,-0.0816911924611267,-0.01254458705484533,-0.024330021729708537,-0.05536414805497066,-0.02862417150967437,0.20030887334848468,0.06425266705280203,0.16209816774587568,0.013740456394036897,-0.1506742051992566,0.16261456014371062,0.02461114583290724,0.018407374431200305,0.04485028943608346,0.0070735530078447325,-0.09651770659781761,0.12117187773774397,0.34644525830387773,0.004881727513177967,-0.023232649488725957,0.07155400017086026,0.08155221207444763,-0.10608759579816025,0.6175474864505784,0.05995885401615573,-0.028268235361433983,0.02084813959101087,-0.03468883601370916
HOXA9,-0.051093216444932345,1.0,-0.08839567398965412,0.3510699482775977,-0.035264956325689004,-0.031681030967841584,0.08051973231465938,0.0035143878886624864,-0.018952967802873064,0.10648732381234953,0.021478461656016606,-0.0017093687826811835,-0.00621566675969552,0.039972258610066674,0.014801853402240052,-0.02592736342541996,-0.0036345365580302464,0.06448350819075743,0.0429814104431764,0.03456024217177585,0.028436568017015645,-0.007430358643072256,0.05813792401879418,-0.0029105495718445575,0.19129189208378444,0.01020556606396454,-0.02015769544019123,0.223120183570945,0.07975878315420067,-0.03232399076312646,0.12302584515499596,-0.017505650123317607,0.5308996751278503,-0.025171161628307643,-0.018430787305935,-0.050866385926713824,0.36163139577206604,0.08809062115235966,-0.2625689916135871,0.0014414546965416475,0.27481545247784916,0.007344068188257184,0.6846304137138658,0.012926318004185883,-0.06506925003573846,-0.06800222524417182,0.14647071697729128,-0.03413447911705699,0.007061494416100166,0.11704206873745145,0.041466577825306786,0.03302843142770762,-0.021872329364469117,0.06658324264664436,-0.09219799978229427,0.23617713115105027,0.18183521085047663,-0.06334082251154383,-0.08526229733113144,0.10651234675746982,-0.06985620086680175,-0.03475037994735606,0.05620253311751494
PLAGL2,-0.023551599608554456,-0.08839567398965416,1.0,-0.02631045833452262,0.21365640712176928,-0.03972375841984553,0.04959454849453052,0.4528185001056603,0.10591417816175984,-0.017101679244019605,0.028165983898224743,0.03248621280516455,0.09361386264442323,0.017223394917928826,0.06934696058559617,0.06652674106853622,0.03532469928779545,0.017131781168985425,0.05307071328925695,0.03587860586446688,0.04240713272173341,0.06079335965473547,-0.03279363170874988,-0.013502602289986846,-0.003408835038224488,0.02532952657766461,-0.015463695426536698,0.24151429104149025,0.08610090758324912,0.0699248090978297,-0.009528433538213551,0.16158655564962077,0.5111139375037216,-0.010137983663193803,0.0798076270174865,-0.013136717577044371,0.14443660639343278,0.017468268808648123,0.04143296548311067,0.09253062072149604,-0.04144461372339117,0.019535386453448766,0.14851094387547348,0.0654826233211744,0.042949510518927744,0.02696117673776137,-0.049195106427806556,0.43167765764088645,0.01970548871543762,-0.002247641205636568,-0.0225709718235921,0.02246081757214932,-0.022571705499971742,-0.0014081408159313453,0.009945836507931719,0.06070932610418823,0.02952050217367748,0.07294555383363059,0.6149634607969867,-0.011005657086080768,0.03296689116662935,0.07874598442819561,0.006966719936629394
MEIS1,0.09647934146853891,0.35106994827759763,-0.02631045833452263,1.0,-0.021861642246009665,0.03673123111564696,0.11680892854253519,-0.00743981207527112,0.042762752930976325,0.013724912103183315,-0.1138782081089093,-0.07465680478969866,-0.023754567345838952,-0.02070770798529826,-0.034943875852263544,0.014810472784245668,0.05526300153057594,0.06545901249770605,-0.06630161835731559,0.019391507620705378,0.1570177774449113,-0.044132656247314286,0.0572968001176816,0.07903879131486441,-0.0032388483186880507,0.00032478507254625006,0.07155049820794851,0.13357841202016102,0.03766437300702288,-0.13483892929838098,-0.013052664763156134,-0.06370622623680042,0.0816287594544063,0.08834625757332924,0.12255776509613281,-0.0957997602714987,-0.23819993499471606,0.00040103028598964416,-0.014051916626856526,-0.10448274988928419,-0.027195996520184083,0.07858200585734947,-0.07645352221650613,-0.021204296585691704,-0.17808016779106364,0.12472428040337549,0.03434511594050459,0.014451445367857063,0.030589000330982767,0.06359082233744193,-0.08420234470427766,0.012203608261617078,0.046033609143595194,-0.010509123957294328,-0.038089335040648396,0.004923037246109651,-0.05143032592143635,-0.14702036340398017,-0.03524851847683336,0.059041492891722926,-0.0497934610861246,-0.048748071633643766,-0.05578404150024066
ETV6,0.0281482590410975,-0.03526495632568901,0.21365640712176936,-0.021861642246009644,1.0,0.007301437319069932,0.043210404042318976,-0.024079546975286605,0.4333416631027746,0.01962726909948098,-0.005147627562046064,-0.019074410902729676,-0.0177271314885036,-0.017446294551003275,0.026980686169991944,0.011229239008527911,0.24069884484487744,0.05200683631148356,0.0693927904581303,0.0027353987982887346,0.06970987301883391,0.11741223806377452,0.0048055146409956275,0.0001214587836083038,0.026843402995839594,0.0006759994382890322,0.09560180226416448,0.06731540235187444,0.019627683898795538,0.12616327447366055,0.020808901635175438,0.28574123047249583,0.053139464456184546,0.07660497899509723,0.04200814423985241,0.002744930151514742,-0.10842107107210526,0.006140097093402214,0.027664588591640817,0.08472360520606315,0.3236875935472351,-0.01034529654263436,-0.042584222513063354,0.26900115643456546,0.05761263194925671,0.06462466375460751,-0.01240111051331696,-0.026338395270207773,0.12654275739103532,-0.04301628348040006,0.05504490277647673,0.07052660421550705,-0.01950037994723738,0.011221199381285157,0.01542439451963509,-0.03163897846962135,0.1396792367321727,0.06804189001239368,0.49425813296319615,0.02770093795940664,0.012663457927964349,0.06796363333044551,0.03117755208485277
GFI1,0.034427347202428786,-0.03168103096784151,-0.03972375841984552,0.036731231115646946,0.0073014373190699285,1.0,0.13805030348739575,0.06364352807372108,0.08529970860357186,0.01122199599533725,-0.012077525437168514,-0.009557293661702512,-0.03045015978784662,-0.013458370828457689,0.05252934575632944,-0.0023346265367387357,0.029789565946976126,0.03480416394637744,-0.014461875931754084,0.008617811785656716,0.08152021259493884,-0.018761328923859944,0.03823131255628761,0.003451449408883636,0.021659368176028104,-0.03126355603075387,0.041654394443667565,0.051753262912252754,-0.03232247260913106,0.013885571757379582,0.031009980415369405,-0.00494347440751656,0.011790328730814214,0.02648791272022824,-0.03109438814226865,-0.010740610795180064,-0.18137097812066952,-0.056071067434647716,-0.14728533306922154,-0.013148332534993796,0.01601355166697779,0.7340074019954028,0.13757580214433812,0.06026781549338127,0.049110045683777595,-0.01458767493195047,-0.012231460674375434,-0.022772915501287613,-0.014284689620487337,0.001538503034157966,0.05783705464157464,-0.04103170093988076,0.021800682124452176,0.015745756027846843,0.022539615181942186,-0.05356096365637356,0.10455372780607168,0.013477979307864556,0.6142794068095072,-0.03973441662904667,-0.021368121646501988,-0.0607311293569365,-0.03628830232864393
RUNX1,0.14853012972288152,0.0805197323146594,0.04959454849453048,0.11680892854253525,0.043210404042318976,0.13805030348739578,1.0,-0.011149580393577427,0.27668843929203013,0.07901255924612043,0.09281362507557475,-0.0034995031409382313,-0.01910723523902374,0.004652121802452042,0.051990434487375156,0.047718736640667204,0.3061624709856735,0.2078263287656302,0.1058734506969598,0.057533709241540366,0.7490562975475568,0.17725674024322297,0.018415761918962503,0.13971501402223213,-0.01449294601414372,0.034228363818899946,0.1054413520258879,0.15755985182695495,0.06495246358274662,0.012783397637108214,0.032412451603769134,0.025753571671501274,0.06386648779246101,0.09889070306958682,0.1720238335668677,-0.0910387526106356,-0.176193495258686,-0.019330181738489677,-0.04431633226438069,0.06242804787296263,0.06576058175804456,0.15261608115697065,0.05644470573339295,0.15884291872091116,-0.05530102083948379,0.2058095939811661,0.047139123173473324,0.022418975255428294,0.09537399120010412,-0.1066420469639624,-0.14020521714014988,0.1592243930800313,0.10667451043763451,0.029774014526767634,-0.04641514941538151,0.10982460881796928,0.028504274668051083,-0.0039270388962296945,0.34605412242930345,0.06161784968165137,0.042364949689083414,0.06379435847484832,-0.04243844707878457
FOSL2,-0.04971128739464276,0.0035143878886624734,0.4528185001056605,-0.007439812075271128,-0.02407954697528662,0.06364352807372108,-0.011149580393577415,1.0,-0.013071285464696568,0.01546593430956549,-0.10558382714371181,0.23386723993036765,0.1215304369368746,0.37167063227083186,-0.06742714533434582,0.07611185409939317,-0.07128029458881113,0.005054834831220878,0.018317465767275526,0.258488891070225,-0.018593116369792138,-0.014551653685572409,0.014254111389119355,-0.024615755923102698,-0.0025506572970522413,0.31308362933802075,-0.04407915292104445,0.26721407692427357,0.10711837272229106,-0.08741873528471339,0.0433083074312656,-0.022224639135726337,0.12303174611010918,-0.03748523290132592,0.06359042667256112,-0.017832990431297203,0.532004303245417,-0.04755621300854493,0.10215281732648976,-0.06633011328831788,0.20020901093903776,0.2606850575128994,0.514591843723897,0.07478468218595258,-0.11719331765626477,-0.044210147389665416,0.03688836034563557,0.6449798711297793,-0.0325722372467404,0.1054714546069356,0.01015644841855489,-0.034998977487757404,-0.04083748203966728,0.04033051753884447,0.15558871435798952,0.48375171575069614,0.12154373534231364,-0.11624773380848924,0.6708255552387646,-0.007895093340319334,0.044818719101202546,0.10258088059385609,-0.11321456619067637
FLI1,0.08515740010259408,-0.018952967802873068,0.10591417816175978,0.04276275293097631,0.4333416631027746,0.08529970860357185,0.2766884392920301,-0.013071285464696585,1.0,0.03329651691899279,-0.001320305911402786,0.019900016350734906,-0.014417883698622019,0.007817364732314272,0.1376590488587694,0.017803853198879928,0.22663331981984744,0.26957343086420643,0.14597581929656508,0.04364774960747976,0.2578335431365989,0.20952231679059172,-0.02116416496589858,0.06600947701037521,-0.008385913075934292,0.010142804861109097,0.07847023316407539,0.10108537742935947,0.0395149179617551,0.13653394227066598,0.014838040571079382,0.28832497098745485,-0.008975763853625713,0.050361370214370454,0.09511751612643389,-0.06265963944450376,-0.09551643559360232,0.021415436079544294,0.18487668563732212,0.17484645539629354,0.01198099007970615,0.0637299710108395,-0.13573526068576733,0.21313987769676257,0.0527927616191087,0.11919117158296186,-0.0017380880530053569,0.002768828335258774,0.1125850209761858,-0.08968756829533685,-0.09429929418520683,0.138466027462297,0.05905981940047215,0.0168149019057565,0.018903862831349386,0.026172786007320984,0.10101923544678763,0.09775455975728518,-0.1857064611284269,0.04631071922899107,0.09204444135517606,0.13314549020824704,0.04233025477183329
GATA2,0.05339115460240578,0.10648732381234953,-0.0171016792440196,0.013724912103183325,0.019627269099480944,0.011221995995337231,0.07901255924612038,0.015465934309565442,0.03329651691899277,1.0,-0.05536131533952231,-0.023791180253504,-0.024660803971178792,-0.06293423979567841,-0.017619434334983277,0.008431575250688826,0.046550339924671814,0.14457859754022548,-0.007245174622060024,-0.01506632568995053,0.07252771566487856,0.0009327435864537035,0.0456517405542486,0.04123272503304308,0.008356516759324863,-0.002673162146649406,0.0583781764593378,0.2898269927064885,0.03096250026940842,-0.03332336210149321,-0.011509841089586217,-0.03569677059785175,0.010730706637991895,0.07779050508001777,0.02207121261936107,-0.016760035516417346,0.32302858320023065,-0.04033154517949062,-0.17155639674580245,-0.017054652063960403,0.012892641203975453,0.03804025432278999,0.09979946558908426,0.019146950156056636,-0.0676028477550317,0.026657257459081637,0.01261316227849517,-0.008669961201045132,0.026805437295260734,-0.0217789377732516,0.05152955815191354,0.050094784264477624,0.012770668569418133,-0.011931518106625518,0.0002186595533808147,-0.08901305809710496,0.05382025480023011,-0.06259518945421325,0.5707842878823126,0.010279006409605112,-0.027412471623337518,-0.01911325113517777,0.04940745901346445
SP1,-0.13455637561949715,0.021478461656016586,0.02816598389822475,-0.11387820810890932,-0.005147627562046056,-0.01207752543716852,0.09281362507557478,-0.10558382714371188,-0.001320305911402777,-0.055361315339522314,1.0,0.14552913629652192,-0.02083665958715121,0.003181362456803473,0.043665109230196765,-0.017703102495905426,0.09779424700422579,-0.044926137341110665,0.1911337308927967,-0.009993518790661304,0.03166330391785845,0.29702222096910263,-0.13334164997099415,0.022131848300289636,-0.005720181706589154,-0.011198652013908664,-0.14140274476488018,-0.04840322367217369,-0.02142204893681148,0.29325901006670757,-0.003151248474943736,0.10506014694420311,-0.06285872165487598,-0.1568777808795978,-0.05693924696167636,-0.022918892452820583,0.09955596233561574,-0.006150683368396282,-0.049184171017328394,0.1680690915432454,-0.05524162089267228,-0.08804563794130824,-0.06367365787569225,0.003648503140587975,0.17616227848197966,0.11149539874029117,-0.0829422098509942,-0.06931362785721515,0.009128776612499159,-0.07269850401113263,-0.10816615264734018,-0.03803761655980313,-0.11833380357706111,0.0034484070149294866,-0.026534135407970148,-0.013910617311560751,0.04839310861496935,0.22805299490227626,-0.004984087363408732,-0.08454567527293794,0.058246780643191255,0.08376594114694498,0.037571535076864136
E2F3,-0.09218120383535697,-0.001709368782681102,0.03248621280516454,-0.07465680478969866,-0.019074410902729662,-0.009557293661702491,-0.0034995031409382335,0.23386723993036773,0.019900016350734923,-0.023791180253504005,0.145529136296522,1.0,0.017735076245163583,0.6872238781105243,0.05448029789035297,0.022674561236579637,0.064881868858799,-0.04424147518103859,0.15438529951143384,0.0972904886364498,0.032118434174727914,0.2313449278209921,-0.07914749411411544,0.030013999830428947,0.0033246085942388367,0.09329728913379008,-0.08828764487790869,0.151249103774879,0.030598444224448806,0.15966002229218787,0.011045945669202622,0.03261827772771378,-0.007413650832010131,-0.08213438671344882,-0.010252334356372794,-0.014138370371896816,-0.13787117739049937,0.0963336170874789,-0.053097570130162024,0.17512340732182147,-0.05999299183806536,-0.010840685720896739,0.0756986486522688,0.05193507294684961,0.11457761706353321,0.05595747995344209,-0.07046374400893213,0.04905779697706585,0.018809968202773572,-0.04822191380529869,-0.053422644438042934,0.018349121569756505,-0.05353285489368445,0.016641323682211637,0.027801864247808703,0.27558578385681437,0.035372794157718164,0.15968491710704744,0.28933890705106796,-0.049829121672489776,0.08043987784694086,0.11635438124074628,0.03640353378394557
ZNF281,-0.0518794379526777,-0.006215666759695518,0.09361386264442331,-0.023754567345838952,-0.017727131488503592,-0.03045015978784663,-0.01910723523902373,0.1215304369368745,-0.01441788369862202,-0.024660803971178796,-0.020836659587151227,0.01773507624516358,1.0,0.12300569663928877,0.059852349898664926,0.026650299708772782,-0.017574672976429246,-0.0006364401933766601,-0.023746319944976835,0.012141622647091453,-0.0297291395236801,-0.027472584707182796,-0.005262220222816271,-0.011280629061420452,0.0217722099088195,0.005149428474742457,-0.01680616164499018,0.2304492168242921,0.4582935577555645,-0.03501742419112454,-0.05475541961312872,-0.009752321851109486,0.11252092578603613,-0.03162282379262986,0.4031078635597186,0.00260683707272005,0.4525284883107629,0.025224015854503186,-0.05641280502238909,0.004749450561885409,-0.12163223057310417,0.11072995958531767,0.2025831639031546,-0.01645468408942739,-0.04372846440776898,-0.007254118276637181,0.011846925677565606,0.268907529106291,-0.01285313729025964,-0.00604998276714817,-0.009948157689878482,-0.00667253119175231,-0.02594004311037536,-0.05746096465509967,0.0006169380649804417,0.043451269273034256,-0.05343366377295207,-0.029666729640354755,0.3108224677768772,-0.012144649486559512,-0.008849992153186086,-0.0070600296208219605,0.08669955043509754
SREBF1,-0.004682298525298389,0.0399722586100667,0.017223394917928844,-0.020707707985298262,-0.01744629455100329,-0.013458370828457689,0.004652121802452051,0.37167063227083186,0.007817364732314277,-0.06293423979567844,0.0031813624568034766,0.687223878110525,0.12300569663928877,1.0,-0.005207318570531384,0.04726577963602804,-0.020238346871822483,-0.009079515833132655,-0.0032217265797206207,0.15242595404258194,-2.5916232680207256e-06,0.0037497694385135853,-0.01217099077843457,0.0051747439680403,0.00045059465304189987,0.15033462793693883,-0.030181104331400938,0.40912804014246185,0.0866316669858528,0.005065109367036126,0.030914486304901515,-0.02270330162746141,0.11596244081896692,-0.032222863964410604,0.017455427355852274,-0.004866858275962556,-0.1591107863693027,-0.017262766644962083,-0.013339389605637141,0.002216260008326884,0.31259247131975926,0.15747466569536925,0.3109743252237633,0.03360932800089761,0.006576528419929429,0.0005427183899713302,-0.04039740695395481,0.21472403916957325,-0.0007258280982101088,0.0437200155880737,0.04133241076495403,0.03383128373365687,-0.01143326301051187,0.02895938681165473,0.023726306475562092,0.8141181433603091,0.12284573187786045,0.011924445915347024,0.6620685861778587,0.005212900853806684,0.03735947491945485,0.11490439498627585,-0.030035109538154664
LMO2,-0.0356273463840154,0.01480185340224008,0.06934696058559622,-0.03494387585226353,0.02698068616999193,0.052529345756329414,0.051990434487375135,-0.06742714533434578,0.13765904885876945,-0.01761943433498325,0.04366510923019675,0.05448029789035298,0.05985234989866491,-0.005207318570531381,1.0,0.008427621363529498,0.10451718474496835,0.552859599038385,0.21030222192603096,2.460660158385175e-05,0.10282849524735223,0.1993325551366169,-0.05874370435577662,0.06757452125058042,0.04026131584726722,0.0008187941405686258,-0.05089296194555905,-0.04500590820719046,0.10460579833946536,0.30168465590459526,-0.021656741824055362,0.10778631056047182,0.023512228279991946,-0.04179475566983901,0.09430380463521972,0.010437350421123325,0.1740482872889244,0.1909125420771669,0.17406876999121126,0.556326946755165,0.17569578789213364,-0.03411875290796253,0.00011299911255399798,0.14231614208964094,0.250368097084435,0.08620939470939086,-0.005421541638942677,0.03641788616143198,0.026792723501359462,0.08574790675691542,0.00994887629477366,0.13543697254087764,-0.03269618021070234,-0.02361795064608955,0.0057462853531149,-0.05959301691171768,0.04003493991398338,0.2928158878214365,0.1908777868326399,-0.009299495667844231,0.19903993967679437,0.39399224068161554,0.2205367674454881
STAT5B,0.027214408212425687,-0.025927363425419934,0.06652674106853632,0.01481047278424566,0.011229239008527899,-0.0023346265367387236,0.047718736640667225,0.07611185409939318,0.01780385319887995,0.00843157525068883,-0.01770310249590542,0.022674561236579627,0.026650299708772793,0.04726577963602805,0.008427621363529508,1.0,0.04083758334712602,-0.001930730231608926,-0.009844221452976783,0.028932496274496317,0.05066831033464958,-0.008409863928530206,0.039615510257608205,0.011092995140245102,-0.005886716988996042,0.03794346285725825,0.028694789666730294,0.1958398377898174,0.08879480703521436,-0.05156193397061491,-0.01481669371656763,-0.011035082664536773,0.031186118031599423,0.041424576851746754,0.08545943399854745,-0.00867871932871832,0.005766136650199748,-0.012538356436229275,-0.04265973667035432,-0.01323721673373851,-0.027594506885204505,0.08291376339547812,0.11080467091855083,0.05076057861247842,-0.041425928925867196,0.038736815080704604,-0.004601833027197194,0.059547352785800714,0.031417755030505534,0.021779581095759174,-0.021436409656406277,0.0477593764771646,0.03295560188760694,-0.011308548967686705,-0.020283887152314238,0.4868473026470844,-0.017599317715951274,-0.033924585720994646,0.25239954105711554,0.014958919878868925,0.022142352614556004,0.07941996644756841,0.040924723956766336
ZMYND8,0.06516986841625969,-0.0036345365580302403,0.03532469928779544,0.05526300153057596,0.24069884484487752,0.029789565946976133,0.3061624709856734,-0.07128029458881117,0.22663331981984755,0.04655033992467179,0.09779424700422576,0.06488186885879897,-0.017574672976429232,-0.020238346871822507,0.10451718474496835,0.04083758334712599,1.0,0.13594217039915116,0.20455889628365165,0.023108920676939825,0.39516354544474086,0.29823738712242004,0.00778913894191,0.0661195259909313,0.04016899737968144,0.018623517484482165,0.052719253531483566,0.15471275426284303,0.11539059152618436,0.1547571730065464,-0.008958190205204816,0.15447039717517905,0.0965607562661343,0.07823634123781606,0.27985490413050584,0.06352895706972822,-0.03430868050557763,0.09073033792242931,0.08250375044245697,0.1533167248102933,0.10177776846021995,0.03552028006850134,0.04015488063718676,0.14457222269734446,0.11812038853820901,0.26687798683020064,0.0149755773325336,-0.031159336795000336,0.11188569335366402,-0.07445805656306408,-0.004650727055934573,0.09649249495367916,0.03109305667314073,-0.01303810878971996,-0.026729280593110513,-0.00864262766631616,0.08235581580033531,0.13489271664856095,0.11751464255384181,0.055495093042602486,0.06811343735671174,0.17583490192280263,0.00272865658772837
LYL1,0.02321265254568445,0.06448350819075745,0.01713178116898542,0.06545901249770601,0.05200683631148353,0.03480416394637747,0.2078263287656302,0.005054834831220877,0.2695734308642063,0.14457859754022545,-0.04492613734111067,-0.044241475181038575,-0.0006364401933766569,-0.009079515833132662,0.5528595990383849,-0.0019307302316089372,0.13594217039915119,1.0,0.08004612089766516,0.08654831624784518,0.18533188053361244,0.10842889930799038,0.028334235482542446,0.13600388453741075,0.012523012974615466,0.0019275642788840219,0.04751229067653343,0.07969143130584305,0.040434118924730984,-0.011651542451213855,0.024454174709545855,0.02699420404179238,0.04650652927126682,0.056645040908863756,0.11970664149288168,0.009279099938631992,-0.01655215661814003,-0.005909902261388096,-0.07618194611683626,0.029920734384973835,0.16318777610311563,0.03983768237873537,0.5825947256185731,0.11823763933738457,-0.08886285163980548,0.09941608512054596,0.013116900903170503,0.01667964532010228,0.07839411082155553,0.08762721388460838,-0.02378496793762281,0.11462149715858855,0.04023669858972734,0.018939338150224336,0.02978440946832157,0.03372726142631475,0.039924878465528016,-0.05163959436841746,0.6811923356517811,0.05145286317489799,-0.007006777860367122,0.04376462935040258,0.019869648384820606
MYC,0.020121193720275217,0.0429814104431764,0.05307071328925699,-0.06630161835731564,0.06939279045813028,-0.014461875931754095,0.10587345069695987,0.018317465767275522,0.1459758192965653,-0.007245174622060028,0.19113373089279667,0.1543852995114339,-0.02374631994497683,-0.0032217265797206246,0.2103022219260309,-0.009844221452976783,0.20455889628365173,0.08004612089766514,1.0,0.02401527044627319,0.17845352832844386,0.693589814475029,-0.08255003126050253,0.054703529463255615,-0.023707177837948137,0.022194491628596373,-0.0258925255728785,0.3698631046867302,0.046317864171552946,0.46540605301984456,0.012885392095329518,0.24535324889252755,0.02400955245161386,-0.038617670263156385,0.06085299108999592,-0.028523565289699286,0.18590093614491,0.09206968262154111,0.3962252763816832,0.48341043364146263,-0.02635261835919024,-0.06252121175416378,0.1490406046422271,0.19018410287728624,0.33764555617836967,0.1364911155197781,-0.02587732111341856,4.182531808061595e-06,0.06301632161323861,-0.14789436137124035,-0.11511215017832241,0.2063548965766931,-0.007069906724651666,0.01612192374790012,0.014828928751800355,0.11742853316088812,0.0892447290490186,0.4032173585071755,-0.01441674489428287,0.015727642512220946,0.23088845283104362,0.2828888437445395,0.15737894761568305
TFAP4,0.021689219221572274,0.034560242171775835,0.035878605864466874,0.01939150762070538,0.0027353987982887368,0.008617811785656706,0.057533709241540415,0.258488891070225,0.04364774960747974,-0.015066325689950522,-0.009993518790661297,0.09729048863644978,0.012141622647091444,0.1524259540425819,2.4606601583853067e-05,0.028932496274496317,0.023108920676939815,0.08654831624784522,0.024015270446273187,1.0,0.060488624020188154,0.042528278398028495,0.015485442760607948,0.013049121542504328,-0.012474350559602219,0.8185894586555141,0.021078028547551284,0.08577950498216291,0.05609946273849565,-0.02289486751414236,0.005614698784899098,-0.007859230162222222,0.1940861044414811,0.02051754851796681,0.11197471163568795,-0.02147384949253785,-0.08017463516158255,-0.006281466933616064,-0.0729993326242006,-0.013034746627415609,0.12355528670713563,0.07435685881249803,0.16406657928187718,0.051001403259223796,-0.031840938635701074,0.036371739634435366,0.032599127952348775,0.20832567736511,0.012421620872473265,0.11076324796699238,-0.04267244493303381,0.02097592358420207,0.035010456956223214,0.0018227436408936371,0.03719710346995388,0.45913734605262035,0.024704676798932356,-0.023266016428243927,-0.06158748138702392,-0.0052065330442082145,0.02230237483179496,0.051757395448928,-0.001225765456958115
RUNX2,0.16387773209849874,0.028436568017015645,0.04240713272173343,0.15701777744491136,0.06970987301883391,0.08152021259493883,0.7490562975475568,-0.018593116369792103,0.25783354313659884,0.07252771566487856,0.031663303917858474,0.03211843417472792,-0.029729139523680097,-2.591623268002605e-06,0.10282849524735224,0.05066831033464959,0.39516354544474136,0.1853318805336124,0.17845352832844377,0.06048862402018816,1.0,0.2750823989332413,0.029922943700572493,0.1676439475328431,-0.006671156755515557,0.040622974063285786,0.12794259719452625,0.2767290033282356,0.1023225050946525,0.08650925347455449,0.015311918274092938,0.08596054917260715,0.04984846398848014,0.15799706752767556,0.2893245003131853,-0.09914507535449883,-0.2147466728727551,0.004455086984218646,0.041557702131185204,0.16260442508145756,0.013926045560915298,0.12752085431837346,0.044644846499366966,0.1462438545594551,0.02169158534571838,0.3401198947679774,0.04749817857151775,0.0008692969571293516,0.11684454613204925,-0.12518603868062592,-0.16172099079659602,0.16100822262410847,0.09071794527360286,0.01725274097047848,-0.02317483831112705,-0.027733813271525083,0.06645238731208526,0.0692903299576971,0.21924324323615746,0.07999701535170012,0.10329090520529365,0.13152895768254808,0.014195041322441666
MAX,0.04384178548679864,-0.0074303586430722705,0.060793359654735465,-0.04413265624731429,0.1174122380637745,-0.018761328923859958,0.17725674024322285,-0.014551653685572373,0.20952231679059158,0.0009327435864537178,0.2970222209691026,0.2313449278209923,-0.027472584707182793,0.0037497694385135883,0.19933255513661693,-0.008409863928530194,0.29823738712241993,0.10842889930799034,0.6935898144750294,0.04252827839802852,0.27508239893324155,1.0,-0.10585197851368637,0.09429911347024665,-0.026572526954715493,0.005580444299317209,-0.03036712897341486,0.060979593509048094,0.03340118094348687,0.5225516646601247,0.015546049800711167,0.32918013856858236,0.009767179611682369,-0.037658463566681004,0.09368915322071897,-0.06393631518168136,0.14715436447837288,0.017109514986471848,0.14137801274250184,0.5079116458601134,-0.08866802794847166,-0.08536072701822513,0.0723521431046567,0.20207167972148363,0.3834027686466404,0.22457653441395506,-0.02997494635757206,-0.05218994780271423,0.09494656224254022,-0.21315626498073717,-0.18382281512460616,0.20103902636158022,0.015375489059230705,0.024093546750848367,-0.019428980498615585,-0.05100782980333263,0.09607030667117392,0.42072983113716894,0.3468123453202394,0.014583814676781626,0.21950222863968358,0.31950657183813724,0.09686926077119064
IRF8,-0.009356992392288262,0.0581379240187942,-0.0327936317087499,0.05729680011768161,0.004805514640995625,0.03823131255628763,0.018415761918962513,0.01425411138911934,-0.02116416496589858,0.045651740554248595,-0.1333416499709941,-0.07914749411411538,-0.0052622202228162765,-0.012170990778434556,-0.058743704355776596,0.0396155102576082,0.007789138941909993,0.028334235482542443,-0.08255003126050255,0.015485442760607954,0.029922943700572493,-0.10585197851368633,1.0,-0.005617358998188311,-0.0031378536876817222,0.016100317607341715,0.3954833821614804,0.265428486640809,0.03120658926792427,-0.15138396700180126,0.0006534243758369991,-0.0917387787043573,0.05674785444870498,0.4162918592118643,0.11147046477293306,-0.11474835952393408,-0.25228417504338985,-0.028452294905108408,-0.10858849178001005,-0.13062810747123005,0.02442408622006448,0.08358304593580357,0.004499767259759293,0.0015827384939124394,-0.25252529950945923,0.01630497599787751,0.03942244154726804,0.030625516173485683,0.050397235039154595,-0.003658265455440291,-0.10965401455894057,0.02324400232467659,-0.024944305935848687,0.00034767544578864567,-0.02880453361523553,0.006972093784521073,-0.028102920977214167,-0.194556136070431,-0.017680337322922242,0.05075277682131048,-0.08779381978758692,-0.07317067110858917,-0.06347162432512193
MYB,0.08401213672051747,-0.002910549571844472,-0.013502602289986851,0.07903879131486438,0.00012145878360829184,0.0034514494088835677,0.13971501402223208,-0.02461575592310268,0.06600947701037527,0.041232725033043045,0.022131848300289643,0.03001399983042895,-0.011280629061420445,0.00517474396804029,0.06757452125058037,0.011092995140245102,0.06611952599093132,0.1360038845374108,0.054703529463255636,0.013049121542504325,0.16764394753284306,0.09429911347024666,-0.00561735899818831,1.0,0.0016540660839882864,0.007593872504458726,-0.003045711700951409,0.041254751522727555,0.03672289442880087,0.03700756517450396,-0.003209863737979961,0.0011446129945441646,0.06152998836062742,0.01666830568236189,0.11618858608221042,-0.0462349906262598,-0.5206461279009468,0.047034736239835444,-0.03720776731020012,0.09171117857620624,0.04813079232709876,0.019766585286570007,0.15842087318233725,0.08465147208832825,-0.021926855214813204,0.2668513951079235,-0.0011601616358623776,0.03219599973211887,0.04110748215057509,-0.0076445888468209865,-0.0600380758373485,0.20081019975517295,0.043583246118457805,-0.003275269595063871,0.019178304409052094,0.004973577905024427,-0.011989336362635349,0.02032620805181511,-0.12751562738204233,0.056671575858240175,0.03241503513183152,0.07462301631345403,0.04086131237741822
ZEB2,-0.005318034257018758,0.19129189208378444,-0.00340883503822449,-0.003238848318688056,0.0268434029958396,0.021659368176028086,-0.014492946014143703,-0.0025506572970522387,-0.008385913075934292,0.00835651675932486,-0.00572018170658915,0.0033246085942388415,0.02177220990881951,0.0004505946530419049,0.04026131584726716,-0.005886716988996045,0.04016899737968148,0.012523012974615456,-0.023707177837948137,-0.012474350559602233,-0.006671156755515552,-0.0265725269547155,-0.0031378536876817335,0.00165406608398829,1.0,-0.008749927393350803,-0.00010542460511151,0.05468713621192226,0.0021857352115420563,-0.0015063923778079742,0.0053486107523980485,0.005808860690554567,0.10835978995371597,-0.006473727418872583,0.054444989215007296,0.26159272450777055,0.509499954039152,-0.03449072149767957,-0.10059892874590845,-0.00970169890723652,0.07833175963983308,-0.019657165858450575,0.13424502290232085,0.003330913514640076,0.014823693242314943,0.04762684384284306,0.012073579493735845,-0.03843275219194438,0.004554770265508291,0.04299407662530194,0.03279725260202462,0.0017843497787427233,-0.020577244528010054,0.004781282199236461,-0.002481075822932102,0.021402976584822694,0.04395915404105685,-0.009664987509362141,0.5310852728390051,0.028845124071859077,0.014883371494667525,-0.00027615749814383734,-0.0012565557337844465
RXRA,0.00975197778717918,0.010205566063964545,0.02532952657766459,0.00032478507254624957,0.0006759994382890504,-0.03126355603075385,0.03422836381889998,0.3130836293380208,0.010142804861109094,-0.0026731621466493955,-0.011198652013908652,0.09329728913379008,0.005149428474742465,0.15033462793693866,0.0008187941405686204,0.0379434628572583,0.018623517484482172,0.0019275642788840253,0.022194491628596335,0.818589458655514,0.0406229740632858,0.005580444299317208,0.016100317607341715,0.0075938725044587315,-0.008749927393350804,1.0,0.002457923366231288,0.12035732614991462,0.05905235494641963,-0.031135908648401066,0.010203883651289429,-0.012888865641411737,0.19032898071394996,0.005130363924319601,0.04723304750333643,-0.0074819807979388765,-0.14115312978147768,-0.005596659547485406,-0.051320390332192864,-0.012993184740206111,0.1862419172664842,0.095780684095549,0.1786311284419323,0.030430253594160753,-0.019806625109742286,0.016398560910836406,0.030769715207686607,0.28697901034796786,0.014664267144008017,0.11012349401715142,-0.015554957001200409,0.019917740327915198,0.02259007520400744,0.007017582399475388,0.02220068443270211,0.7603140217959037,0.05555417237365524,-0.018298328423922573,0.29930028396087405,0.021707293139200636,0.021884915919425797,0.08070895962512996,-0.0031583030356953827
SPI1,0.022727859187089097,-0.020157695440191217,-0.015463695426536693,0.07155049820794859,0.09560180226416451,0.04165439444366758,0.10544135202588786,-0.044079152921044466,0.07847023316407546,0.058378176459337766,-0.14140274476488013,-0.0882876448779087,-0.016806161644990186,-0.03018110433140093,-0.05089296194555906,0.028694789666730298,0.05271925353148357,0.04751229067653345,-0.0258925255728785,0.02107802854755127,0.12794259719452636,-0.03036712897341487,0.39548338216148016,-0.003045711700951408,-0.00010542460511149937,0.0024579233662312904,1.0,0.2313519271080113,0.008682184326690646,-0.11922636516681445,0.018044540705788804,-0.020799843208803473,0.016709765496251416,0.7674677512149269,0.046586651497971227,-0.12735552802531594,-0.17202731007465513,-0.018573235301295808,-0.0182523305805022,-0.08416896989497949,0.030363229388901,0.08858580023633177,-0.03389035907105559,0.05754483614652079,-0.2188348865225329,0.043445511664452874,0.052495589720261124,0.0035216169006449852,0.12187483061740034,-0.09071388011163159,-0.10812329177753777,0.0511958405709288,0.009052206401277225,0.01944089470357837,-0.015401493366741572,-0.0006243332776847759,0.007998041361661568,-0.15506036821164643,-0.10902108295682307,0.06936675807126652,-0.07076775209163186,-0.05898655990956021,-0.05444428929086956
MEF2C,0.38337473523265536,0.22312018357094496,0.24151429104149036,0.13357841202016085,0.06731540235187443,0.05175326291225279,0.15755985182695506,0.26721407692427346,0.10108537742935952,0.2898269927064884,-0.04840322367217371,0.15124910377487916,0.23044921682429176,0.4091280401424618,-0.04500590820719044,0.19583983778981734,0.15471275426284303,0.07969143130584302,0.3698631046867302,0.08577950498216294,0.27672900332823575,0.06097959350904808,0.2654284866408089,0.041254751522727576,0.054687136211922296,0.12035732614991453,0.23135192710801125,1.0,0.6100502879354708,0.12959186376434054,0.28139134442234837,0.011909195565392801,0.02981386925978754,0.2780586203021665,0.11838526181659871,-0.011582266077187419,-0.26676446735120585,0.18179336167025695,0.03920051090643284,0.057736261493846454,0.32595479863599297,0.30379162460916365,0.23861325565775626,-0.010561330021073996,-0.0783516036801218,0.17400671221320818,0.09679651310040177,0.24857099571553598,0.1044973056894168,0.01901198982937172,0.055830037948297266,0.06472133382985867,0.10037074058587571,0.06092749221559173,0.08365815359618606,0.24983703946608218,0.11152093801629763,-0.08219936467069043,-0.07108257170846649,0.1667211256833468,0.1990480020318267,0.17810797171863563,-0.10485219491491175
FLAG_MEF2D,0.0879970027623248,0.07975878315420062,0.0861009075832492,0.037664373007022876,0.01962768389879555,-0.03232247260913106,0.06495246358274656,0.10711837272229112,0.03951491796175508,0.03096250026940845,-0.021422048936811492,0.030598444224448806,0.45829355775556485,0.0866316669858528,0.1046057983394653,0.08879480703521433,0.11539059152618443,0.040434118924731,0.04631786417155297,0.05609946273849567,0.10232250509465245,0.0334011809434868,0.031206589267924256,0.036722894428800855,0.002185735211542072,0.05905235494641962,0.008682184326690648,0.6100502879354711,1.0,-0.0060836258001783295,-0.006542084378501185,0.02012648350231511,0.0881618466172508,0.05141776160313346,0.47360374345349215,0.03248037836222722,0.2589772279943557,0.02640513774825079,-0.0038561736952459056,0.07831857031414684,-0.035159254836322894,0.2466151247470563,0.22998041495347812,0.046894178166747534,0.05399586861075385,0.11305039281725358,0.012017821583974088,0.17333056315359405,0.04058801756167517,0.08483820319408567,-0.0004993837971230266,0.08469526818274759,-0.004487576427603828,-0.00487821592678587,-0.01956753976334446,0.5087342257290443,0.02526095491708133,0.03413266611223539,-0.028022371120741896,0.07265352574601205,0.07557004649652789,0.24763691471453264,0.03025492422796232
activation,-0.04879016568620434,-0.03232399076312644,0.0699248090978297,-0.13483892929838093,0.12616327447366052,0.013885571757379589,0.012783397637108205,-0.0874187352847134,0.13653394227066606,-0.03332336210149325,0.29325901006670774,0.15966002229218784,-0.035017424191124524,0.0050651093670361315,0.3016846559045952,-0.051561933970614905,0.15475717300654637,-0.011651542451213862,0.46540605301984495,-0.02289486751414235,0.08650925347455446,0.5225516646601253,-0.15138396700180135,0.03700756517450398,-0.001506392377807976,-0.031135908648401073,-0.11922636516681442,0.1295918637643405,-0.006083625800178326,1.0,-0.01312964603310947,0.3355689322361377,-0.06578973618199334,-0.14032212987196369,-0.06264837307051843,0.02356156921871158,0.0501452123330736,0.10914124582177717,0.13225083991831268,0.7553158585403333,-0.04493528714149283,-0.1443736275084871,-0.008634813747331242,0.1739221235644282,0.8795024888672631,0.11577595782635691,-0.055341539972884865,-0.05252272217557277,0.03957752755341052,-0.17403987262036993,-0.1322321678962913,0.15324613194623138,-0.1192427909664961,-0.02113404336894381,0.01913275463841318,-0.12783731636610776,0.23730579104448862,0.8058872311168689,0.5418887171984946,0.058891681675939875,0.32507756363922047,0.3619312809992913,0.3174686369032476
repression,0.017971429319592464,0.123025845154996,-0.009528433538213548,-0.013052664763156115,0.020808901635175438,0.031009980415369395,0.03241245160376913,0.043308307431265645,0.01483804057107939,-0.011509841089586205,-0.0031512484749437455,0.011045945669202632,-0.054755419613128666,0.030914486304901536,-0.021656741824055373,-0.014816693716567629,-0.00895819020520482,0.024454174709545848,0.012885392095329521,0.005614698784899097,0.01531191827409293,0.015546049800711172,0.000653424375837001,-0.0032098637379799535,0.005348610752398065,0.010203883651289415,0.018044540705788804,0.2813913444223482,-0.0065420843785011845,-0.013129646033109458,1.0,-0.00889744243711144,0.07804017574536064,0.0031969966818727155,0.002671313069320069,-0.08086840630264884,-0.013180058310964695,0.08825060913043914,-0.10775478625625234,-0.04198439266811929,0.9190470797150082,0.012830408982211144,0.11095879499582073,8.013656105814072e-06,-0.06522417732312315,-0.008976960389432583,-0.017887685510613555,-0.014534589256141848,0.0037612879301204163,-0.05006031339868827,-0.07150617175288881,0.03359102611056483,0.008707537507490726,0.9895197627089978,-0.07632742155963085,0.049592499538075256,-0.034773794873946516,-0.042281658527164194,0.2192427684787957,-0.00838784470614063,-0.01318606435346735,-0.011517628113969258,-0.04746490156323904
ELF2,-0.02492510370939958,-0.017505650123317614,0.1615865556496207,-0.06370622623680043,0.2857412304724958,-0.004943474407516579,0.02575357167150127,-0.022224639135726348,0.2883249709874548,-0.035696770597851764,0.10506014694420307,0.032618277727713786,-0.009752321851109486,-0.022703301627461404,0.10778631056047186,-0.011035082664536781,0.15447039717517902,0.02699420404179239,0.24535324889252763,-0.007859230162222227,0.08596054917260706,0.32918013856858236,-0.09173877870435725,0.0011446129945441713,0.005808860690554561,-0.012888865641411729,-0.0207998432088035,0.011909195565392747,0.020126483502315128,0.33556893223613754,-0.008897442437111434,1.0,-0.02526107462689248,-0.03416593578505645,0.0014465008523090314,-0.015796137198073268,-0.413468248943098,0.015525303811110261,0.14256850126641243,0.29699463757002115,-0.038557401273333576,-0.0516503723858245,-0.004988569875214701,0.0918747835040951,0.21419453774337655,0.06649802109068256,-0.036634200653603476,0.011463980490421858,0.06517224806308558,-0.09245936354213855,-0.038214686792156456,0.06736518491768038,-0.03907900053028848,-0.004083513142681293,-0.0023656207206333,-0.05598035285795071,0.12090107135663293,0.2524853869487556,0.3484447908173401,-0.020423363965068067,0.09996254744658066,0.15433642223109528,0.05214304237998976
JUND,0.07387078382192681,0.5308996751278499,0.5111139375037218,0.0816287594544063,0.05313946445618457,0.011790328730814212,0.063866487792461,0.12303174611010911,-0.008975763853625725,0.010730706637991912,-0.062858721654876,-0.007413650832010193,0.112520925786036,0.1159624408189669,0.023512228279991877,0.03118611803159942,0.09656075626613433,0.04650652927126682,0.024009552451613857,0.19408610444148097,0.04984846398848012,0.009767179611682324,0.056747854448705004,0.06152998836062742,0.108359789953716,0.19032898071395005,0.016709765496251403,0.029813869259787584,0.08816184661725088,-0.06578973618199332,0.07804017574536064,-0.025261074626892505,1.0,0.03368700207252432,0.27282245760907187,0.016730078585492015,0.19616004822202673,-0.08930079439161888,-0.03593870040086103,-0.04387906517235322,0.6112072777197257,0.011236454929451342,0.6019477161218448,0.007018791442162734,-0.06418627604889088,0.06443478659782001,0.04469978240986132,0.3093213835954631,0.025598416868129307,0.16111092731547563,-0.013868896863751288,0.01336505011951192,0.03247512469772085,0.05754426247453481,-0.06854534071222337,0.02137834679471165,0.22552410871621714,-0.09878515913840222,0.18273509487316636,0.0316332631697308,-0.045426053449199186,0.02308208405851951,-0.08283909201517572
FLAG_SPI1,0.021350871122278195,-0.025171161628307643,-0.010137983663193798,0.08834625757332928,0.07660497899509722,0.026487912720228234,0.09889070306958676,-0.03748523290132593,0.050361370214370434,0.07779050508001771,-0.1568777808795978,-0.08213438671344886,-0.03162282379262986,-0.03222286396441061,-0.041794755669839,0.04142457685174676,0.0782363412378161,0.05664504090886375,-0.038617670263156406,0.02051754851796681,0.1579970675276756,-0.03765846356668105,0.4162918592118642,0.016668305682361894,-0.006473727418872577,0.0051303639243196015,0.7674677512149265,0.27805862030216644,0.051417761603133445,-0.14032212987196357,0.0031969966818727056,-0.03416593578505647,0.03368700207252433,1.0,0.10303626211613022,-0.15156271851701344,-0.22430163266350375,0.003300439469076658,0.034363620782830666,-0.07551340387867879,0.000502033836080985,0.10246995210627063,-0.028903022298398095,0.031937670867227264,-0.2287443921447963,0.08518297758319794,0.06615558971164286,-0.0006660448062626753,0.12442302152256604,-0.048896522152780744,-0.1361118717508768,0.051187896921517345,0.0011082048391423624,0.0060408422184567235,-0.03325279657788221,0.012949463810829986,-0.015241734582917967,-0.15431146579827504,-0.17680962566496278,0.09810901711368046,-0.0712758409702138,-0.04858421227397862,-0.02673180648573785
FLAG_IRF2BP2,0.09715140216677157,-0.018430787305934983,0.07980762701748634,0.1225577650961329,0.0420081442398524,-0.031094388142268656,0.1720238335668677,0.06359042667256107,0.09511751612643392,0.02207121261936109,-0.056939246961676335,-0.01025233435637281,0.40310786355971845,0.017455427355852295,0.09430380463521974,0.08545943399854747,0.2798549041305058,0.11970664149288168,0.06085299108999598,0.11197471163568798,0.28932450031318524,0.09368915322071894,0.11147046477293299,0.11618858608221048,0.054444989215007296,0.04723304750333645,0.046586651497971206,0.11838526181659877,0.4736037434534923,-0.06264837307051839,0.0026713130693200903,0.0014465008523090275,0.2728224576090717,0.10303626211613022,1.0,0.051926147999669166,0.6161564438855067,0.004117330946221013,0.025144516859706572,0.038967507120031004,0.08082776545736588,0.13345176352857246,0.14509107169217408,0.10065765518949503,-0.08466980864809374,0.2753117005325001,0.01803766250310519,0.041190504834058575,0.09090184191666659,0.02318431810251319,-0.022498182596335094,0.16645542523876225,0.08351677471693288,-0.004582517298980278,-0.04957134315473899,0.1363033651498423,0.02688575304037178,-0.06850510569877859,-0.031511740819024435,0.06224537846640877,0.10151585401299063,0.13755159644180356,-0.013524327689836729
SMC1,-0.08169119246112666,-0.05086638592671384,-0.013136717577044375,-0.09579976027149865,0.0027449301515147418,-0.010740610795180064,-0.09103875261063558,-0.017832990431297196,-0.0626596394445037,-0.016760035516417332,-0.02291889245282059,-0.014138370371896837,0.002606837072720049,-0.004866858275962551,0.010437350421123336,-0.008678719328718325,0.06352895706972823,0.009279099938632008,-0.02852356528969928,-0.02147384949253786,-0.09914507535449889,-0.06393631518168143,-0.11474835952393406,-0.04623499062625983,0.26159272450777055,-0.007481980797938878,-0.127355528025316,-0.011582266077187407,0.03248037836222721,0.023561569218711567,-0.08086840630264887,-0.01579613719807325,0.01673007858549202,-0.15156271851701347,0.051926147999669145,1.0,0.0030660395750308185,-0.04470866622923597,-0.08095326044031936,0.02629730958727408,-0.0404346379500171,-0.0655216872136525,0.049472110801500754,-0.050167465243452884,-0.05882853090038889,-0.017600294668613015,-0.06265052591249026,-0.01716167920144083,-0.02089674011560395,-0.07467438034428477,0.4542407767973624,-0.023412469231637457,-0.09888295787172573,-0.08935413291511518,0.005706855934691148,-0.051055950701407324,0.008480530869882444,-0.06789211706411116,0.013371036330012315,-0.043530582578904055,-0.034697772661544564,-0.011882793672941202,-0.026225378635269556
LDB1,-0.01254458705484535,0.3616313957720661,0.1444366063934328,-0.23819993499471612,-0.10842107107210525,-0.18137097812066935,-0.17619349525868594,0.5320043032454169,-0.09551643559360236,0.3230285832002305,0.09955596233561571,-0.13787117739049937,0.4525284883107629,-0.15911078636930287,0.17404828728892438,0.005766136650199708,-0.034308680505577685,-0.016552156618140027,0.18590093614491002,-0.08017463516158255,-0.21474667287275526,0.1471543644783729,-0.25228417504338985,-0.5206461279009467,0.5094999540391524,-0.14115312978147776,-0.17202731007465516,-0.26676446735120596,0.25897722799435563,0.05014521233307355,-0.013180058310964657,-0.413468248943098,0.19616004822202676,-0.22430163266350378,0.6161564438855067,0.0030660395750307505,1.0,0.4094081425169911,0.0,0.057398622724738696,0.037366629311743324,-0.2872370975055195,0.051123386006274835,-0.16913212849786077,0.157973941563596,-0.12215522322763087,-0.11586110074827159,-0.034926533101082895,-0.30914022503462296,-0.16052403612862357,0.24566109832915645,-0.13859280801003943,-0.2255752124502963,0.24193814841213213,-0.12498736289797106,0.21748727871323661,0.0474116464998336,0.7458697550874638,0.15471519317999236,-0.651281520817746,-0.30325638045133124,0.011986361634708769,0.9999999999999999
H3K79me2,-0.024330021729708547,0.08809062115235965,0.017468268808648133,0.0004010302859896621,0.006140097093402213,-0.05607106743464772,-0.019330181738489677,-0.047556213008544915,0.021415436079544294,-0.04033154517949062,-0.006150683368396285,0.09633361708747885,0.025224015854503186,-0.017262766644962107,0.19091254207716704,-0.012538356436229262,0.09073033792242928,-0.005909902261388108,0.0920696826215411,-0.006281466933616066,0.00445508698421863,0.017109514986471838,-0.02845229490510841,0.047034736239835465,-0.03449072149767954,-0.005596659547485406,-0.018573235301295808,0.18179336167025703,0.02640513774825079,0.10914124582177717,0.08825060913043917,0.01552530381111025,-0.08930079439161885,0.003300439469076658,0.0041173309462210084,-0.04470866622923598,0.40940814251699104,1.0,0.23206831984971918,0.12725604072321775,0.13142498929644966,-0.04426337339444039,0.014972867856574453,0.1424661809222963,0.05009440523567463,0.03429566771868235,0.03950014806323494,0.0019358285536844235,0.0151145857692687,0.21951854019457998,-0.044823082927244094,0.05030348105547455,-0.023784623880645568,0.08841839921821118,0.06966032400850047,-0.004244157139539056,-0.06314311748099384,0.12476902714281232,-0.36525006063709775,0.0008853430838389991,0.06222091532191043,0.1393160310423061,0.27607766634961994
WDR5,-0.055364148054970676,-0.2625689916135871,0.04143296548311066,-0.014051916626856554,0.027664588591640792,-0.14728533306922156,-0.044316332264380746,0.1021528173264898,0.18487668563732218,-0.17155639674580245,-0.049184171017328346,-0.05309757013016202,-0.05641280502238905,-0.013339389605637115,0.1740687699912113,-0.04265973667035434,0.0825037504424569,-0.07618194611683622,0.3962252763816835,-0.07299933262420068,0.041557702131185266,0.14137801274250192,-0.10858849178001011,-0.03720776731020009,-0.10059892874590846,-0.05132039033219283,-0.0182523305805022,0.03920051090643285,-0.003856173695245867,0.13225083991831266,-0.10775478625625239,0.1425685012664124,-0.03593870040086101,0.03436362078283065,0.025144516859706617,-0.08095326044031936,0.0,0.23206831984971907,1.0,0.17755442958822978,-0.1591774148127023,-0.04876556107837494,-0.1615672366252648,0.17434360063299226,0.10357486431760467,0.01789323665572994,0.06693343451862915,-0.034957627287667416,-0.0015650731121072455,-0.011974396293250695,0.11350147972171655,0.2202938633263647,0.005702328845464251,-0.10756907252494727,0.28063007313468824,0.26303210673567984,0.4489907572686749,0.1300243285212999,0.0012213305834997711,-0.28023184934170786,0.40189071550596334,0.16745501699891388,0.2884166200735742
H3K27ac,-0.028624171509674386,0.001441454696541648,0.092530620721496,-0.1044827498892842,0.0847236052060631,-0.01314833253499383,0.0624280478729626,-0.06633011328831784,0.17484645539629348,-0.017054652063960406,0.16806909154324542,0.1751234073218216,0.004749450561885407,0.0022162600083268816,0.5563269467551651,-0.013237216733738502,0.15331672481029332,0.029920734384973842,0.4834104336414626,-0.013034746627415621,0.16260442508145775,0.507911645860113,-0.13062810747123008,0.09171117857620627,-0.009701698907236512,-0.01299318474020611,-0.08416896989497955,0.05773626149384648,0.07831857031414681,0.7553158585403346,-0.04198439266811929,0.29699463757002104,-0.04387906517235326,-0.07551340387867883,0.038967507120031025,0.026297309587274092,0.05739862272473873,0.12725604072321778,0.17755442958822984,1.0,0.014081967268210408,-0.11986340872631088,0.07396747013826871,0.25259788347113366,0.5776863573042217,0.13913285037463777,-0.03582184146646272,-0.011874190583834798,0.05444263860335581,0.04058474268589684,-0.08089800955127473,0.2690945062078083,-0.07521247694758218,-0.041194569501188785,-0.0018369335821788529,-0.08540389974724513,0.1147547403209554,0.6671496531015649,0.4377259378891878,0.01854044929225778,0.4016495271510695,0.48483441136450217,0.40627277156976155
H3K27me3,0.20030887334848466,0.274815452477849,-0.0414446137233912,-0.027195996520184094,0.32368759354723503,0.016013551666977766,0.06576058175804456,0.20020901093903773,0.011980990079706147,0.012892641203975434,-0.05524162089267226,-0.059992991838065356,-0.12163223057310414,0.31259247131975926,0.17569578789213358,-0.02759450688520451,0.10177776846021996,0.1631877761031157,-0.02635261835919022,0.12355528670713563,0.013926045560915253,-0.0886680279484717,0.02442408622006447,0.04813079232709876,0.07833175963983306,0.1862419172664839,0.030363229388900966,0.3259547986359931,-0.03515925483632288,-0.04493528714149282,0.919047079715008,-0.038557401273333576,0.6112072777197259,0.0005020338360809743,0.08082776545736585,-0.040434637950017074,0.03736662931174328,0.13142498929644955,-0.15917741481270228,0.014081967268210453,1.0,-0.004238151224587516,0.5919339083498237,-0.011529781265610287,-0.18827619801511047,0.12743600713278933,0.04398633410754824,0.05441265666716195,-0.036536739263045064,0.20290676735607843,0.010269072069588249,-0.004736459207417813,0.05386190450428396,-0.09257763124162247,0.05665689806716691,0.05089153978150251,0.2799803294150223,-0.18072926661745314,0.4131049570737413,0.10828246510373545,-0.06269815509716868,0.03974665632033066,-0.21945251146896438
FLAG_GFI1,0.0642526670528021,0.0073440681882571785,0.019535386453448766,0.07858200585734948,-0.01034529654263435,0.7340074019954026,0.1526160811569707,0.2606850575128994,0.06372997101083953,0.03804025432279002,-0.08804563794130826,-0.01084068572089675,0.11072995958531766,0.157474665695369,-0.03411875290796253,0.08291376339547817,0.035520280068501324,0.03983768237873539,-0.0625212117541638,0.07435685881249797,0.1275208543183734,-0.08536072701822515,0.08358304593580358,0.019766585286570024,-0.01965716585845058,0.09578068409554896,0.08858580023633178,0.30379162460916387,0.24661512474705619,-0.14437362750848703,0.012830408982211166,-0.051650372385824476,0.011236454929451342,0.10246995210627069,0.13345176352857246,-0.06552168721365252,-0.28723709750551946,-0.04426337339444041,-0.048765561078374965,-0.11986340872631086,-0.004238151224587556,1.0,0.2770220422676524,-8.728027314074867e-06,-0.11824190759474182,0.011258851944594325,0.009610018024992338,0.2883256074413978,0.0021285408513647326,0.10619431867266245,0.005743674876838333,-0.038725419127324606,0.04852045649446712,0.00531632492891945,-0.03389576035785276,0.7710862230756031,0.007746634977247523,-0.13344360117600265,0.16565948184402102,-0.0063360384298230535,-0.011776879692058966,0.08064051056931638,-0.0568329599192328
MYBL2,0.16209816774587565,0.6846304137138658,0.14851094387547337,-0.07645352221650611,-0.0425842225130633,0.13757580214433823,0.05644470573339297,0.5145918437238971,-0.1357352606857673,0.09979946558908426,-0.06367365787569236,0.07569864865226883,0.2025831639031546,0.3109743252237631,0.00011299911255399448,0.11080467091855083,0.04015488063718679,0.5825947256185734,0.14904060464222688,0.16406657928187737,0.04464484649936695,0.07235214310465668,0.004499767259759287,0.15842087318233716,0.1342450229023209,0.17863112844193244,-0.03389035907105559,0.2386132556577563,0.22998041495347826,-0.008634813747331278,0.11095879499582062,-0.004988569875214715,0.6019477161218445,-0.028903022298398008,0.14509107169217417,0.049472110801500734,0.05112338600627469,0.01497286785657447,-0.16156723662526484,0.07396747013826867,0.591933908349824,0.2770220422676525,1.0,0.05759826496788532,0.07472980485055897,0.056437144081003386,0.0018964063729270402,0.1898329732348267,-0.10938780439262241,0.16507824349988692,0.20167345431919115,0.08189245066510979,-0.05652238601766692,0.05364287397591578,-0.022338454876187807,0.4727039022238553,0.28266097406253865,0.017167048826326314,0.06086929850579575,0.2456125166524228,-0.09784568580874087,-0.014602435345088902,0.12229861685799409
CDK9,0.013740456394036898,0.012926318004185883,0.06548262332117441,-0.021204296585691715,0.26900115643456546,0.06026781549338128,0.15884291872091114,0.07478468218595254,0.21313987769676276,0.01914695015605665,0.003648503140587974,0.051935072946849625,-0.016454684089427386,0.033609328000897644,0.14231614208964102,0.05076057861247843,0.14457222269734454,0.11823763933738453,0.19018410287728615,0.05100140325922381,0.1462438545594552,0.20207167972148357,0.0015827384939124385,0.08465147208832831,0.003330913514640078,0.030430253594160753,0.057544836146520784,-0.010561330021074003,0.046894178166747555,0.1739221235644282,8.013656105824177e-06,0.091874783504095,0.0070187914421627265,0.03193767086722727,0.10065765518949504,-0.050167465243452856,-0.16913212849786063,0.14246618092229624,0.17434360063299234,0.25259788347113366,-0.01152978126561035,-8.728027314070209e-06,0.057598264967885324,1.0,0.09743281308586427,0.052847753702025185,0.04495409049886916,0.060913493122917724,0.09100719877962,0.5778786000568531,-0.16793273932577346,0.35375345891554444,0.023539187680088756,0.002753220988071715,0.08669711315203492,0.14279398243731217,-0.010439599708242679,0.2496719968556621,0.17881171832362455,0.03238760113789348,0.18477704695808228,0.23277386650318235,0.3761234191725566
H3K4me3,-0.15067420519925656,-0.06506925003573842,0.04294951051892774,-0.17808016779106373,0.05761263194925674,0.049110045683777616,-0.05530102083948382,-0.11719331765626477,0.05279276161910874,-0.06760284775503163,0.17616227848197966,0.11457761706353325,-0.04372846440776896,0.006576528419929432,0.25036809708443497,-0.041425928925867175,0.11812038853820903,-0.08886285163980548,0.3376455561783697,-0.03184093863570109,0.021691585345718387,0.38340276864664063,-0.25252529950945923,-0.021926855214813207,0.014823693242314966,-0.01980662510974229,-0.21883488652253286,-0.07835160368012183,0.05399586861075382,0.8795024888672626,-0.06522417732312309,0.21419453774337657,-0.06418627604889093,-0.22874439214479628,-0.08466980864809377,-0.05882853090038891,0.15797394156359593,0.05009440523567464,0.10357486431760464,0.5776863573042217,-0.18827619801511047,-0.11824190759474179,0.0747298048505589,0.09743281308586432,1.0,0.05768781602970041,-0.07248122003211276,-0.008774570092072987,0.01178115451831555,-0.10170328285261371,-0.1939288651558622,0.04612739991113409,-0.15322444990651274,-0.029149367836105188,0.03615799183978493,-0.12125160039731388,0.20403612327260712,0.7737673045975937,0.45570573254220004,-0.1530210934385513,0.1269061785001617,0.23512542433555744,0.2321216128593261
FOXP1,0.1626145601437105,-0.06800222524417178,0.026961176737761376,0.12472428040337549,0.06462466375460753,-0.014587674931950428,0.2058095939811661,-0.044210147389665416,0.11919117158296173,0.026657257459081624,0.11149539874029109,0.055957479953442066,-0.007254118276637179,0.000542718389971344,0.08620939470939083,0.038736815080704576,0.2668779868302005,0.09941608512054598,0.13649111551977822,0.036371739634435366,0.3401198947679773,0.2245765344139549,0.016304975997877495,0.2668513951079234,0.04762684384284307,0.016398560910836385,0.04344551166445289,0.17400671221320813,0.11305039281725354,0.11577595782635704,-0.008976960389432584,0.06649802109068255,0.06443478659782005,0.08518297758319789,0.2753117005325001,-0.017600294668613015,-0.1221552232276309,0.03429566771868235,0.01789323665572995,0.1391328503746377,0.12743600713278924,0.01125885194459433,0.05643714408100335,0.052847753702025206,0.057687816029700426,1.0,0.012165185657208291,-0.03340840936638045,0.07587898664596958,-0.05176783972144252,-0.10988797482440309,0.09693371222783785,0.05501823165492586,-0.016019765069852355,0.0001371215686663799,0.004554976266670427,0.0647490202493761,0.0981794158935641,0.022217989054589927,0.07497275971251756,0.10634020810097047,0.14551396217049634,0.023496259939086772
MLL_KTM2A,0.024611145832907258,0.1464707169772912,-0.04919510642780655,0.03434511594050459,-0.012401110513316967,-0.012231460674375439,0.04713912317347335,0.03688836034563558,-0.0017380880530053512,0.012613162278495193,-0.08294220985099414,-0.07046374400893211,0.0118469256775656,-0.04039740695395481,-0.005421541638942667,-0.004601833027197195,0.014975577332533593,0.0131169009031705,-0.025877321113418558,0.03259912795234878,0.047498178571517786,-0.02997494635757205,0.03942244154726803,-0.001160161635862381,0.012073579493735847,0.030769715207686586,0.05249558972026115,0.09679651310040178,0.012017821583974079,-0.05534153997288491,-0.01788768551061355,-0.03663420065360351,0.04469978240986135,0.06615558971164286,0.01803766250310519,-0.06265052591249022,-0.1158611007482715,0.039500148063234916,0.06693343451862918,-0.03582184146646275,0.043986334107548236,0.009610018024992334,0.0018964063729271135,0.04495409049886918,-0.07248122003211273,0.012165185657208286,1.0,0.021913034103753472,-0.001800852819034808,0.554208350870437,-0.05905197397887877,0.005349006643105167,-0.005480696342233337,-0.01939726823006321,-0.038800635843488925,0.12799163815344985,0.0008118029659203827,-0.06303212270436895,0.5026898271620576,0.10259094433546587,-0.07007405393658743,-0.002083605391859475,0.05567062950807538
RARA,0.01840737443120033,-0.03413447911705692,0.43167765764088656,0.014451445367857056,-0.026338395270207777,-0.0227729155012876,0.022418975255428276,0.64497987112978,0.002768828335258774,-0.008669961201045078,-0.06931362785721513,0.049057796977065846,0.2689075291062909,0.21472403916957328,0.036417886161431996,0.059547352785800714,-0.031159336795000304,0.01667964532010229,4.1825318080737405e-06,0.20832567736510993,0.0008692969571293461,-0.052189947802714236,0.03062551617348567,0.03219599973211888,-0.03843275219194438,0.28697901034796786,0.0035216169006449917,0.24857099571553595,0.17333056315359405,-0.05252272217557277,-0.014534589256141843,0.011463980490421842,0.30932138359546324,-0.0006660448062626709,0.041190504834058554,-0.01716167920144083,-0.034926533101082874,0.0019358285536844036,-0.0349576272876674,-0.011874190583834793,0.05441265666716193,0.2883256074413977,0.18983297323482665,0.0609134931229177,-0.008774570092072973,-0.033408409366380426,0.021913034103753466,1.0,-0.046978232569973494,0.08666191220459075,0.024487260786835403,-0.0011836834935679606,0.04865651645667399,-0.015128958115639093,0.07285704254416225,0.8255417016820018,0.013710290556635044,-0.0538255190594855,0.37197815194096073,0.035290468231986484,0.02865492934693125,0.18225728601907512,-0.048860934933445926
IKZF1,0.04485028943608346,0.007061494416100158,0.019705488715437633,0.03058900033098274,0.12654275739103527,-0.014284689620487345,0.09537399120010416,-0.032572237246740396,0.1125850209761858,0.026805437295260713,0.009128776612499166,0.018809968202773544,-0.012853137290259647,-0.0007258280982101052,0.02679272350135946,0.03141775503050555,0.11188569335366406,0.07839411082155555,0.06301632161323861,0.012421620872473263,0.11684454613204914,0.09494656224254022,0.05039723503915461,0.04110748215057512,0.004554770265508295,0.014664267144008012,0.1218748306174003,0.10449730568941686,0.04058801756167518,0.039577527553410506,0.0037612879301204155,0.06517224806308554,0.0255984168681293,0.12442302152256599,0.0909018419166666,-0.02089674011560397,-0.309140225034623,0.015114585769268708,-0.0015650731121072123,0.054442638603355784,-0.03653673926304506,0.00212854085136473,-0.10938780439262237,0.09100719877961996,0.011781154518315538,0.07587898664596956,-0.0018008528190347943,-0.0469782325699735,1.0,0.018232257640481843,-0.028570368062052622,0.0616841310428226,0.037757707501098095,0.007788290370348973,-0.014088879336149353,-0.022734047219000207,0.06854532674979821,0.028444935358400335,0.08832525304973578,0.041467887128053625,0.04595431805663443,0.07748980456271896,0.030486522928602017
AFF4,0.007073553007844725,0.11704206873745154,-0.002247641205636569,0.063590822337442,-0.04301628348039999,0.0015385030341579756,-0.10664204696396236,0.10547145460693565,-0.08968756829533685,-0.02177893777325161,-0.07269850401113269,-0.04822191380529869,-0.00604998276714817,0.04372001558807367,0.08574790675691547,0.02177958109575917,-0.07445805656306406,0.0876272138846084,-0.14789436137124035,0.11076324796699251,-0.125186038680626,-0.21315626498073711,-0.0036582654554402853,-0.007644588846820973,0.04299407662530195,0.1101234940171514,-0.09071388011163156,0.019011989829371703,0.08483820319408572,-0.17403987262037,-0.050060313398688175,-0.09245936354213855,0.1611109273154757,-0.04889652215278071,0.023184318102513174,-0.0746743803442848,-0.16052403612862354,0.21951854019458006,-0.011974396293250701,0.04058474268589684,0.20290676735607838,0.10619431867266248,0.1650782434998869,0.5778786000568528,-0.10170328285261361,-0.05176783972144254,0.5542083508704368,0.08666191220459074,0.018232257640481815,1.0,-0.0957910937873905,0.12947407656205218,-0.041391974223627385,-0.08945741072474976,0.11524031681208399,0.21276338054894686,0.007017559526590631,0.18237688065389301,0.15384284093823442,0.10142302789702645,0.00517262360970816,0.21426747631031107,0.3311860626177444
CTCF,-0.09651770659781754,0.0414665778253068,-0.022570971823592103,-0.08420234470427768,0.055044902776476695,0.05783705464157455,-0.1402052171401499,0.010156448418554877,-0.09429929418520683,0.051529558151913506,-0.10816615264734018,-0.05342264443804296,-0.009948157689878482,0.04133241076495403,0.009948876294773671,-0.02143640965640627,-0.004650727055934562,-0.02378496793762281,-0.11511215017832245,-0.04267244493303384,-0.1617209907965959,-0.18382281512460608,-0.10965401455894055,-0.06003807583734849,0.03279725260202456,-0.015554957001200406,-0.10812329177753777,0.05583003794829721,-0.0004993837971230385,-0.1322321678962913,-0.07150617175288877,-0.03821468679215644,-0.01386889686375123,-0.13611187175087683,-0.02249818259633511,0.45424077679736247,0.24566109832915642,-0.04482308292724406,0.11350147972171652,-0.08089800955127469,0.01026907206958825,0.005743674876838346,0.20167345431919131,-0.16793273932577354,-0.1939288651558622,-0.10988797482440306,-0.0590519739788788,0.024487260786835417,-0.028570368062052615,-0.09579109378739041,1.0,-0.1319050824084341,-0.10465702427059673,-0.08122167600028395,-0.006431557117945858,-0.08747298280827775,0.0921150496529115,-0.21226869034130516,0.11989586125373905,-0.07842570006230629,-0.09942068642438494,-0.12170208107466852,-0.06538097073920593
BRD4,0.12117187773774399,0.03302843142770767,0.022460817572149315,0.012203608261617083,0.07052660421550709,-0.041031700939880775,0.15922439308003136,-0.034998977487757404,0.13846602746229697,0.05009478426447761,-0.038037616559803145,0.0183491215697565,-0.006672531191752304,0.033831283733656875,0.1354369725408776,0.04775937647716459,0.09649249495367912,0.1146214971585885,0.20635489657669287,0.020975923584202076,0.16100822262410855,0.20103902636158028,0.023244002324676594,0.20081019975517284,0.001784349778742723,0.019917740327915195,0.05119584057092884,0.06472133382985869,0.08469526818274756,0.15324613194623124,0.03359102611056483,0.06736518491768034,0.013365050119511907,0.05118789692151735,0.16645542523876222,-0.023412469231637447,-0.13859280801003945,0.050303481055474546,0.22029386332636466,0.2690945062078084,-0.0047364592074177715,-0.038725419127324585,0.08189245066510978,0.35375345891554427,0.046127399911134105,0.09693371222783785,0.005349006643105158,-0.001183683493567991,0.061684131042822554,0.12947407656205215,-0.13190508240843407,1.0,0.07276201439799113,0.03558526381856125,0.007060835679242866,0.1386628941297406,0.029480996812736717,0.16709289650859543,0.42733440438618925,0.0837260431477506,0.26621888043295083,0.23509584073731074,0.20507245768823382
CEBPB,0.346445258303878,-0.021872329364469027,-0.02257170549997174,0.04603360914359515,-0.01950037994723739,0.02180068212445219,0.10667451043763465,-0.04083748203966729,0.05905981940047218,0.01277066856941812,-0.11833380357706105,-0.053532854893684416,-0.025940043110375358,-0.011433263010511868,-0.03269618021070235,0.03295560188760692,0.031093056673140714,0.04023669858972734,-0.007069906724651656,0.03501045695622326,0.0907179452736028,0.015375489059230701,-0.024944305935848718,0.043583246118457784,-0.02057724452801004,0.022590075204007437,0.009052206401277236,0.10037074058587571,-0.004487576427603816,-0.11924279096649623,0.00870753750749072,-0.03907900053028848,0.032475124697720834,0.0011082048391423637,0.08351677471693286,-0.09888295787172575,-0.22557521245029633,-0.023784623880645575,0.005702328845464214,-0.07521247694758217,0.0538619045042839,0.04852045649446714,-0.05652238601766687,0.023539187680088742,-0.1532244499065128,0.055018231654925816,-0.005480696342233334,0.04865651645667399,0.03775770750109809,-0.04139197422362739,-0.1046570242705967,0.07276201439799114,1.0,0.009847153003683355,-0.022134351861866967,0.0004588437251530795,0.013315060475193624,-0.1327554808241331,0.35005533546885653,0.017072941075050533,-0.047433037362604805,-0.010273956445561163,-0.05180402366346051
H3K36me2,0.004881727513177962,0.06658324264664439,-0.0014081408159313405,-0.010509123957294322,0.011221199381285168,0.01574575602784685,0.029774014526767624,0.040330517538844445,0.01681490190575648,-0.011931518106625516,0.0034484070149295018,0.016641323682211627,-0.057460964655099644,0.028959386811654733,-0.023617950646089552,-0.011308548967686701,-0.01303810878971997,0.01893933815022434,0.016121923747900117,0.001822743640893634,0.01725274097047848,0.02409354675084837,0.0003476754457886499,-0.0032752695950638727,0.004781282199236458,0.00701758239947538,0.01944089470357841,0.06092749221559172,-0.004878215926785846,-0.021134043368943818,0.9895197627089981,-0.0040835131426812735,0.05754426247453481,0.006040842218456725,-0.004582517298980269,-0.08935413291511518,0.24193814841213213,0.0884183992182112,-0.10756907252494727,-0.041194569501188806,-0.09257763124162241,0.00531632492891942,0.053642873975915786,0.002753220988071716,-0.02914936783610518,-0.016019765069852355,-0.019397268230063214,-0.015128958115639074,0.00778829037034898,-0.08945741072474978,-0.08122167600028396,0.035585263818561245,0.00984715300368335,1.0,-0.08028225699010878,0.04949015422155368,-0.039202277114402495,-0.029258394792731034,-0.15355228674384172,-0.009637454890797049,-0.010917735120258572,-0.011207856181495834,-0.04857485710644615
PSER2,-0.023232649488725974,-0.09219799978229425,0.009945836507931705,-0.038089335040648396,0.015424394519635093,0.02253961518194217,-0.04641514941538152,0.1555887143579896,0.018903862831349396,0.0002186595533808313,-0.026534135407970144,0.027801864247808707,0.0006169380649804399,0.0237263064755621,0.005746285353114899,-0.02028388715231425,-0.02672928059311052,0.02978440946832159,0.014828928751800353,0.03719710346995389,-0.02317483831112706,-0.01942898049861559,-0.028804533615235543,0.01917830440905209,-0.0024810758229320932,0.022200684432702095,-0.015401493366741572,0.08365815359618606,-0.019567539763344455,0.01913275463841317,-0.07632742155963086,-0.0023656207206332884,-0.06854534071222339,-0.0332527965778822,-0.049571343154738975,0.005706855934691154,-0.12498736289797104,0.06966032400850045,0.2806300731346883,-0.0018369335821788488,0.05665689806716696,-0.03389576035785274,-0.022338454876187824,0.0866971131520349,0.03615799183978492,0.00013712156866636856,-0.038800635843488925,0.07285704254416228,-0.014088879336149343,0.11524031681208398,-0.006431557117945875,0.007060835679242865,-0.02213435186186696,-0.08028225699010873,1.0,-0.07936991303842156,0.19002455658641135,0.08718696438680698,0.3391997172877208,-0.07354286658263887,0.14833522131512666,0.018674615519634695,0.21626268311120542
FLAG_MEF2C,0.07155400017086025,0.2361771311510502,0.060709326104188284,0.004923037246109662,-0.0316389784696213,-0.053560963656373514,0.10982460881796928,0.4837517157506964,0.02617278600732098,-0.08901305809710502,-0.013910617311560758,0.27558578385681426,0.04345126927303427,0.8141181433603089,-0.059593016911717644,0.4868473026470847,-0.008642627666316164,0.03372726142631475,0.117428533160888,0.4591373460526204,-0.02773381327152506,-0.05100782980333263,0.00697209378452107,0.0049735779050244225,0.021402976584822708,0.7603140217959036,-0.0006243332776847876,0.24983703946608227,0.5087342257290444,-0.1278373163661078,0.0495924995380753,-0.05598035285795077,0.021378346794711584,0.012949463810829981,0.1363033651498423,-0.051055950701407324,0.21748727871323656,-0.004244157139539064,0.26303210673567995,-0.08540389974724513,0.050891539781502494,0.7710862230756041,0.4727039022238554,0.14279398243731214,-0.12125160039731378,0.004554976266670431,0.12799163815345,0.8255417016820019,-0.022734047219000204,0.21276338054894697,-0.08747298280827782,0.1386628941297406,0.0004588437251530911,0.049490154221553694,-0.0793699130384215,1.0,-0.0030109542543424305,-0.10673263034183177,-0.08558908854295288,0.12911238276745365,0.18585601184047437,0.679026032966283,-0.09725574680268317
H3K36me3,0.08155221207444761,0.18183521085047646,0.029520502173677472,-0.0514303259214363,0.13967923673217278,0.10455372780607171,0.028504274668051104,0.12154373534231369,0.10101923544678758,0.0538202548002301,0.04839310861496936,0.03537279415771817,-0.053433663772952035,0.12284573187786045,0.040034939913983394,-0.017599317715951267,0.08235581580033534,0.039924878465527995,0.08924472904901862,0.024704676798932356,0.06645238731208529,0.09607030667117393,-0.02810292097721419,-0.011989336362635364,0.04395915404105683,0.05555417237365522,0.007998041361661561,0.11152093801629763,0.02526095491708134,0.2373057910444886,-0.03477379487394654,0.12090107135663289,0.22552410871621686,-0.015241734582917964,0.026885753040371822,0.008480530869882449,0.04741164649983365,-0.06314311748099384,0.448990757268675,0.11475474032095538,0.2799803294150223,0.007746634977247514,0.28266097406253876,-0.010439599708242694,0.20403612327260717,0.06474902024937612,0.0008118029659203704,0.01371029055663507,0.06854532674979821,0.007017559526590623,0.09211504965291148,0.02948099681273673,0.013315060475193617,-0.039202277114402474,0.19002455658641135,-0.0030109542543424305,1.0,0.08359720899583728,0.3815997330252142,-0.040043668251884136,0.15213913387252745,0.06309651981256233,0.0720344081576094
H3K9ac,-0.10608759579816027,-0.06334082251154378,0.07294555383363056,-0.14702036340398017,0.06804189001239366,0.013477979307864553,-0.003927038896229688,-0.11624773380848917,0.09775455975728511,-0.06259518945421326,0.22805299490227632,0.15968491710704746,-0.029666729640354737,0.011924445915347009,0.29281588782143664,-0.03392458572099464,0.13489271664856092,-0.05163959436841747,0.4032173585071755,-0.023266016428243927,0.06929032995769713,0.42072983113716883,-0.1945561360704311,0.020326208051815113,-0.009664987509362122,-0.018298328423922573,-0.15506036821164654,-0.08219936467069046,0.03413266611223538,0.8058872311168688,-0.042281658527164166,0.25248538694875566,-0.09878515913840219,-0.1543114657982752,-0.06850510569877859,-0.06789211706411116,0.745869755087464,0.12476902714281227,0.1300243285212998,0.6671496531015652,-0.18072926661745317,-0.13344360117600254,0.01716704882632631,0.2496719968556621,0.7737673045975942,0.0981794158935641,-0.06303212270436893,-0.053825519059485516,0.028444935358400338,0.18237688065389301,-0.21226869034130508,0.16709289650859532,-0.13275548082413316,-0.029258394792731037,0.087186964386807,-0.10673263034183174,0.08359720899583727,1.0,0.12015368708215025,-0.12192523637170681,0.2965889929918404,0.34280758418404317,0.4686970969472327
CDK13,0.6175474864505783,-0.08526229733113148,0.6149634607969867,-0.03524851847683336,0.4942581329631962,0.6142794068095074,0.3460541224293037,0.6708255552387645,-0.18570646112842687,0.5707842878823123,-0.004984087363408756,0.28933890705106796,0.3108224677768772,0.6620685861778586,0.19087778683263976,0.25239954105711554,0.11751464255384184,0.6811923356517811,-0.014416744894282883,-0.06158748138702395,0.21924324323615746,0.3468123453202396,-0.017680337322922235,-0.12751562738204233,0.531085272839005,0.29930028396087394,-0.10902108295682313,-0.07108257170846648,-0.028022371120741935,0.5418887171984946,0.21924276847879576,0.3484447908173403,0.18273509487316644,-0.17680962566496278,-0.03151174081902445,0.013371036330012298,0.1547151931799924,-0.3652500606370977,0.0012213305834997928,0.4377259378891879,0.4131049570737414,0.16565948184402104,0.06086929850579578,0.17881171832362452,0.4557057325422,0.022217989054589937,0.5026898271620576,0.37197815194096084,0.08832525304973583,0.15384284093823444,0.11989586125373908,0.42733440438618914,0.3500553354688566,-0.15355228674384166,0.3391997172877209,-0.08558908854295279,0.381599733025214,0.12015368708215025,1.0,0.6602621072202228,-0.18469460456912654,0.4415065019988518,-0.6581809934621272
H3K4me1,0.0599588540161557,0.10651234675746979,-0.011005657086080768,0.05904149289172293,0.027700937959406636,-0.03973441662904671,0.061617849681651383,-0.007895093340319353,0.04631071922899108,0.010279006409605116,-0.08454567527293798,-0.04982912167248979,-0.012144649486559514,0.005212900853806685,-0.00929949566784424,0.014958919878868925,0.055495093042602466,0.051452863174898014,0.01572764251222095,-0.005206533044208214,0.07999701535170012,0.014583814676781636,0.050752776821310484,0.05667157585824019,0.028845124071859102,0.021707293139200633,0.06936675807126645,0.16672112568334674,0.07265352574601204,0.058891681675939826,-0.008387844706140634,-0.020423363965068064,0.031633263169730835,0.09810901711368047,0.06224537846640876,-0.04353058257890408,-0.6512815208177457,0.0008853430838389922,-0.28023184934170803,0.018540449292257795,0.10828246510373546,-0.006336038429823049,0.24561251665242279,0.032387601137893476,-0.1530210934385514,0.07497275971251757,0.10259094433546585,0.0352904682319865,0.041467887128053625,0.10142302789702645,-0.07842570006230629,0.08372604314775056,0.017072941075050536,-0.009637454890797042,-0.07354286658263887,0.12911238276745376,-0.04004366825188415,-0.12192523637170687,0.6602621072202226,1.0,-0.0440451123753052,0.022689621544441766,-0.04011429755915688
POLII,-0.028268235361433983,-0.06985620086680173,0.03296689116662934,-0.04979346108612459,0.012663457927964365,-0.02136812164650199,0.042364949689083414,0.044818719101202525,0.09204444135517603,-0.0274124716233375,0.058246780643191255,0.08043987784694083,-0.00884999215318608,0.03735947491945485,0.19903993967679437,0.022142352614556007,0.06811343735671176,-0.007006777860367124,0.23088845283104348,0.022302374831794966,0.10329090520529355,0.21950222863968352,-0.08779381978758692,0.03241503513183151,0.014883371494667553,0.021884915919425783,-0.0707677520916318,0.19904800203182682,0.07557004649652792,0.3250775636392204,-0.013186064353467366,0.09996254744658056,-0.045426053449199186,-0.0712758409702138,0.10151585401299064,-0.03469777266154456,-0.30325638045133113,0.06222091532191039,0.40189071550596345,0.40164952715106944,-0.06269815509716867,-0.011776879692058954,-0.09784568580874088,0.18477704695808228,0.12690617850016175,0.10634020810097045,-0.07007405393658739,0.028654929346931257,0.04595431805663443,0.005172623609708157,-0.09942068642438494,0.2662188804329507,-0.047433037362604784,-0.010917735120258582,0.1483352213151267,0.18585601184047432,0.15213913387252745,0.29658899299184016,-0.18469460456912645,-0.04404511237530518,1.0,0.35050237136953677,0.406810467258642
MED1,0.02084813959101088,-0.034750379947356,0.07874598442819565,-0.04874807163364377,0.06796363333044554,-0.06073112935693644,0.06379435847484836,0.10258088059385614,0.13314549020824712,-0.019113251135177776,0.08376594114694505,0.11635438124074624,-0.007060029620821972,0.11490439498627583,0.3939922406816155,0.07941996644756841,0.17583490192280257,0.04376462935040258,0.28288884374453993,0.05175739544892801,0.13152895768254816,0.3195065718381373,-0.0731706711085892,0.07462301631345401,-0.000276157498143843,0.08070895962513004,-0.05898655990956022,0.1781079717186357,0.24763691471453267,0.36193128099929134,-0.011517628113969263,0.15433642223109525,0.023082084058519515,-0.04858421227397867,0.13755159644180356,-0.011882793672941195,0.011986361634708686,0.13931603104230617,0.1674550169989139,0.48483441136450206,0.03974665632033066,0.08064051056931627,-0.014602435345088918,0.23277386650318227,0.2351254243355574,0.1455139621704963,-0.002083605391859472,0.18225728601907532,0.077489804562719,0.21426747631031118,-0.1217020810746685,0.23509584073731088,-0.010273956445561162,-0.011207856181495834,0.01867461551963467,0.6790260329662832,0.06309651981256227,0.34280758418404284,0.44150650199885194,0.022689621544441763,0.35050237136953694,1.0,0.38233823768964187
super_enhancer,-0.03468883601370917,0.056202533117514886,0.00696671993662939,-0.055784041500240626,0.031177552084852764,-0.036288302328643926,-0.04243844707878458,-0.11321456619067637,0.04233025477183327,0.049407459013464446,0.037571535076864164,0.036403533783945514,0.08669955043509761,-0.03003510953815469,0.22053676744548806,0.040924723956766385,0.002728656587728379,0.019869648384820596,0.15737894761568308,-0.0012257654569581347,0.01419504132244166,0.09686926077119061,-0.06347162432512192,0.04086131237741822,-0.0012565557337844457,-0.0031583030356953667,-0.054444289290869585,-0.10485219491491171,0.030254924227962308,0.3174686369032477,-0.047464901563239036,0.05214304237998977,-0.08283909201517571,-0.026731806485737846,-0.013524327689836716,-0.02622537863526955,0.9999999999999998,0.2760776663496197,0.2884166200735742,0.4062727715697615,-0.21945251146896436,-0.05683295991923282,0.12229861685799408,0.3761234191725567,0.2321216128593262,0.023496259939086776,0.0556706295080754,-0.04886093493344589,0.030486522928602024,0.3311860626177446,-0.06538097073920592,0.20507245768823387,-0.0518040236634605,-0.0485748571064462,0.21626268311120558,-0.09725574680268319,0.0720344081576094,0.46869709694723266,-0.658180993462127,-0.04011429755915686,0.4068104672586419,0.38233823768964187,1.0
