,FLAG_GFI1,CEBPA,HOXA9,PLAGL2,MEIS1,ETV6,RUNX1,FOSL2,FLI1,GATA2,SP1,E2F3,ZNF281,SREBF1,LMO2,STAT5B,ZMYND8,LYL1,MYC,TFAP4,RUNX2,MAX,IRF8,MYB,ZEB2,RXRA,SPI1,MEF2C,FLAG_MEF2D,ELF2,JUND,SMC1,LDB1,H3K79me2,WDR5,H3K27ac,H3K27me3,MYBL2,CDK9,H3K4me3,FOXP1,MLL_KTM2A,RARA,IKZF1,AFF4,CTCF,BRD4,CEBPB,H3K36me2,PSER2,H3K36me3,H3K9ac,CDK13,H3K4me1,POLII,MED1,promoters,enhancer,super_enhancer
FLAG_GFI1,0.0,0.15277298398498437,1.3808832069678287,1.8491159776583619,0.6482902492026448,1.6987884188220705,0.9997270150815437,1.3737036683091999,0.803420447885526,0.5501908038140831,1.4388620023235381,1.8540249890625053,1.4146251687253344,2.5275337523540458,1.5157599875053274,1.60011256061492,1.6108931010470207,1.4767984063761288,0.8526933724359412,1.3068621329393395,0.6327667673678183,0.658808849417966,0.51348216205546,1.3034529376723387,1.6432656592195913,1.8179364850853956,0.3308430564271601,-0.6490828915658973,1.660694767955044,1.0037085072628256,1.4856708103800809,0.9232624048728422,0.0,0.5699312134543584,1.8392906381627925,0.5398120869187476,1.1534966382914027,1.900798410523361,1.0824906265412553,1.1825568750273796,0.9938210900131588,0.3521647640056747,2.2301299643194543,1.094334099296269,2.3130908989200716,0.3265412823919172,1.0084638157904433,0.9248549883091127,0.4854752791442535,0.5636268672069857,0.0,0.7839974289545006,0.0,0.0,0.9433654183313059,1.2748351001722353,1.4330982088679884,0.1336468990488644,0.4581127064940807
CEBPA,0.2586478878632392,0.0,1.532652551468371,-0.4675445550722404,0.4650114394691615,0.6503416202031085,0.07851899743273048,0.0,0.1924213622189756,0.8259049249865579,-0.2035063775378722,-0.642551131070513,-0.8050170623799952,-0.24835643510988298,0.0,0.0,0.33835095519197245,1.0377609046434206,-0.13316251059648881,-0.14934287705385418,0.222247000674849,-0.1047545845500541,-0.09531199055134656,0.7071339250603037,0.5713087128612516,0.0,-0.21417123436756622,1.3518674340078813,0.15308609013049942,-0.18407964148837153,2.05181162371237,-0.6331142084859919,0.0,-0.19721886764494653,-0.9588501919132372,0.0,-1.1834946547729694,0.0,-0.1998590214787519,-0.8688918481649895,0.8182674574442151,0.5467582911835698,0.21481224514639885,0.2801684039899763,-0.8453466669575428,-1.1708994501722518,0.0,0.8094012142878223,-0.49992928163321837,-0.3785945306734036,-0.20440909653070105,-0.5526495152806796,0.0,0.5192809836568086,-0.26246188287736766,0.23447467404218206,-1.2258033483110093,0.2577789834129274,0.0
HOXA9,1.0893443061923085,0.6094263891283171,0.0,0.6816969193606678,1.2533038530464993,2.0393887317304755,0.9455296971036119,2.061667636029149,0.7880527272015803,1.6936716600222836,0.9468758828329321,0.807850872258642,0.0,1.7752495449546455,1.2253745277212695,0.8886606695363601,1.5465539312860237,2.3107941237318452,0.7027336403133877,0.8982410729116221,0.7587317717275498,0.6909326956216193,0.7115475007073391,1.9609608714123914,1.6821265753433439,1.1275273054400328,0.34961346915814834,0.0,1.552533002603851,0.6290763988678374,3.780250226013012,0.4190104040804793,6.528711459017048,0.0,0.0,0.6465386289028955,0.0,4.714526043790175,0.8292276047956733,0.0,1.4359889986832828,1.0430154974292938,1.5615153162461615,1.0552825586107089,1.3869920173900956,0.0,1.043726160554426,0.42586644359061543,-0.5937860565803963,0.0,0.0,0.0,5.014715479650035,0.7591177734489851,0.0,1.0553165069999126,0.0,0.8621448429085669,0.0
PLAGL2,1.6578737421237395,-0.2886203545880374,0.7705926869626857,0.0,0.8860974643784476,3.4505026091845474,1.374508138229277,1.8644085737901057,1.3522786701266698,0.0,2.701089504597763,3.6195639435832936,2.675933396760789,4.658892294094707,3.2822323890500997,2.4231051147793465,2.8353239480171037,1.7243668362911317,1.2360872744382496,2.2311273590294527,0.8445728248773501,1.029746487507135,0.860866545643015,2.0741450964680745,2.6185946574055143,3.124123796425451,0.6258595738912618,-0.5611825629008517,2.706941145203558,2.080288851418581,1.9925686206955866,1.7822042940638643,0.0,1.6395003084410948,3.860101211562269,1.375305041153702,0.8229858977872826,3.5013647825598575,1.7068550520628634,2.5222356134195296,1.531741921162489,0.16704791728257248,3.6227566592888563,1.7809129808244917,4.054093560953293,0.9493053315670812,1.768394620801542,1.2448722726062622,1.0620746207203675,1.51823261543172,0.420806745694069,1.7876163221225996,2.8025887529070608,-0.23023929267288543,1.8849487992380118,2.1434145379598446,3.307798670233494,0.3634218612159547,0.6816521378134178
MEIS1,0.9963923600275685,0.38147539846990297,3.8305400108496763,1.5942847462769387,0.0,2.7176757286119253,1.1553758400594218,1.6378787389536176,1.098338736574754,0.6120725493299084,1.570503436593157,1.5903653306294971,0.7986326244930365,2.196508561816384,2.1709526789584865,1.324121829564212,2.601390666000618,2.5675901581323224,0.797244336642954,1.3137043298632296,0.9002529627091038,0.9325869730383075,0.6696011586704321,2.5693274494574356,1.7744333235442298,1.6079314793495298,0.44328910825671375,-2.1539209842433458,1.7936696621001607,1.342528145588848,3.4730913987371035,0.996486010127478,0.0,0.6263199613482111,1.6911477969907647,0.8941753361785423,-0.890373170838174,1.0973103575909149,1.0879319386613326,0.943407353491594,1.9786572868625345,0.9169294549662953,1.781930314874248,1.4929361375076016,1.502508261766223,0.25521569348547496,1.3533992939108541,0.8621913551237339,0.15131626193005956,0.39912351698443854,-0.21770662996010928,0.6958683231309731,0.0,0.7093096452211499,0.8042624840670995,1.4330045690042277,1.1315506225404328,0.7752348904574355,0.549985977079743
ETV6,1.3938261636578826,0.31974919066700513,2.2333535524054873,2.8382466136811892,1.154873063403616,0.0,1.3384522438681616,1.6540176974999934,1.4432518666090695,0.932304187194041,2.2634647150572595,2.6252200169808813,1.8820753592675998,3.4144822224859346,2.692972390939166,1.9587277250755888,2.7731656477801265,2.4298470255419726,1.0712110632250054,1.765437263450317,0.8722021718428902,0.9544769073177584,1.029454441309369,2.1699919062742667,2.6214464827817316,2.4354443321777604,0.7712030135482357,-0.8092053321171133,2.319723883507194,1.9090601611545546,3.0290491921136997,1.463349525667204,3.621014612753026,1.2550137959004797,2.8721094052752947,1.1704939095738416,0.0,2.7522043625707586,1.6181478453975247,1.7803244744593267,1.659002817288887,0.6330248312518788,2.925931010856479,1.9878016004779175,2.73904662992133,0.6139638534615857,1.6092331111961287,1.1746491856557386,0.6069060556205778,1.1247190621278371,0.37519565038526714,1.2502408752888332,4.720550286303941,0.3491081251139688,1.3907419069355011,1.7946202799204714,2.1630251886678784,0.6149422374963232,0.8366136757890679
RUNX1,1.6305753075001563,0.0,2.039564932640851,3.058124777876405,1.125353430050305,3.5502585188771985,0.0,1.4521397565168228,1.405043366476484,0.5745547584282906,2.5461961810813927,3.0597091393728473,1.8241445243960268,3.195106248948007,3.6327685879235934,2.2430950971636383,3.8449374798542877,3.308424264092532,1.3155303139533776,2.0770371248965165,1.3515501283696092,1.2794520387475508,0.6718692980696096,2.682396034688421,2.4991328337109544,2.755038462812437,0.519603896310088,-2.2018796627712325,2.693712098035554,1.8140136942517031,2.8985786372190256,1.5717498422237433,0.0,0.981306229722749,3.3739048744202975,1.3727411478898854,0.0,2.120190590567335,2.0323759857854715,1.9149866240177191,1.9115404598001262,1.2446827716158877,2.7437219809522064,2.0242964151428047,2.85937705224567,0.6042072649050627,2.186994738685049,1.4694937460495183,0.7988453954394156,0.9868407545920214,0.0,1.5286697757197263,2.5306303781077504,0.5905499696486354,1.454046141838426,2.094037301006631,2.4608131849957773,0.9902094781577322,1.0070420336209172
FOSL2,1.1190419341579674,0.0,2.1623944778127395,1.6174259875954213,0.8179838386318424,1.597962352397229,0.7652909026313127,0.0,0.6019661415976877,0.5532457852479493,0.943364545956717,1.4672807064198807,1.1622585882152439,2.6398192197673302,1.0001140769815877,1.3276138053926463,1.3064639674872054,1.6685706899008346,0.5797342948563893,1.7676273684380868,0.5039524499155655,0.6882082438628543,0.5115031714820011,1.1818349827067722,1.2501576626771826,1.8313494278228497,0.0,0.0,1.0067620426345216,0.5971366073913497,4.245763460273079,0.5179333979225603,0.0,0.0,0.0,0.5322280135032271,-1.4788923725077896,0.0,0.5358639378818234,0.0,1.0945389918288806,0.7980576130160822,2.609838369275688,0.966414731123009,1.702936796049041,-0.39632189160723263,0.9801085748411881,0.7120486998726058,0.0,0.0,0.0,0.33134924546259903,0.0,0.32943369078483536,0.6204440284848485,1.1744624312982939,0.0,0.653934655938602,0.44868376702046187
FLI1,1.28064189636916,0.16051327629614115,1.6172499021224174,3.1398202296141537,1.098338736574754,5.223209249605058,1.4470988044032735,1.1046636980536106,0.0,0.4578558893038145,2.625662271976849,2.9160560160341458,1.5353650777819412,3.066825697788442,3.572627373237396,2.007229171844736,3.7583730512709805,2.8140396579517786,1.0937036728290706,1.64415825891194,0.9640287663698562,1.1524890981439497,0.7639506313602858,2.393339944754946,2.7139332927248905,2.356537033423658,0.7945351685753113,-2.3164726305490198,2.400583886379339,2.995425601299394,2.6637231867349347,1.3835960663197469,0.0,0.8896007410838063,3.2052494237987115,1.3382355642304067,-0.2845963536967904,1.573230099016781,1.8141163415582053,1.9357819040632867,1.8539009919880494,0.8882576262820242,2.297270013659744,2.216840264497143,2.443101008193394,0.4222683502880705,1.8670779865370202,1.1716874116951548,0.6746545455054199,0.7387444302101052,-0.17960336710184677,1.3274841830633064,0.0,0.682220068913007,1.3528029663127132,2.1001392266833503,2.517573844220716,1.0084374898312918,0.6685050411882562
GATA2,0.5033711164206423,0.4108185179302897,1.976838698728033,0.0,0.3828881076153917,0.982677768560854,0.36836170223204673,0.5924003325073722,0.29218520461374825,0.0,0.19192254245701504,0.0,0.0,0.5409507413836478,0.6034390903357604,0.4368738780249002,0.6494666356319184,1.6924854301955607,0.13614654891726208,0.3208306944252361,0.2517846343409297,0.1263860239881406,0.2116164818401434,0.7762075073633959,0.6030791081321161,0.5096545373265986,0.13965271232779586,-0.9746300341684812,0.6020512424598179,0.24340925867849483,1.571365972764657,0.0,4.824808081076576,0.0,0.0,0.23500244339243545,-0.47760082879903976,1.7804139617181223,0.22511632932791806,-0.19538583803554102,0.6504998279421355,0.5802395797229051,0.7750462418612819,0.47276297551801616,0.4621575861493095,-0.5270556457487395,0.3905363380094675,0.17010661485458287,-0.2987681419448997,0.0,0.0,0.0,2.7438880856930083,0.42492867982691634,0.0,0.5019422096308288,-0.4957857574855036,0.33956980009296395,0.4457462436700116
SP1,1.5066707036393752,-0.13118844931443935,1.2321932835228318,3.6256823000631253,0.9835981814361099,3.444460762825847,1.4280374222130856,1.1874006240077504,1.4128697236173038,0.21369791008412514,0.0,4.34304757842421,2.6582590648283118,4.357987791928281,3.877698902170663,2.401597208949811,3.4810802724336725,1.5891396273265552,1.3776074015380826,2.111990441584298,0.9538434237430122,1.2351975366659105,0.7069087294696416,2.2804087801231305,3.0454359104771878,2.960401317249929,0.5339547100016689,-1.8177281858713252,2.998639482827285,2.160246629009623,2.4902300787998892,2.12078103609563,0.0,1.578302427837314,4.415191646893672,1.492841389705732,1.1943740686002455,3.355493397460529,1.7933418177071376,3.1686554115382317,1.7200397030126464,0.14704134066835356,2.932391623182729,1.9494943079500444,3.948894186712615,1.3287314326029518,1.8721146386297174,1.3898084285925592,1.11604614735304,1.5001736332716327,0.2261149526060002,2.0232703967825536,1.9620554347878536,-0.2096813782115337,2.0066231657472446,2.3539991507801985,4.419395381263361,0.5309432152461525,0.6385121611302352
E2F3,1.685206355033175,-0.40823331749243985,0.9287038780416531,3.7452984442799706,0.8935008028095265,3.2051390584555293,1.3919454800092488,1.6988819983547312,1.3207233149820257,0.0,3.0821864357805464,0.0,2.8420353431998295,5.312043401055606,3.5936320389460152,2.478802771183108,3.102470303181944,1.1961720626051222,1.298602719714281,2.256893229595977,0.9051140342928006,1.0935346988813799,0.7637839757400464,2.143038571909824,2.651993077994905,3.141217902272217,0.5601272788826651,-0.8378316022905153,2.9378843178839396,2.0624013651408264,2.044377406849568,1.9519396948745458,0.0,1.853170904090204,4.4318141892654985,1.431579432094663,1.0040218626517505,4.37966388459195,1.7836288070408142,2.9970473053114475,1.6121561796076267,-0.26142421677365196,3.5146336698806016,1.7930138236820137,4.784243625989496,1.2230872845361018,1.797129631571604,1.3185061810106775,0.9918339811439728,1.5968608398878603,0.0,1.9674405441427805,2.6308741067713224,-0.725489278560949,2.024027375943032,2.2316101468829665,4.082673670376579,0.0,0.0
ZNF281,1.3425159961375936,-0.5292396414567823,0.0,2.885386220701959,0.5125352199075454,2.2444691084230435,1.0395953184174322,1.3591713976139133,0.8908892861067192,0.0,2.2819615911085163,3.007362013066989,0.0,3.744260979748102,2.592826483215074,1.9111317811408937,2.173930090416905,0.9881041811987158,0.9689533490399284,1.797963966760319,0.5209106305787509,0.8229766241554026,0.43609752522964423,1.5402935795084225,1.9839178466776923,2.5183337533090406,0.30722559362678104,-0.8891065588219526,2.261177888871404,1.4994036990290462,1.3098175014322313,1.5557749899020494,0.0,1.3131953080924705,2.9315614506085264,1.0930243917775033,1.266577508074166,2.738489897309754,1.327269923908275,2.1874792790333717,1.0218265610827058,0.0,2.8176548891925366,1.3426810058107954,3.6902328351547,1.0071643048667929,1.3493857540814076,0.9782163114909054,1.1746474826229067,1.3710597480602933,0.6331724696629006,1.561284748868439,1.8459313790828302,-0.31419963948704044,1.5230173126218394,1.6822465256288002,2.8545301764122653,0.23363420512537902,0.6170357374721123
SREBF1,1.8675897836338804,0.0,1.8497483535971653,3.212303839003381,0.9951606201048498,3.1724317297287783,1.2435749480094889,2.6363425767060296,1.1887163544186405,0.5055409990308725,2.4236697912889356,3.3054236470079856,2.6307467993919698,0.0,2.8767196086608178,2.3008626782102537,2.6286880135104895,1.4188336441774003,1.162797515180123,2.27282386849706,0.7742060712965613,0.8803399755189247,0.9469554457782257,2.118119016334366,2.529458558470689,3.0867726411860414,0.5662083038113873,0.0,2.5571654995964717,1.7574965252464014,2.707784217791704,1.5840165494856595,3.1142067661340356,1.6963647579029644,3.1708360276617436,1.2087489154149218,0.0,4.098332046959764,1.5302633337895657,2.258169378916223,1.5797892605672104,0.0,3.779401287658604,1.6438288358482538,4.404993385193817,0.9793701515775134,1.5487379548481062,1.1700973224274192,0.743357266128036,1.5263463566627553,0.0,1.5479253533848074,3.7226800778452755,-0.5981980553397325,1.7841927241501556,2.029504563855144,2.854190574907905,0.0,0.0
LMO2,1.4014762169808335,0.0,1.456698557941983,3.4239187350422515,1.1187958862046334,3.357693179243808,1.509362451709554,1.1324079416886226,1.454979059836444,0.625086608950119,2.914592748891988,3.6473405787245974,2.4945875220324187,4.0579593342615325,0.0,2.3047508648305564,3.2905078327982955,2.081858544029592,1.3052232153039436,2.1083515288889996,0.9871360089212677,1.153083694615282,0.9016901166946173,2.501946458176075,2.7915121327640597,2.8988312588412004,0.6890463580860507,-1.2730604771967087,3.0322127079483674,2.1597366204653463,2.5242671697969974,1.86627658427322,0.0,2.240236559466455,4.3621822516351845,1.6263558197909858,-1.083459222306808,3.641956926588401,1.8169595735170925,2.9170695586662734,1.8086583957621283,0.4274195120752227,3.0480060824001654,1.9611923062505696,4.261259503029082,0.8654429930880534,2.0006783079518184,1.3559837386134832,1.0373100743926358,1.7561859867991823,0.5671544662511794,2.021208649048732,2.0980419085752207,0.0,2.1218908993381786,2.375265562091874,3.7340692279068297,0.43311512417992426,1.4141879418612646
STAT5B,1.8290732947838095,0.0,1.2280310770429288,3.6906930495071633,0.9087261971338239,3.1794320810932253,1.4129366213019359,1.9109190308692514,1.267295613131339,0.5177488948484851,2.7044961023331853,3.712831203935669,2.4121462929710513,5.2145580565230745,3.250003806730009,0.0,3.0322364991074275,1.9586937216163218,1.2029136986899094,2.22820315275279,0.8525616180360486,1.046175905179935,0.8382116048531194,2.111213130956197,2.586978398742547,3.184676882716861,0.6129340265636165,-0.8259232824888718,2.741679458416462,1.8098747269541327,2.218439578501544,1.5550986216140015,0.0,1.2701622696423192,3.488516460974535,1.3996177771562692,0.4250639454010573,2.8731775663588928,1.726882950340324,2.2860696912872167,1.5963822825747658,0.7782597143985164,3.5572599868019585,1.807989143879827,3.807469921719277,0.6419906021549217,1.852448649322157,1.2408883343635493,0.9042336594316058,1.2019747255622593,0.0,1.7035176703111976,0.0,0.3288838972549914,1.7304940272062928,2.241868837186088,2.939379664372262,0.8361677036654319,0.9292803110706009
ZMYND8,1.6276448001640857,0.1986781377364531,2.1119405257534627,3.5483760055941236,1.3567028191842498,4.6085798446423745,1.693515832216117,1.6517148202638205,1.6252742846797736,0.7187310731606182,3.2059771333337275,3.8958424409104553,2.377895582473359,4.638368788974399,4.177195702173424,2.5000626564646105,0.0,2.6119596062962778,1.4171050565968377,2.2176647077912746,1.1300287902015878,1.2667860906601274,1.0556365643213295,2.782885500505693,3.063885932881651,3.1236231116758604,0.7913526764039761,-1.249721465835922,3.2129131192023803,2.247662727901536,3.415700176377009,1.936351248927258,0.0,1.5827941204916514,4.1883643069038845,1.5429193159531893,0.0,3.210713928760357,1.9660545277469423,2.5753341493890236,2.1488175468712045,0.7176238561734934,3.3884727578961065,2.2118400796399076,4.01334595773804,0.7453316891683577,2.1204398832313722,1.4544490557282068,0.8410156856056783,1.3427922788144062,0.0,1.740247781613592,0.0,0.3562066190342613,1.9140125070276603,2.420482197788174,3.3950653057295175,0.7676388503963868,0.9755331799915665
LYL1,1.307751517363223,0.4982715444013952,2.870492994352259,1.6716842669355523,1.1884863924843507,2.701781630123225,1.386636854309934,1.8660167554811227,1.2485110100459107,1.696814658394529,1.339553173856591,1.153351896243166,0.9322286373268154,1.5693667675174603,1.9629013369718158,1.4917135039021883,2.1439796060821616,0.0,1.0477363541499118,1.7843523770960552,0.911611040339505,1.005729002709971,0.8141768529041088,2.1595761440834504,2.005064148809813,1.8109369597758829,0.6341581255852066,-0.8092949273312121,1.6809610641670667,1.3304251692483924,3.0511829389573015,1.0888003118913365,3.1433807910726768,0.0,0.0,1.00582967287197,-0.627370650350003,1.9107663331235951,1.36450654101394,0.31710610183199317,1.5292172308650112,1.2228686333998033,2.3256619116860895,1.643428839265444,0.601448764253879,-0.4959892373609406,1.4285270207450427,1.0821157497293954,0.5745370348722679,0.0,0.0,0.6882307814140183,0.0,1.039692928538723,0.8860994040055525,1.4662299666675904,-0.4347431992574863,1.147506494552515,1.387539053014831
MYC,1.557528790766859,-0.12110687227485699,1.5696106396231302,3.3299389516552385,0.8779823613341838,2.902165282475844,1.5293019269047965,1.1753680189677285,1.219776740762122,0.22333529417459888,3.1380659407730773,3.67874700042206,1.981073836336422,3.8834114822894996,3.6759605119856698,2.187807240647218,3.6511761270147485,2.482981115521163,0.0,1.9759987376746646,0.9288396180030815,1.6852650777919036,0.5967616911742971,2.2509160160701804,2.553422133084562,2.6946184947811878,0.43849710987365487,-1.4892405901412662,3.059922590965155,2.019528850424085,2.419695614668935,2.1431912283825323,0.0,0.7814167915932771,3.55236497471754,1.4849207927159989,0.6823372158439275,2.278263795526662,1.9733602694580386,2.5186843453962364,1.6170308813863963,0.5575734919109114,2.763388015478064,1.872152303214089,3.1550869744142447,1.4029631921591115,1.9837567202309005,1.4248848602263402,1.1882596148214395,0.9473856652454063,0.0,1.716479735801179,0.0,0.25590638990827846,1.759472525728825,2.4093603940990596,3.210100421386185,1.0726105696283195,0.8984102028346047
TFAP4,1.436187832356656,-0.09845380615144611,1.2175409998006688,3.0681072325675456,0.8862900940315552,2.593890328329938,1.308058131017971,2.74259744357664,1.065634533297281,0.3716649004817868,2.2662637038472107,3.040848697751783,2.1700166077237917,4.490553873875269,2.7415526695443955,2.160141366247634,2.5231666204835164,2.37536094767127,1.0996407499928553,0.0,0.7460452036492446,0.9925273777046213,0.6421502090052509,1.9773723203336762,2.2444101239826875,2.848476927270918,0.46438012555721325,-1.016083446661559,2.2730504050812943,1.5901576509523967,2.6646285654503368,1.48789593470781,0.0,1.0407055844303001,2.9658941451243046,1.141184413868471,0.0,2.8047430745162925,1.4953007814142656,1.8684762729009663,1.43247520476094,0.5521253274954268,3.2955004103626084,1.5233137363517035,3.4095042977954417,0.6899601788286016,1.6048273943518843,1.1927963815602771,0.8843811507481861,1.0820955985993461,0.27790896351955324,1.4356223230582457,1.855633740900324,0.16597769847247298,1.5227559605988874,1.88663653135614,2.4437751522889877,0.6050311817602423,0.8418479314779473
RUNX2,1.4297928632365826,0.24253533996697185,2.6608490814201287,2.5566617909668654,1.3098819820874446,3.2876218127245336,2.2880885415359233,1.3013888527720912,1.420533111655403,0.5255382699858846,2.594008541542764,2.905020531575335,1.1642515681177796,2.621113232442121,3.614184106172286,1.9270514253176174,4.523068179144841,3.2073682697091472,1.2116905558895172,1.6250317491122888,0.0,1.3200601554826623,0.7064677685952622,2.9394107085272525,2.2775030532682408,2.431328028344006,0.4951175596854887,-2.4610259310317026,2.6820031370593393,1.7329850128165676,3.8231184096030515,1.3903583072403962,0.0,0.849485117846655,2.9478495748854723,1.311697524727245,-0.27348932293337663,2.710906652459205,1.8675512128028873,1.727691944995,2.7112341639069397,1.1508929414789453,2.320638313517437,1.9242511525307067,2.2597870717520494,0.5844795484747619,1.9394020829229917,1.2329202946370195,0.40940778939107775,0.6398562154391715,0.0,1.1671019968352898,0.0,0.8868504967645569,1.2008252017551682,2.0023095337447523,2.2552563215449304,1.0606721078038743,0.5698550482046846
MAX,1.3520149606297711,-0.10631060495342129,1.9098178543815578,3.2561606767937605,1.2286076332605975,3.2799545456777115,1.838752116108934,1.818060392178092,1.5668752754266677,0.23413781125592742,3.8262183152319675,3.74989403203063,1.96705400550011,2.86697463185151,4.490825318212323,2.3084654580353297,4.80760336960418,3.255911342807331,2.1373906912662237,2.1841420296203977,1.189774425967835,0.0,0.6226621113526896,2.8656974598273997,2.7852290186153055,2.7413545964094674,0.5180999278069466,-2.7749817183628025,2.865321120526871,2.557509559715896,3.515809501852438,2.7134237474294443,0.0,0.9518483020605157,3.421656635751352,1.8891791817406445,0.6494083952194613,2.115685417138635,2.253237072271604,2.9597999203739116,2.195719253519931,1.0288501727903987,2.4040177587317646,2.4778844513345573,2.7056202443414343,1.748635104959737,2.717357264394355,1.686417666027662,1.2271528496232627,1.0295159195067578,0.0,2.1554088706129746,0.0,0.683226385478968,1.7026084133524346,2.6723530725553215,3.471499506178407,1.5119454002157737,1.3403948468156153
IRF8,0.8441030859162179,-0.0865620992216529,1.5966201184497002,1.7515839827224928,0.7336010883928044,2.6701827271641454,0.7529857644808176,1.0072950134089471,0.8399142331687814,0.3533250267429579,1.1779768189617377,1.46730723116211,0.7324689219381787,2.400319386409417,1.8331525307127408,1.3508173185493253,2.078916830042988,1.6698263308433168,0.5965554209977564,1.00631558700277,0.5635532725347991,0.5405384136738924,0.0,1.650771940779284,1.5726341486852102,1.5290290207562796,1.1434867963542104,-1.346764263263734,1.5755542516367926,1.2570424314853885,2.617425044416212,0.5843921650751747,0.0,0.37150517694080387,1.7450961775283662,0.669140264845761,-0.9682134171767414,1.0965133959743483,1.1430079356772547,0.761380921484402,1.4313066821862772,0.7902803725020967,1.7416221740656597,1.497208653614248,1.534264338103694,0.0,1.1332420872799802,0.39195962019820596,0.0,0.24964968166437898,-0.3078339169199831,0.47004796932962517,0.0,0.5979420237956747,0.6614176081555785,1.179194584011408,0.8313352226449566,0.6017432153896026,0.21705594743460205
MYB,1.3711928125231807,0.4045364701846608,3.1935844660466106,2.570449552212205,1.4046525611687848,3.265151469387434,1.4852285276538484,1.5407835188255223,1.3434850555010849,0.8940137146938789,2.304529444581682,2.621799373589379,1.7281765034617365,3.37630950687933,3.1660187371973705,1.9388387858960903,3.0172329352850746,2.84103801769559,1.1537119294215104,1.8733648387152377,1.018457312681029,1.108539395019081,0.9299705716048845,0.0,2.4756236211362297,2.454528788469805,0.679105752491481,-1.3235605870870124,2.5364622727892097,1.726138328018989,3.356904254958566,1.4479980343371268,0.0,1.142835310238632,2.716345831860336,1.4079785121186263,-0.5909880429299502,2.8480934845999704,1.5946203028453967,1.830936024488545,2.016095552087324,0.918515258188069,2.795318944951425,1.8355098314035796,2.8736099248258054,0.41991510219262396,1.8369500343744973,1.1824719940129835,0.5584003283642495,0.9368265310407358,0.0,1.3421470182044493,0.0,0.6676836233855812,1.4417119104626008,2.03205526829902,2.212583825128275,1.0525592683569926,1.028018617307959
ZEB2,1.375370319818695,0.2878521424825104,1.85299717598967,2.324276029868172,0.9003062352520914,2.6956555320805258,1.149936769221548,1.308424636949012,1.1713509968799058,0.5829842902257254,2.143483412764527,2.307492801628521,1.7218502963767601,2.7459061945442107,2.3901328116352967,1.7500901225912378,2.2610198798058794,1.8868821792135164,1.0198516946305627,1.6168184613253518,0.7492830434303844,0.9043808758722605,0.7505760857075089,1.8310294023049412,0.0,2.176431777359301,0.5293021217159022,-1.2937029053971962,1.9979221466203374,1.559227323218242,2.436825441155712,1.4660308172581085,3.5490340103177482,1.1479224892049507,2.430101234261593,1.0766718721263873,0.0,3.1400582638261056,1.3158496704100735,1.6831719128448182,1.3461390051278899,0.5092339521489726,2.396484544951421,1.6849573394151127,2.4059923765889835,0.9115264005655516,1.4330893434968883,1.1735620220923022,0.9530671904111141,1.0917008363311673,0.5601068300005666,1.2547171505370647,2.9564583254867167,0.31799923478480946,1.3204925016866367,1.6988082665918154,2.1212252534580993,0.4624209129021342,0.9779710535648242
RXRA,1.6383970621271413,0.0,1.311889685264088,3.147773173389532,0.8944155401538338,2.8653579947016774,1.3074755655798607,2.154092358315858,1.1628071574533323,0.5218791078540814,2.3526011832860982,3.0831890422989687,2.3730622142081237,4.376494572885475,2.8215650506457735,2.2277397951490836,2.5918406016180593,1.8796892177934703,1.1248670273878434,2.1272681726150737,0.8257337242352909,0.9591771280155584,0.7823860898041504,2.006872740712702,2.4449703805811547,0.0,0.5496604024736612,-0.5452020065663371,2.42083232926301,1.6575354165090492,2.380196413866406,1.5140033566761386,0.0,1.3031164238295923,3.2492080531759058,1.242521809724587,0.0,2.9031447313235126,1.5359539959702508,1.9983937551852757,1.5174370245547724,0.48370773492139935,5.4817423639150835,1.632532566845569,3.6226797940270488,0.8320375802652478,1.6290031132156724,1.2491832147395099,0.9544640401454354,1.2966985729895066,0.41694873228085505,1.466914610065033,2.143245896839788,0.13946211285286755,1.5928177410998339,2.0082748083538133,2.4941228504772095,0.5629278304270459,1.0153005030683764
SPI1,0.7175844211705328,-0.24770061936801066,0.9389309870932806,1.7956142221819216,0.6601400487388953,3.1160690804807762,0.8036308189629952,0.0,1.278483970894361,0.303904471188322,1.2384962615448007,1.4984630002314892,0.6861555275016978,1.770504255459224,2.058767357040561,1.3861794520996864,2.3436504792412824,1.895335906711966,0.5968426065409147,0.9926449467766199,0.5430973764572224,0.6165524247020442,1.774456491125501,1.7194005797656444,1.5138259062911592,1.471963162417393,0.0,-2.5643402265465167,1.3253790289281882,1.8890536513905105,1.7135104237177947,0.5441144791584401,-2.255867358140744,0.48910154138971274,1.7766322360765945,0.8508109824362663,-1.1972161734386046,0.0,1.3550145325260696,0.8088942015482976,1.3736963940102287,1.0013998562393598,1.4636892203334784,1.8257078836665035,1.2014001984347893,-0.40187291008077425,1.3129541362468957,0.44226006260475176,0.22176658049207937,0.35583099985144195,-0.2868855238759709,0.6180310724189892,0.0,0.8353085231064559,0.686501696146909,1.2182523903858997,1.0473024096685821,0.7425086047397288,0.4435528476383337
MEF2C,-0.6104161328036107,0.6103902239044262,0.0,-0.5519732342300118,-1.731533083932776,-0.8309427555876873,-1.7925234008741786,0.0,-1.8788496634134375,-0.9729805859796331,-1.7134314193404572,-0.8206091306135294,-0.8597941361529251,0.0,-1.2473428162734377,-0.738046520326975,-1.1827195476872627,-0.8071674969559155,-1.0923122647294632,-0.9226138333983805,-1.747660507167865,-2.092478550430174,-0.9760369159246723,-1.2330973223177082,-1.3152276732495563,-0.5352674277492486,-1.757778232921631,0.0,0.0,-2.0541842990196786,0.0,-2.283992301842753,0.0,-1.998223724326206,-1.7841135872509206,-1.7350873976937615,0.6067016096347786,0.0,-1.645371469584072,-2.151251021103855,-1.3502366081374206,-1.4867423628214806,0.42170464661690027,-1.711150107257831,0.0,-2.4957021143132567,-1.6114632114590643,-2.036062315835218,-2.4479298820463358,-1.934957820888059,-1.524718451013077,-2.1049790832721653,0.0,-1.5162474258779142,-0.9604976120145998,-0.8759925104336608,-2.710503366725009,-1.5868769127900344,-1.569256936379953
FLAG_MEF2D,1.7078353847904657,0.09314792200825889,2.1675099719540314,3.457086090804625,1.0711497611680227,3.4202509070530387,1.448152191881444,1.2521946019231043,1.3111829316863794,0.6727933418065337,2.8856077504951703,3.7643731278679446,2.5450359174054578,4.614633593374529,3.8811897709621266,2.3583825667259437,3.3271020547116104,2.0040472956252677,1.335107589251656,2.0627999631996974,0.9537803198342846,1.0822154148656487,0.8780300817375046,2.430420655200967,2.6588560767221194,2.9551258823212185,0.5540170360873851,0.0,0.0,1.942572530392656,2.7012415282823117,1.75328203582487,2.205614929351025,1.6160643580428597,4.294524345213222,1.4222805604931397,0.0,4.284581541965642,1.7476234515710338,2.6141173518526544,1.8200615627026167,0.37976404274801345,3.3249180867519557,1.8554354919254423,4.309984791205735,1.0331033000736718,1.8058728905255794,1.2482509881300592,0.7219929717322421,1.3084058595546015,0.0,1.668916393690115,2.7233676440170953,0.0,1.9424281341003888,2.3209670262353543,3.430529005061886,0.6065117371554819,0.7680262905464779
ELF2,1.2020599752595076,-0.12951744419021802,0.897669961099176,3.485720129744787,0.9877005469415395,3.7252852411115054,1.3072227108764976,0.8237615512269659,1.8151737713719163,0.30129229915379346,2.7624465269854777,3.3299841195987177,2.0118554918778155,3.3857548515444953,3.5739523914698768,2.0106776949360237,3.1249214819544013,1.89029473863252,1.2318553952929447,1.79496554309896,0.850019763349938,1.198410443305649,0.8453780262588476,2.077531589825081,2.5089632031715916,2.418773465382771,0.8121652115745679,-2.2740294296255645,2.4916045994155738,0.0,1.8928494441807373,1.8187073522060069,0.0,1.3331677917275266,4.021702512633376,1.458360966383551,0.0,3.033750140397906,1.7623094885032917,2.581107108401563,1.5982762715528571,0.5607294071490652,2.43568931450032,2.053906027477539,3.3195070793676624,0.953378665173139,1.8274667304990604,1.1858495618874423,0.9567802753161183,1.1947030587173513,0.0,1.7090664799346988,3.4922486401611446,0.32669911611045893,1.6950424827498916,2.0698359137167888,3.3286426801818396,0.8971556114277878,0.732853679169171
JUND,1.18641859250194,0.7488317853575898,4.051195235315061,1.6918141447112238,1.2372183211531054,2.7830917153737453,1.1762034316323395,4.060161758050708,1.0982968927528256,1.4064657983277624,1.7276196156120591,1.7060914933044045,1.1101589995114474,2.651565617381183,2.0222197242273108,1.4679041580441916,2.223314176515069,2.508584416277583,0.9411253735781686,1.7087534500152792,0.8824315295210873,0.9422281588683584,0.9811311427352484,2.0771808964826453,2.227697716301968,1.9629589342638196,0.5498197725983854,0.0,1.873500535456214,1.2007823873252745,0.0,1.0168304591945292,5.27522376492384,0.34787639709474194,1.7795617073178194,0.9962201904802951,-1.184403690238844,4.568511220194448,1.092565524958635,0.7252115884463792,1.7106162760031078,1.1529346753052832,2.540916384353916,1.5527016947250305,1.9936827222055344,0.0,1.4193781725150811,0.9502158033103857,0.0,0.358053057900667,0.0,0.6228532821090306,5.3324243210586975,0.7865824498388404,0.8541669218287815,1.599984691727779,0.5471447949374887,1.0524069714749058,0.9211192522822276
SMC1,1.1909544685628186,-0.48628916965613456,0.6177475238917605,3.209001664470971,0.8118855197355485,2.7035821230227373,1.2603397127384939,0.7566610421305338,1.0958513458379688,-0.17179019724184721,3.206384451308269,3.74844670086333,2.391680129262154,3.3538905459249473,3.364055975270012,1.8970751198997182,2.9817160835393386,1.6311112045542575,1.4021622985577027,1.8520214805556343,0.7740411363151513,1.348501519688438,0.4495252419146157,1.890826493695923,2.6368276010229166,2.4379066699778535,0.31349939869804394,-2.576436916942202,2.5066032016498037,2.031308600533688,1.688118611985433,0.0,0.0,1.073898610680855,4.2942379745803665,1.2235509999590606,1.4694169471268457,2.363459814556945,1.6958869847848486,3.0406936373839195,1.2544983900200875,0.0,2.27055480987925,1.838356115152593,3.4604966753740487,4.807322312112887,1.7542707218275482,1.2620828569578664,1.1295089080709595,1.2899027723313348,0.2627961229131182,2.00160310926373,0.0,-0.23043890394043187,1.6551007763753267,1.9539011806586881,4.083295511621836,0.489772102968077,0.7472189873954647
LDB1,0.0,0.0,5.70893398225987,0.0,0.0,3.0071243944437143,0.0,0.0,0.0,3.1326394050136934,0.0,0.0,0.0,2.82885166632957,0.0,0.0,0.0,2.4218028273030874,0.0,0.0,0.0,0.0,0.0,0.0,2.870436864589222,0.0,0.0,0.0,1.5498114875576126,0.0,4.4174865895760655,0.0,0.0,0.0,0.0,0.0,3.290424304444837,7.046273457633142,0.0,0.0,0.0,0.0,2.6053777904332724,0.0,4.395592692503324,1.8193253714089068,0.0,0.0,0.0,0.0,2.767655949340387,0.0,9.347105717064997,0.0,0.0,0.0,0.0,0.0,0.0
H3K79me2,0.584459749681781,-0.1263173961837126,0.0,1.9053780806912262,0.4361155770923499,1.5670210159940527,0.6709897417898667,0.0,0.6014912458345434,0.0,1.561437789171294,2.1521583264186,1.4318127584730542,2.348145122727928,2.662392065557556,1.1755509915875235,1.6268015933598339,0.0,0.49108320429525215,0.9877542440615542,0.42755600975293856,0.508713494914624,0.24582418736087708,1.1252107057658292,1.3946164501209084,1.476805811438,0.24034164429896682,-2.1038285310584364,1.6334594762583574,1.1387642766053667,0.41661283050287684,0.8643329255906347,0.0,0.0,3.1669578875494047,1.0797257740166062,-3.4619166289197407,2.7989905437188436,0.9576697239444794,2.1252047074902185,0.8065639007617342,0.6581882894037226,1.4242130987533177,0.8144336100119747,3.411374630016432,0.0,1.006133699085642,0.6397320171476517,0.8286001087236331,2.2238327098495136,2.275204935695971,1.6420514370075108,0.0,0.27768021121386927,1.7567132130877252,1.3254543671091545,2.685209680881784,0.1151622548500271,1.5448090692404162
WDR5,1.3839310354697227,0.0,0.0,2.6713392731125287,0.8080710338697048,2.5199539191461566,1.221284953420365,0.0,1.1645094166681136,0.0,2.2835441537685077,2.806747828421457,2.1044387853518134,2.904663631253105,2.758389018534808,1.8743782445845623,2.355355987329776,0.0,1.0869315019346528,1.7634078355095844,0.787620246344461,0.9098881559914297,0.7516532269132418,1.7553812412159109,2.1286208545565812,2.3841799187449233,0.5499392145280788,-1.7036987078107728,2.325748972775193,1.797377596384912,1.7168512643579907,1.6588390098842027,0.0,1.972971083566201,0.0,1.2377727436235784,0.0,4.41527391198731,1.5006912072656846,2.315280167297164,1.438926014535645,0.0,2.7288546641611524,1.579758182168195,3.447737993555333,1.4000964890620622,1.554770445121169,1.1417865512332575,0.9801723932428518,1.7848315261949685,1.330611514917926,1.6395172075055289,5.306897750942518,-1.1842052114610462,1.586840650275663,1.8098487643736576,2.9775344942358353,0.0,0.0
H3K27ac,0.8206370399537986,0.0,1.2634759348217077,3.3708520120355177,0.9049341550867355,2.865945440798837,1.4341976544846364,0.965795936874962,1.357444910019112,0.3675194971855477,2.9729415904573893,3.6121719776328125,2.0696331135559283,3.291270894043764,5.903678162171401,2.3580523098464807,3.4390943633568622,2.000099300681202,1.3355173674661194,1.8260731802954868,0.9121908896283951,1.3640856231986818,0.6186333141608279,2.6428224927275887,2.3854380236838355,2.7076752066449865,0.5644058378956146,-2.1675182200774277,2.8214595668014977,2.210272851387355,2.2855466661235533,1.5925082116152742,0.0,1.8232709446050528,3.9468862757490157,0.0,-0.6310784621131278,2.7020020179723554,2.0117408904183693,3.4752391180747932,1.8058810185238905,1.3028196090788353,2.618980965025027,1.9993326797788424,3.936526910518913,0.28455008705079865,2.5121162099470844,1.303982530827612,1.5289038667925798,1.532837070169248,0.57753974325046,2.6819500935446023,0.0,0.9808930627029218,2.190545984106331,2.9269076828581833,3.76309726737421,1000.0,2.913061940429524
H3K27me3,0.9528577711124187,-0.7511845769607542,0.0,0.7460200054359948,-0.6266932307372753,0.0,0.0,-1.478339135732433,0.0,0.0,0.9475981046099738,0.8949921078535702,1.0875682881328417,0.0,-1.0203077952268722,0.3382608490630067,0.0,-0.5987218846838328,0.36523877924671083,0.0,0.0,0.3072670016936717,-0.6487151560796159,-0.5171470824754302,0.0,0.0,-0.6723425417987491,0.5676072730719773,0.0,0.0,-1.190124925238445,0.9210339412242782,3.7189321728511504,-3.265942022724861,0.0,-0.42942025450601806,0.0,0.0,0.0,1.6114058629831731,-0.7979894622463708,-2.909054848869078,-1.090290771044759,0.0,0.0,0.6791591212107647,-0.2677637860837468,0.0,-0.3877294892749157,-1.4793217413133735,-1.1365463789078678,0.9213816167621803,3.56408071709707,-2.3482948326459683,-0.6005368882560749,0.0,1.8576873570555978,-1.2265758768743875,-3.0768297992101745
MYBL2,1.4175840598958127,0.0,4.483074410270194,2.5055532464049466,0.0,2.417629686901073,0.9595690152354615,0.0,0.7654065986255503,1.5229227956861544,2.0049116128712137,2.775749985514695,1.9971297881524526,3.5752097154185476,2.494091805367608,1.6810897280074282,2.046500917780957,1.6181638092022048,0.8848180585291605,1.6987108784888418,0.7582036050155815,0.7277370223294115,0.0,1.803473416470812,2.6266495023525525,2.192652145303444,0.0,0.0,2.3130261193068344,1.5783057934375293,4.02655361800911,1.2481906483976821,7.362373620605772,1.8202328683887739,4.362373620605772,1.0597986132670367,0.0,0.0,1.2854951623954405,2.0353626254251833,1.5278479362381228,0.0,3.169304829626716,1.2811387637978013,4.147167739862593,0.0,1.3053416213010671,0.8621255885608299,0.0,1.4324093900979273,1.6197966857752841,1.2459742586732074,7.531450227409763,-1.9303227787421706,1.3033092085130256,1.650109632788336,2.7994832996002335,0.0,0.0
CDK9,1.5754377993010982,-0.15636610698389147,1.4726360490342594,3.710699092570762,0.9540871187171941,4.271636748935396,1.7482213431485363,0.8482163033286444,1.5304100156734315,0.31434628956196387,2.969687411798496,4.007580589904378,2.19283983189418,3.9923716094534467,4.14512563812863,2.469487654676003,3.8678484580086976,2.5372839517439845,1.4508049889549302,2.106208505691718,1.0470435263040634,1.3204787642700138,0.9043118261331387,2.446919655202452,2.5849122592819387,2.948905979106845,0.7391783426436623,-1.960097103592087,2.955786631006332,2.232658238540539,2.10019372208977,1.8999452361666764,0.0,1.315895686598755,4.349851924935896,1.6492173814768711,0.0,2.93184023367858,0.0,2.8667480917097663,1.732340985030106,0.8171376234379544,3.0357911977174883,2.0936890962356047,6.220035667432509,0.9052626765318059,2.37286614599655,1.3537549897690344,0.973550068705012,1.4423067559862919,0.20682509286797957,1.9821541857720264,0.0,0.4386156762730718,1.8458838591355669,2.4117339531356103,3.4821116545011037,1.0567841696164715,1.4771900592795535
H3K4me3,1.229965759347375,-0.6026609694559307,0.0,3.261914108091334,0.63757481925622,2.4114534865444193,1.1726024350561788,0.0,1.1509516248776446,-0.2142324296828227,3.153411340408735,4.101234030429757,2.520742175855034,3.7087278221905766,3.856759401888616,2.0606945720956005,2.724020229145116,0.3537421201331431,1.2246974377174675,1.754846904144554,0.7470483023744178,1.1158678376904103,0.4825374615633258,1.8104098823163888,2.192338292666263,2.4065619783987815,0.37727796206066044,-2.265535879277182,2.6934719250231485,2.0427706169529642,0.9014201556996598,2.04502639980589,0.0,2.147784949250652,4.546799140045449,1.6058606921805694,2.221401752208187,3.431994664554649,1.750791095616075,0.0,1.3061120174226146,-0.5322630230122397,2.237379398117488,1.5971211123807436,5.018313968180605,1.3542584309051842,1.7410379046105569,1.120809939515109,1.0359894563503724,1.6526045401331846,0.2983774519560862,2.635136967227367,2.105674800550129,-1.1466376817460604,2.071259428189109,2.1026145491551183,5.587671157076868,0.5456355057222507,0.5529613754921164
FOXP1,1.339312798269534,0.5602382930177515,3.1854448914833053,2.6478365152297356,1.5475769409695788,3.7822267469588478,1.5502362924165882,1.9165761340787912,1.4647905083826809,0.9284918934225987,2.506055895664147,2.817947013382692,1.458386974915016,3.6522481432070015,3.447139052826034,2.048730380549257,3.9574386475347345,2.7703539651617155,1.1628374591420265,1.8504541977081261,1.2555698464030416,1.2254127824821546,1.049124166918762,3.1427560915542303,2.4369017724224684,2.5929680455130093,0.7132480701699345,-1.5997715946677344,2.816218310778533,1.8436969505835414,4.944584076657224,1.2986623411474925,0.0,1.028200276607295,3.2608285330410047,1.4114139669850605,-1.0156849473248561,3.80928482383402,1.6193714126981333,1.7639843979448726,0.0,1.0832624642051045,2.8037849319761223,1.871079200943696,2.995246695631463,0.273845053233165,1.9029456049024687,1.2053391161127762,0.2256194745812722,0.7645531795192405,-0.2501761270573318,1.193170540722798,0.0,0.7827727074772474,1.336654155893108,2.2112419538170114,2.2359819138846033,1.1266023111382242,0.7621478202989962
MLL_KTM2A,0.39507765700871883,0.34653756815243764,1.5636700971863275,0.197445947771211,0.6840604647780482,0.8336255989505185,0.9216173722706005,1.1043282881845755,0.6644127657726034,0.7233094632920585,0.15904168959494552,-0.2995062507614335,0.0,0.0,0.5079737252589767,0.8113024258564643,0.8137368135839284,1.6422310890972578,0.3952626805922376,0.5829650488551104,0.6066826174969836,0.5993091227577207,0.5466748952236672,1.0149921032599472,0.652793850410899,0.5832878231067453,0.49301066411257444,-1.655968285218851,0.4193854968766037,0.547635786340607,1.7278612374953157,0.0,0.0,0.7297296218032335,0.0,0.9248913977039984,-3.2019675381381205,0.0,0.6895465271248216,-0.5668967954834291,0.9456890447391768,0.0,0.790078409075196,0.9057281101938129,-0.5150904526299467,-1.2702781938458987,0.904140484047344,0.511360239398433,0.40106577157322326,0.21363468340083333,0.0,0.46819666740773425,0.0,1.717574147267157,0.4615439314891853,0.777368564703628,-1.1387946918166292,1.2280718505993684,1.4207613440375157
RARA,1.7172286281801101,0.0,1.6420551722396912,2.829967909109705,0.876069109666091,2.8148326645558797,1.169660564136558,2.6580746805296633,1.0327034912499529,0.7265258784606853,1.9908927932409446,2.710221111062393,2.204224915977682,3.9121784479678836,2.4226539167142045,2.027449435112664,2.2893489014905715,2.064985152588983,1.028119556200482,2.0035345090685905,0.7354398972349565,0.816731175778349,0.7835609765642667,1.9105970455766041,2.269075829302179,3.5135470463599705,0.5037651189818195,0.3994102703496754,2.2137974548257695,1.4706817667912429,2.643116344516488,1.2850666676983296,2.9016462115303887,1.1314336182589335,3.0258529126668656,1.0975623954155294,-1.0956702294426985,3.6421968281915835,1.3837667251947126,1.6415863421080894,1.4100906164345843,0.5931851267104773,0.0,1.5089573039370245,3.3354475768349956,0.5221508512282663,1.4378064591452444,1.1256306415844064,0.7691333615110625,1.1374097189328298,0.4022153307409623,1.2490483725169106,3.7249810638510694,0.23144537407732557,1.5008459499083173,1.8215410896569413,1.972730320951597,0.4993175897498845,1.1438911116897017
IKZF1,1.202269670802558,0.17604637693634906,1.4790083375658305,2.3038070885830497,0.9930571018214219,3.1647598362508202,1.294129352930478,1.2895513170845885,1.3429138171450867,0.556113281326959,2.105126745947161,2.281627588888379,1.576190373900641,2.5015296810073866,2.5316341973530827,1.778970000770184,2.550398150706626,2.166763256761749,1.0662023191698546,1.5370393667715945,0.8423573483931505,1.0767290471989124,0.9004589211420329,1.9564208453285434,2.4008161666403423,2.061387481421839,0.7350248861192463,-1.8518100713559504,2.048963833702372,1.8154599701581342,2.3504736792288576,1.4915108467388405,0.0,0.8610283012904536,2.5289681679987064,1.230380610024046,0.0,1.9024179846600677,1.501617305166335,1.7098306965176728,1.45850935553874,0.8579254570124627,2.184755866344318,0.0,2.224519856109942,0.7171965766517517,1.5922623776357314,1.20708428605766,0.8102956668387082,0.8925025789531451,0.0,1.294689248683386,2.015628595108059,0.6831759816816024,1.2560590631618473,1.7725087816699856,1.921511411590885,0.8936448097285719,1.1305597950963615
AFF4,1.7201379896196771,-0.5105476297186716,1.4186522772750498,2.905766541244947,0.760151700438412,2.539914770895989,1.1685825182507108,1.6781351197586225,1.0483699568254985,0.0,2.2800610969250097,3.084151349745355,2.5551175630314034,4.205284562520782,2.8859959121917464,2.0296434274071236,2.4213009216714445,0.5556718138368689,1.0685669129122533,1.9795050639484018,0.7122933821426981,0.8495621435173446,0.7038776030092424,1.8896452051576724,2.201379071036507,2.6937786649128626,0.43020218991611575,0.0,2.440536244399533,1.7162833407539737,1.9933114909474783,1.5853177670078389,5.225216464842654,2.1448234018701493,3.7386887638754702,1.2737280130427904,0.0,4.7448164547472444,1.6587468649566663,2.5061608180087176,1.425688160505027,-0.4197870245244011,3.1609002307500065,1.49188016028407,0.0,1.0849008197640755,1.5533800981971129,1.088383169165418,0.8473553700415329,2.1344113003971614,1.3467229575198183,1.7044811773053314,5.806062857091578,-1.6968511997162818,1.6010692712082544,1.9774451971392857,3.0071970112142936,-0.6265226217690685,1.1555175868523924
CTCF,0.31281466474101105,-0.796739550909164,0.0,0.973634485728512,0.17340692631638557,0.6726856843386287,0.40195981649403767,-0.4290105527751097,0.2814646264800191,-0.5428856696063318,1.1982021653788115,1.2434321221349576,0.9970985306370483,1.1204913221654715,0.8739691418176038,0.561539360158277,0.7041064069469428,-0.510604980256531,0.7478699885043895,0.6121216376972736,0.28811757674707056,0.7550144395806748,0.0,0.3877904807436512,0.9963787552175855,0.8499586102648087,-0.21618127339529544,-2.540652074717537,0.957259586988312,0.7678333877829645,0.0,2.188591002844106,2.3843275610241044,0.0,1.7290002245138667,0.19093272028082103,0.7649794970787053,1.202873876502939,0.6355811080704696,1.2225874794435148,0.21253566502298363,-1.1561728525767407,0.5788633663171501,0.6315557855882017,1.2632918432471827,0.0,0.6403442413002001,0.36226714864895004,0.0,0.7065373026231728,0.0,0.9051135682906334,3.5548713465380466,-1.177790445038933,0.5897791964619163,0.6346434388701332,1.165935099170102,-0.17905058086056555,0.0
BRD4,1.4028577674400453,0.0,1.9432222982678373,3.7143472297145226,1.1396029052576517,3.805156322963527,1.798059417248686,1.7074606212823604,1.519998992278526,0.5471458816970113,3.0021796166946877,3.7283435625800294,2.1521764622668025,3.767942294970753,5.083009045703142,2.589126183303876,4.231514927593509,2.602290420589565,1.4125683803944333,2.212899878734442,1.0472115324298816,1.4416745329180585,0.8751548317506984,2.8715740962370315,2.8499031961470997,3.0956366259917316,0.7043145232862033,-1.9038829405430417,2.9419975744991684,2.2338630344152373,3.1562313614462996,1.897931182150344,0.0,1.351869317268307,4.402410126514405,1.9085695898141153,-0.36417328629292545,2.8521127976250873,2.2687652598927808,2.6899090195756834,1.9750357669135719,1.0603322100930477,3.083654656055344,2.1649769491116126,3.9407426485138495,0.8901621281189581,0.0,1.4544362043370411,1.0468911737503275,1.3160799653360102,0.24909637860428566,2.052198803896811,3.553771523055341,0.5755736949065573,1.8761139324691092,2.726737394460319,3.202991063353766,1.3351317308451158,2.0867916643687616
CEBPB,1.5180863151261623,0.6469480874696166,0.7576991495676066,2.650860234398468,0.8598772058769005,2.792950639449276,1.5094345852944377,1.3573302091871533,1.168143971513127,0.25954287114404273,2.5413616160959145,2.888105009304307,1.7305645532438048,2.943487562650688,3.021743137566915,1.9430374961014134,2.927554277940305,2.18471420232174,1.2628681146530356,1.8949616367975382,0.8523915454092363,1.2220222199601962,0.3606636862943381,1.977209659538611,2.70798884082315,2.651403745135398,0.30372881883876524,-2.4858371260018086,2.21539311404107,1.659249150050888,2.0643544348133913,1.6189355857003962,0.0,0.9505389017527288,3.040363231598486,1.2818444466344814,-0.3304230403277933,1.8574524147541014,1.5775863927296243,1.859456591217998,1.4784674377361184,0.6689605874584682,2.6657241690062277,1.9051929562616896,2.602793903203577,0.5506407870477646,1.768150923784582,0.0,1.3675804767060022,1.0133092841343168,0.2489188480469491,1.4911461982300773,0.0,0.4258854671317699,1.4075381244728158,1.9933688126600075,2.443621937736788,0.8624131466532431,1.0999748917204417
H3K36me2,0.5600588879650367,-0.36220003495123115,-0.7367438454661062,1.3979590890323585,0.122440318078169,0.8159021200138719,0.6293063112097806,0.0,0.5253933099376251,-0.3548934654176909,1.2887264432624381,1.2783482788832983,1.502775033421848,1.0476429420055482,1.3370991207850804,0.9687699492834543,0.9846554681755585,0.7311538173751081,0.8035610502680699,0.9648706278696051,0.24653634147429807,0.7101685904058798,0.0,0.6224860604815913,1.3301642555844457,1.2349793055500167,0.12640460605800152,-2.6812255411635313,0.8284758304860734,0.9546500767067291,0.0,1.0415715720504948,0.0,0.9489598079328102,1.5087971646805578,1.0874602384439773,-0.480646377692897,0.0,0.83375971884225,1.1928666457957413,0.20788259747100846,0.4094014954185701,1.0775588864066377,0.8756749878971389,1.2294122524409357,0.0,0.915728055656385,1.0042546723125994,0.0,0.9610359508987221,0.8127235453512915,1.2460351693397653,0.0,0.3632943388074295,0.9350609424851696,0.9621767840453619,1.3485397682959437,0.8624451934066003,1.4816387832186737
PSER2,0.5774120930063584,-0.2477007912898675,0.0,1.74727966673536,0.28434825979985795,1.3840999299777916,0.6736918806062884,0.0,0.5076334584179355,0.0,1.4826738043974619,1.8201813304305359,1.4961755319235335,2.047964378977781,2.0078067516388023,1.1133258045011514,1.3748105351594302,0.19711031623550182,0.5817969380963331,1.0250649027051073,0.33332514930186485,0.542831241067607,0.16742032748646432,0.922482734477379,1.3181392365927358,1.467079193904681,0.17879756683393924,-2.0382274416799704,1.319182706288947,1.0270235524738451,0.4287289285108256,1.0204096728234617,0.0,2.219837566576683,2.696310891647737,0.9440665434591702,-1.621523184469337,2.0081753031904013,1.0351759081568888,1.6361486818757571,0.6112784046546057,0.19580046511074642,1.430813070719686,0.8427844898945369,3.372008451292673,0.7620092355042791,0.9817103316224555,0.6763006257378739,0.8377954931286288,0.0,3.4098735737563395,1.4147086154601822,0.0,0.0,1.8673139540745638,1.218076416687961,1.8736143938637648,0.2649228813587993,1.710191329760348
H3K36me3,0.0,0.0,0.0,0.4030891386750221,0.0,0.38279242335916946,0.0,0.0,0.0,0.0,0.0,0.0,0.5862132910738812,0.0,0.5350659757569434,0.0,0.0,0.0,0.0,0.23591011028192926,0.0,0.0,-0.19720744476671723,0.0,0.5655077859838664,0.3984500481180621,-0.14377836859887838,-1.5085540969934796,0.0,0.0,0.0,0.19694227211525836,3.48984637685896,1.7766146673573266,1.4783071843058746,0.3515080439265562,-1.1656916179634,1.8327340903819684,0.0,0.2618535687520775,-0.1915645362104112,0.0,0.41628239507109865,0.0,1.4500453688009851,0.0,0.1792584994620817,0.160006958351891,0.6180631704528285,2.3894687243697734,0.0,0.6027587747011631,2.453320500833846,0.0,1.1490262128823174,0.24628444988501805,0.0,0.0,1.344989059647762
H3K9ac,1.0019515200168647,-0.42346383444378843,0.0,3.282453575756372,0.581326345627621,2.1409188586481998,1.2384462252283128,0.4717493818594787,1.06295282216942,0.0,3.0227370964922544,3.904047789453596,2.4317637287794827,3.2479811156615037,4.103388826732785,2.131905487278608,2.574645683687033,0.9629853913217059,1.1894721163421942,1.792785438372566,0.6758357526725747,1.1785195932646726,0.36680512593997444,1.7432428639535844,2.1049151806399173,2.354446112802805,0.35397592564106833,-2.393575580953857,2.371076588873197,1.9161904134068408,0.9440034461486098,2.0211411898283536,0.0,2.2872096231313024,4.246683811278856,1.8643811639561847,1.4815865343575605,2.3836647141062532,1.778479957573145,5.451604966156899,1.1621214876187052,0.5129404244828123,2.199518279665444,1.5786690748510095,4.305634977077553,1.2454339896042381,1.905147106169524,1.1827304299390302,1.3712428565677124,1.8980925172231342,0.8564302188384809,0.0,0.0,0.19451237955856335,2.1815494943388,2.166693477588924,5.114519241285348,1.091577185999215,1.9186242507622084
CDK13,0.0,0.0,4.6774847767756595,2.139203177033189,0.0,3.5890726224860012,0.0,0.0,0.0,2.192742205778246,0.0,2.0063390624072808,0.0,3.291036893598166,0.0,0.0,0.0,0.0,0.0,0.0,0.0,0.0,0.0,0.0,2.49224838014785,0.0,0.0,0.0,1.802806860097899,1.6862189697200956,4.447248395508499,0.0,9.321078634512041,0.0,5.131054463727052,0.0,3.176668925479608,7.174462905283201,0.0,0.0,0.0,0.0,3.208147599803799,0.0,4.685418275919764,2.403381591733734,1.4393696268981329,0.0,0.0,0.0,2.0923328092421105,0.0,0.0,0.0,0.0,1.3433062237221562,0.0,0.0,0.0
H3K4me1,0.0,0.38287666646027535,1.319019826785951,-0.2993505697368532,0.6329827817269685,0.519803694018308,0.5406210196205906,0.4997330490550797,0.6094582740873957,0.612719240520104,-0.2533432987494997,-0.8987540333627155,-0.39652787405712364,-0.7967543041130195,0.0,0.3950959225452669,0.4622476312411899,1.7160276545735962,0.21495694598971815,0.19993720432790119,0.5706961628227393,0.48696016648430696,0.4921623647967763,0.8695767300928441,0.4654671638154897,0.18858958004529702,0.49325423881494285,-1.8193874655904572,0.0,0.3703493953280969,1.348673553822463,-0.2431229049038646,0.0,0.35131932812923544,-1.5225064215860251,0.855315489603074,-2.7807188572459545,-2.363421761192182,0.4390661203422772,-1.3171347538375442,0.8220216763200835,2.270600843401953,0.34225456654361597,0.8544465778516187,-2.0847089205536453,-1.4073740444098697,0.589163268449187,0.3849758909643975,0.4133254094872364,0.0,0.0,0.20603081175998245,0.0,0.0,0.1776192649893732,0.4909360738706712,-2.027628049478281,1.308076504321808,1.586666190668291
POLII,1.0822622848198145,-0.18173307223837418,0.5677197713121594,2.717587227306237,0.6015933543319545,2.0576205918437656,1.0454139174022734,0.8296999766872364,0.9587327373164434,0.0,2.35313000743656,2.9486505594584194,1.9415085426844498,3.163388374282241,3.134908154614651,1.8180801156747453,2.3452806852426593,1.127719724742328,1.0697448390011353,1.632287404546873,0.6230971284892881,0.8864147659212893,0.4606437105392418,1.6156030711942206,1.8853464847422572,2.1563319820293234,0.3541391304539799,-1.0855258715566718,2.3327632065025954,1.6160885691338813,1.195577279829998,1.438765909045121,0.0,2.0491442446495216,2.8037803950764406,1.3874159182504207,-0.7193065310048545,2.091360991744788,1.4358334428452015,2.4503959531278485,1.1414752372344252,0.4582542689438133,2.3507523732692124,1.3254111219559919,2.692412002653984,0.6973601024274123,1.5022051238890473,0.9945262159230429,0.904335860244394,2.2008246032676406,1.5676320712783613,1.8245678983591163,0.0,0.15372644077452455,0.0,2.0007313898836494,2.8484829305706025,0.7795556992584235,1.2563910140172165
MED1,1.5905435130848566,0.15924457085869473,1.6732715596226246,3.867822202445447,1.0594765351916735,3.3981566709248905,1.4888048456956688,1.844762073909104,1.448042134333239,0.6440447276597092,3.208644011424379,4.076087840371446,2.3852263996040257,5.554721233584379,4.704856877024625,2.6196200273081076,3.6551208149958,2.1900290464533816,1.4133980710068788,2.2169726155245453,0.9499437932357687,1.2463260707686856,0.8103608042553516,2.5909884035692436,2.9601282583941537,3.3634934125737574,0.5981517515465608,-1.0185955588167661,3.283020279115674,2.1139849115023748,2.9989144068615032,1.7876948434001407,0.0,1.600633818198411,4.338441701662319,1.79275725553167,-0.3138996529498933,3.4394780218254293,1.9122830131798392,2.753247312892511,1.9146229875429737,0.8077325942382475,3.701254299873124,2.041755141851024,5.272975358685264,0.7882445385363951,2.1953181844939964,1.3955362197128889,0.977318766332825,1.4594342518986099,0.3149285346311375,1.9486486863006858,2.3843364676329686,0.43556299647224084,2.1630679032053353,0.0,3.3639849205989867,1.1373243142454939,1.8620376519551993
promoters,1.2815846240212942,-0.8204562663981924,0.0,3.1698211413808473,0.66379356754392,2.4045305308983513,1.2005269893001598,0.0,1.184295247370513,-0.49842504903158263,2.920229758848078,3.7092682913984496,2.5665017700308295,3.594742914432262,3.3917965733862796,2.048314235116237,2.655470254236251,-0.4367344917990659,1.1961049484087483,1.8421436403183384,0.779134089731673,1.0369066574780264,0.46756094157466016,1.7906643056459826,2.297080720989702,2.4075162810461697,0.4194320821273838,-2.7210289662595737,2.6059507750951854,1.9794525350137133,0.5959563045053716,1.942920247317993,0.0,2.1422036658864836,4.424203162508118,1.4076671373638394,2.125592527520023,3.9869022643411913,1.6264485680519103,3.220231916308958,1.3444540967487855,-1.0113515013277143,2.2365528741207665,1.5022241508000056,4.033228670533038,1.1152985718176056,1.6170406001488613,1.1675330090942757,1.0121827089132094,1.5839766945501095,0.0,2.0600775908286963,2.0409603073742817,-1.7150719616091263,1.9009758353709454,1.9513406696766842,0.0,-1000.0,-1000.0
enhancer,0.1544096997500548,0.17612909918921205,1.3222763701844926,0.4546303184037084,0.6131887939160976,0.8492940915761841,0.7879495684649412,0.9325022888413949,0.7831119885568998,0.4326438118209168,0.6085655831184532,0.0,0.2811153109282679,0.0,0.5383927620113761,0.9182471798873388,0.918491531282213,1.629583696918387,0.7536129823435052,0.6700987990051531,0.5937048638786506,0.8603228658491492,0.44344133715747325,1.2391910171465532,0.6175100686399637,0.7162904784677422,0.3986222518406133,-1.7997279476427783,0.708758416213419,0.9193001469734913,1.6511108300923583,0.46969594833766354,0.0,0.13015362836553315,0.0,2.520959732570825,-1.4602164821926003,0.0,0.925266741296623,0.6269548491827229,1.0352759007681178,1.3027271488723648,0.688947651269819,0.9951420583293377,-0.7795676777835724,-0.21109545136806954,1.1855476298884915,0.6792825972510502,0.8853626785313248,0.3018278805544548,0.0,1.0293492345047237,0.0,1.1297147724844518,0.825673371337883,1.1515226583720246,-1000.0,0.0,-1000.0
super_enhancer,0.40950166399981547,0.0,0.0,0.647832833099437,0.33817415547206015,0.8534222272730669,0.5929043833202814,0.46659148998179817,0.40443884952742726,0.4341985060985586,0.5487269539946712,0.0,0.569497733094597,0.4542759742949616,1.3000187867393,0.7425601477833137,0.8466845384229436,1.333702042861123,0.48312652545450435,0.6884993577044203,0.26424722142970947,0.5804954971012359,0.0,0.8596377794492218,0.9849307570953078,0.9557087345359209,0.1938165885453458,-1.550077186262177,0.6653780465738423,0.5580919293186335,0.9760048313469565,0.532948385127629,0.0,1.2685185994199544,0.0,1.2069037283587625,-3.119969326180071,0.0,0.8953217849186652,0.4780119625794412,0.5288003963900392,1.042363550631985,1.1921606187838194,0.8997617399817801,1.2313410180093967,0.0,1.1901555840069373,0.626768464050945,1.0524321940222352,1.3899339878416326,1.3385784124640325,1.1825750687446037,0.0,0.9458852873660164,0.944445973900828,1.2461537532931068,-1000.0,-1000.0,0.0
