,CEBPA,HOXA9,PLAGL2,MEIS1,ETV6,HEX,FLAG_GFI1,RUNX1,FOSL2,FLI1,GATA2,SP1,E2F3,ZNF281,SREBF1,LMO2,STAT5B,ZMYND8,FLAG_MEF2C,LYL1,MYC,TFAP4,RUNX2,MAX,IRF8,MYB,ZEB2,RXRA,FLAG_MEF2D,activation,repression,ELF2,JUND,FLAG_SPI1,FLAG_IRF2BP2,SMC1,LDB1,H3K79me2,WDR5,H3K27ac,H3K27me3,FLAF_MEF2D,MYBL2,CDK9,H3K4me3,FOXP1,MLL_KTM2A,RARA,IKZF1,AFF4,CTCF,BRD4,CEBPB,H3K36me2,PSER2,H3K36me3,H3K9ac,CDK13,H3K4me1,POLII,MED1,ATAC,promoters,super_enhancer,regular_enhancer
CEBPA,1.0,-0.05853473177169378,-0.023093337230749838,0.09815018151400308,0.020692069944101263,-0.021257152945712836,0.07496656204760603,0.14713116933905124,-0.05214459758066436,0.08451712962466751,0.05355431531590835,-0.13734845268652826,-0.09516085153142413,-0.051523708433857146,-0.009048944535397827,-0.03543967342216279,0.02596476709406109,0.06558267968848905,0.061938718032416955,0.02508225199789196,0.019972927958540682,0.015810365972857423,0.1632918754335913,0.042810195367832135,-0.009671262473931581,0.08399793365557384,-0.006969077448660888,0.0032843168054034885,0.08144266328740798,-0.053665784357623356,0.013073412370542464,-0.024611513408257898,0.04164954098726979,0.014539133072376555,0.09512133372303196,-0.08296002291764333,-0.10713348284391949,-0.02761273622511611,-0.06455159034894246,-0.0310670749600879,0.12820962200062633,0.026464521299111858,-0.041502928917535764,0.013898837374224478,-0.15309605656475067,0.16238204206693832,0.02298942946546625,0.02052301709910492,0.04587981363092648,0.005684577712224292,-0.10198810417466642,0.11783431186708483,0.34677588520802266,0.007494018753671373,-0.020614879665275206,0.06464390487481732,-0.10966098228223761,0.6589992656751634,0.059997269962307434,-0.03381233842662778,0.019691125749227517,0.058172199562819084,0.009559740644827437,-0.03616103524943727,0.005642457230704232
HOXA9,-0.05853473177169378,1.0,-0.08336393741429839,0.3529785238422061,-0.027948927183695647,0.32594758457927775,0.012194819108262506,0.08142230255597219,0.010957512700380652,-0.01836731809664711,0.10546736587042836,-0.0514183877809603,8.386465859162788e-05,-0.005579837098658474,0.04559974103597621,0.015022898205791401,-0.024775697112968183,-0.006349830379965108,0.25134149346420204,0.06595902572060183,0.052715742410811096,0.03733169094758709,0.027018329222387245,-0.010436370147118013,0.062329910218666754,-0.0014725132281840473,0.19628771107999102,0.013244386403714899,0.06525451300983999,-0.03088530130593291,0.13417715622320064,-0.010346935299814272,0.5460471297521047,-0.02353543523551242,-0.022905244709247586,-0.05138173366656886,0.4378071001563957,0.08781315895753408,-0.2625689916135871,0.00032191011974028985,0.28766044530950574,0.12521738969743207,0.7040828001329379,0.010461809972319552,-0.06599042077755658,-0.06671010175896148,0.14514372252361402,-0.026775946622161668,0.009752627403448694,0.12307157502477897,0.04699483261209485,0.03135094733410542,-0.022339889541919802,0.0761994260540678,-0.0904798364394364,0.19916667210214387,-0.06166509468398701,-0.06943935369990001,0.10509730571663661,-0.0696379770507995,-0.030257714618273347,0.012414804990556456,0.001303589507333398,0.05620253311751498,0.0008570125653595871
PLAGL2,-0.02309333723074985,-0.08336393741429833,1.0,-0.025963793493186785,0.2126108921110169,0.2653784855143197,0.021587040423770753,0.0493749932468351,0.45265706090060265,0.10589067162610148,-0.019033003399168375,0.02769888729942544,0.03228423391054345,0.09451934622728304,0.017256731180346777,0.06907062773817599,0.06632557209585101,0.03574396218365546,0.06103573318850731,0.02047372540818199,0.05363090516403426,0.03574559443915937,0.04171484891208797,0.06123818158959696,-0.03265276638361532,-0.013197878306420975,-0.003482448869669237,0.025280497748307672,0.08651949770531789,0.07019809206889296,-0.009800886996809817,0.16188298974669865,0.5114178107300372,-0.010085831614980199,0.08000569951432533,-0.012998913898320886,0.13866212546973528,0.01927480430416441,0.04152295034406002,0.09274910073085703,-0.03871834735823879,0.07048258656384183,0.1484963237400066,0.06531579426042587,0.04348391136436069,0.02796237573526916,-0.04989481067085869,0.43168201722676913,0.019592177123119302,-0.0009855488491285944,-0.020629729081025436,0.023022700341311264,-0.023078917593751774,-0.0017569821971931477,0.010385529372598184,0.024939462725243965,0.0735261945648666,0.6222812335444259,-0.015178417576310528,0.032650889284478145,0.07977391646258784,0.04036699995891749,0.006316506458581169,0.006943965418734851,0.0014028405378224216
MEIS1,0.09815018151400308,0.35297852384220624,-0.025963793493186782,1.0,-0.021124652895928603,0.9295985061148787,0.08341915031340459,0.11860622603845161,-0.005725989084726183,0.0427810664054122,0.0146065751202375,-0.11427719972486326,-0.07581230609327441,-0.022401314770202435,-0.02040872146007491,-0.03502684690484332,0.014082057421888144,0.055800821368541004,0.021744904673499686,0.06676200161481402,-0.0665497683664146,0.019882889846738437,0.15773351091336718,-0.045331591680782296,0.05722397743875891,0.07830719369464915,-0.002348697220095563,0.0006967841966936683,0.04210942199593143,-0.13581687074888768,-0.01143742915912619,-0.06421262355937006,0.08018278581290213,0.08850084368626686,0.12337597255309427,-0.09589316168368126,-0.22371405231310462,0.0011778957484775848,-0.011781491734597227,-0.10556355369872698,-0.021718193783175153,0.005639239640792067,-0.07270645249640097,-0.02105309810425286,-0.1791484191383484,0.12435215399873055,0.034529604322645506,0.014710406973604243,0.030055434824333982,0.05709804398446633,-0.08582313383802728,0.01213976824970861,0.04599276615839594,-0.009330080828178273,-0.037781768167971866,-0.045928079364459994,-0.14804679693688616,-0.03524851847683336,0.06094023887876604,-0.05064224211509118,-0.047763573786844114,0.10420976981185348,0.014969987354853628,-0.058542733356481476,0.004467586479435467
ETV6,0.020692069944101252,-0.02794892718369566,0.21261089211101675,-0.0211246528959286,1.0,-0.10554378037389539,-0.013195699290070686,0.03842758635959115,-0.022966140623788253,0.43581807981644227,0.016269088714270977,-0.004253530206151096,-0.019539435449446443,-0.017806531562100786,-0.017074322881454433,0.026553377247600166,0.009867209339325125,0.24099910448502562,-0.019383724684822867,0.05064505502006486,0.06562908620652957,0.001598551799229552,0.06465647317996527,0.10907862801844131,0.00645631750284552,0.0021881942327465005,0.025681161332074265,-0.004494001607183063,0.02256530761156788,0.12290692319501274,0.025601978784975377,0.28548044159559,0.047302873059397545,0.07644570513102027,0.041778094136855536,-0.0021842323078249213,-0.11135374166618073,0.006752880384505958,0.02837788290072792,0.08196893498491808,0.3041835797137458,-0.012345193647870777,-0.05574143749886525,0.27110759347657637,0.054328268075209026,0.06337925550029037,-0.008932116981823855,-0.02563145156108347,0.12507831973142852,-0.041177551138980646,0.05036217903768451,0.06857224588314825,-0.02080339951614983,0.015305045629376601,0.018269398191648273,0.13061584666261186,0.06405871849555156,0.47720574943232014,0.02762873577156342,0.012430271095847073,0.06571834872392776,0.04482928329438581,0.008345868135567543,0.02986607335807537,0.018644340914722356
HEX,-0.021257152945712822,0.32594758457927775,0.26537848551431986,0.9295985061148787,-0.10554378037389561,1.0,0.9260334199231459,0.3300937709029807,0.2714370423593249,-0.26922817241617997,0.07607268572590767,0.06594040654543531,0.8749832752680999,0.23186664558738698,0.8675877080983875,0.9994966248647568,0.9144968994999092,0.6068257879753682,0.8651798711934416,0.37990982021470093,0.8151540343858165,0.8527820483430514,0.2718081191154802,0.2649918406258388,0.8305669512763912,0.9343717428815759,-0.01911098138287654,0.8505056276686626,0.7317070536765901,0.13335178799250805,0.2488998607119537,0.7356707143875689,0.1968337838139105,-0.30110615311148575,0.9999999999999999,0.2097467347916071,-0.3668914210206316,-0.006335529674098658,-0.02232796218168719,0.4205369186293749,0.2636513089444463,0.89805544033328,0.6087214055345608,0.14465449532029143,0.836610485014351,0.1866619906032219,0.3266895640858559,0.26960618178476037,0.04391932291384695,0.12598465840330578,-0.08415468960465194,0.01866318443250589,-0.6821513777362246,0.18613146025968597,0.07446563343665122,0.06255558291553884,0.6180937919257798,-0.17625788966958852,-1.0,0.7360204084398182,0.7652497957770502,0.0564228177102094,0.002402392506119921,-0.006740235183086798,0.020657757390646955
FLAG_GFI1,0.07496656204760604,0.012194819108262502,0.021587040423770777,0.08341915031340455,-0.013195699290070665,0.9260334199231453,1.0,0.15753265290635338,0.2634882710794784,0.06598668918628789,0.03556683484022525,-0.08700298835796645,-0.010740756669805868,0.10819913810827919,0.165591275124157,-0.03190469484580699,0.08715319019904869,0.035481515460467614,0.8180467551611676,0.04182769344832852,-0.0612167384093138,0.07622419677109307,0.13028277987362277,-0.08466335575313541,0.08847664998344933,0.020773258546296972,-0.019856596789397447,0.10270612578449276,0.14733058657253267,-0.13270159657195812,0.013589310327358491,-0.05391160319196102,0.017803094170017283,0.10601120418006367,0.14186358758173204,-0.06198870743202354,-0.19753078776066885,-0.04217529279558003,-0.04837837446513754,-0.10293420221417963,-0.011688907508680338,0.42028736205138734,0.3535527485491527,0.0020298392133666653,-0.11866600448996081,0.011432393203601619,0.008747671894936226,0.2960303836334624,0.00888712316230891,0.10414078500599877,0.007352301871225959,-0.03483175968988788,0.05129996613584078,0.009617841681069739,-0.03741437031748026,-0.03298498160374089,-0.12778437467490145,0.4574890900957616,-0.0007597644475113632,-0.003606382720101573,0.09284256873688106,0.08702907037332168,0.009898973553243633,-0.047386256577584454,0.006705232032489406
RUNX1,0.14713116933905115,0.08142230255597219,0.04937499324683508,0.11860622603845151,0.038427586359591134,0.3300937709029807,0.15753265290635332,1.0,-0.00937542234567483,0.27602748981727887,0.08352309807762535,0.08959624659675434,-0.004069742184491323,-0.017894444843635535,0.004715828182458461,0.051329800815133816,0.04623427878104992,0.3058621116814437,0.12096782194638935,0.20830314206214637,0.10525425014683842,0.05695076007199468,0.7467423022863877,0.17509589115472363,0.02071400977933491,0.13866717061066824,-0.013229968826656849,0.033822931511363744,0.06713406698760617,0.011659543689920261,0.03198002617128384,0.025120619069761436,0.06481741339332679,0.09758633955575267,0.17323549925316298,-0.0888283237757393,-0.185193813112024,-0.016063160313356598,-0.039217626335933335,0.062215783452399635,0.06858098894107895,0.04325240042286385,0.02146473247708458,0.1584370622824336,-0.05548967779068643,0.20483852418844853,0.04751926023462131,0.023963271270160624,0.09190745138220774,-0.09501636974509253,-0.13883870461299713,0.15766433686832063,0.1060389563790987,0.029345307238093574,-0.04757939645837757,0.02789414280124875,-0.003594138274218706,0.38177377469205204,0.06070133105004423,0.0415724941038379,0.06501188964607998,0.18662942160339982,-0.02376021041125041,-0.04505600594522068,0.006872855043248435
FOSL2,-0.05214459758066436,0.010957512700380645,0.4526570609006023,-0.005725989084726178,-0.022966140623788264,0.2714370423593245,0.2634882710794784,-0.009375422345674844,1.0,-0.012774792872615608,0.010379727498295355,-0.10455530692953803,0.2433324105137189,0.12152401905126459,0.37202375822012584,-0.06269521395182542,0.07404964485568029,-0.06877097300083429,0.4833039827759031,0.005002361150581269,0.017857779221473257,0.25810443293125135,-0.01750639977073166,-0.014537467921536804,0.014130789871447636,-0.028693551594290444,-0.007651630677604021,0.31248634303942274,0.02544122815856106,-0.08655336340021454,0.04410425558333754,-0.020332559461178283,0.12394748122719493,-0.036173073710830554,0.06390446364426029,-0.022652229542094157,0.5346705674293525,-0.04911346452356244,0.10215281732648976,-0.06088459369815547,0.2440200243956816,0.26018065916566113,0.514018406853372,0.07474482856043442,-0.11706534803118483,-0.043950147159050365,0.03708735847183023,0.6451749045170253,-0.03303534931964211,0.10676774111020272,0.014967981433103636,-0.03483469423877583,-0.038662086001901415,0.04024262546624367,0.15826373841028163,0.11823366022881016,-0.11560582718468437,0.6702862000862,-0.009056241468154282,0.04489512553403089,0.1030028673277854,0.05216352689977713,0.001784393344669999,-0.11316296752886668,0.02302396510246401
FLI1,0.0845171296246676,-0.018367318096647114,0.1058906716261015,0.04278106640541229,0.43581807981644205,-0.26922817241617997,0.06598668918628788,0.27602748981727904,-0.012774792872615605,1.0,0.033153968977324894,-0.00010245162442663902,0.020054162127928613,-0.014317244855436694,0.007908947025708542,0.13840506429624724,0.01795695489042621,0.2260206991243323,0.023530121915754557,0.26923978977719826,0.14635950873299106,0.04287327652269803,0.257244811776841,0.21015961882669876,-0.019898846796630835,0.06672237570857516,-0.007571338115893182,0.009980792331446277,0.040985724934434954,0.1358247602862004,0.014419642244365618,0.28480837686332083,-0.008111344932774923,0.045743113404660404,0.09479334730963322,-0.06270882243454186,-0.15035721561191578,0.02115730775814141,0.18651773949210262,0.17414228355609113,0.005656970108962937,0.04098793736754026,-0.13167310385552775,0.2130742167502572,0.0528659294512738,0.11797833119201294,-0.004062152987899311,0.003039292222611784,0.11045000053859179,-0.0891424489246399,-0.09550074083827277,0.13737972356309397,0.05933090810050322,0.01695605251377288,0.018743548472554113,0.09225805305424067,0.09841656351432528,-0.12563341393004604,0.045935827279281825,0.09074789514857852,0.13381301192895706,0.1267726746735887,-0.005852021221144309,0.04245225797458218,0.00387476984509185
GATA2,0.05355431531590831,0.10546736587042846,-0.019033003399168382,0.01460657512023751,0.016269088714270966,0.07607268572590767,0.035566834840225235,0.08352309807762537,0.01037972749829541,0.0331539689773249,1.0,-0.0580214105872014,-0.02507720741927537,-0.024350612854299777,-0.06267791006752749,-0.013406749768245338,0.008323500905053759,0.04605228389824171,-0.09489312765141407,0.14412302780407787,-0.007012989258699886,-0.015453071803028332,0.0715105986977597,-0.0004177612066207061,0.044841123790513054,0.04588028154862723,0.016807822749155744,-0.002869108245804762,0.037825996004098916,-0.03220602046903373,-0.015091737374714465,-0.036264900119471095,0.011191314065795592,0.07619806505110135,0.021795744459185393,-0.016717434583257425,0.3633368379318133,-0.039742639303842184,-0.17155639674580248,-0.014370772937989234,0.004450971980748361,-0.004730309216736601,0.10999370377438619,0.020448552469507334,-0.06445671431594552,0.02556457119444624,0.014014533203972494,-0.008212459396449696,0.02555433034533532,-0.02043360479430148,0.04766551141683941,0.04741350793777015,0.010735836387649885,-0.014520592379899338,0.00047100256490881936,0.06579212142418478,-0.06222022677725029,0.5720287415570651,0.012214399337310953,-0.029529719069380084,-0.020251702657967746,0.040396759932343526,0.003476494634401028,0.05199352304910169,0.009067070909879151
SP1,-0.13734845268652826,-0.05141838778096018,0.027698887299425448,-0.11427719972486332,-0.004253530206151099,0.06594040654543518,-0.0870029883579665,0.0895962465967544,-0.10455530692953798,-0.00010245162442664263,-0.05802141058720145,1.0,0.14707617221546765,-0.020239288464754115,0.0036552999369918668,0.04939155677921,-0.016854855999550222,0.09756477146799461,-0.009737848943480721,-0.04439353837096054,0.19469966049304677,-0.013266505519934923,0.03237243494833306,0.300408044679578,-0.13245871620540772,0.02125020074247422,-0.006942328746164637,-0.013213344376739563,-0.016044722424199725,0.2969756246272947,-0.008429116788986935,0.10686363994760566,-0.0551415052831567,-0.15853638765166492,-0.05572514072045829,-0.024136456626090933,0.0922550661412679,-0.000891651310941469,-0.055854462486386355,0.17174813283164916,-0.056715590112097584,-0.02207205581386274,-0.03337524773622524,0.006106535341167589,0.1821899982464234,0.11218484512406755,-0.0814148860188342,-0.07033000883654764,0.007277362636066203,-0.07215759216776538,-0.11145606260847027,-0.03566905088333888,-0.12096403790631298,-0.001129183751118048,-0.024815010083938757,0.044469263466286074,0.23328630771040115,-0.055476176733663826,-0.08886867469869339,0.05926143431905105,0.08868178423830658,0.09074458262279901,0.016785530719827916,0.0383907823831919,0.0019072871538403009
E2F3,-0.09516085153142415,8.386465859161552e-05,0.032284233910543476,-0.07581230609327438,-0.01953943544944644,0.8749832752680993,-0.01074075666980588,-0.004069742184491323,0.24333241051371893,0.020054162127928595,-0.02507720741927537,0.1470761722154675,1.0,0.01797491677589439,0.6879343387237471,0.05387315752362459,0.02267718394790824,0.06526757399443076,0.2827394258472681,-0.0451561599770429,0.15520811972574156,0.09746050598687984,0.03097608004162222,0.22945610463223853,-0.07951894747456296,0.03140585547002063,0.0034139173444031356,0.09380905646692304,0.026562086310444533,0.15926439319982946,0.00867923846502661,0.03124680726979053,-0.003925552366378634,-0.08222557734498567,-0.010245179192946381,-0.013973884538716654,-0.14552221850861277,0.09869381464819503,-0.05434672885951214,0.17378167663063657,-0.05645783207058897,0.040510055026043115,0.08084065595714383,0.05180523426429398,0.11383860091155526,0.05529898357219161,-0.07414150795285197,0.05029544705243604,0.015880184463363586,-0.04735657201311508,-0.05286989324580823,0.01883083948453568,-0.05221844636283462,0.014340978715506242,0.02711251731097823,0.033970846305263994,0.15942976108592602,0.303179921683409,-0.04965065701031588,0.07894956180442375,0.11752305152905887,0.05254927028577238,0.01462536002520412,0.03416091574282,0.0018741859322245374
ZNF281,-0.051523708433857146,-0.005579837098658473,0.09451934622728306,-0.022401314770202425,-0.017806531562100783,0.2318666455873868,0.10819913810827911,-0.01789444484363555,0.12152401905126473,-0.014317244855436697,-0.024350612854299757,-0.020239288464754115,0.017974916775894384,1.0,0.12284779253097236,0.05837530006142945,0.0273444542386722,-0.013939202328445527,0.043612131445768774,-0.0006119004367981273,-0.023065589021201722,0.01073374902233941,-0.027622501028729065,-0.0285718265136335,-0.003964570167245898,-0.011624299488843326,0.028895239591604328,0.005079968530952569,0.45598748655187865,-0.035789834195321904,-0.05179171440261299,-0.008175145074955214,0.11246507893805528,-0.029593973467049596,0.40024743984307715,0.0018339097680846513,0.445320025130421,0.023977160168881115,-0.05577263598293781,0.0068580880087128916,-0.12254589940982263,0.5086948372465737,0.1994041065809488,-0.015562074300401981,-0.03936088956159263,-0.006568769916575762,0.012712717915387436,0.26893325216930114,-0.011669640254661776,-0.005039781401590905,-0.015431666214589254,-0.010174103083908792,-0.025518184687087473,-0.05294724829818353,0.00044478114242353634,-0.05495851127686147,-0.02979803906091407,0.33110683477432257,-0.009853000092365461,-0.008620583166233818,-0.006898779721851931,-0.04299183826970693,0.004446790770528559,0.08591012799049318,0.0005495598980333741
SREBF1,-0.009048944535397835,0.045599741035976235,0.017256731180346773,-0.02040872146007491,-0.017074322881454457,0.8675877080983878,0.1655912751241569,0.004715828182458464,0.37202375822012607,0.007908947025708555,-0.06267791006752747,0.0036552999369918633,0.6879343387237479,0.12284779253097249,1.0,-0.004162559300114979,0.0472878035813023,-0.020106065739089136,0.815099985285484,-0.008611454225209822,-0.0030884941863164204,0.1525051910966251,0.00039320189090402794,0.005197846567003579,-0.012263873878516247,0.005686966358357375,0.0005503863109023551,0.15036936439586265,0.008252716859949797,0.0031068851061655566,0.03243051351967796,-0.02245489234120348,0.11665878451369985,-0.032509182059936206,0.017463018838698215,-0.005242419681214024,-0.1617530780586899,-0.016234999764523916,-0.0108630943602863,0.0006765368406792653,0.3080724301777448,0.13401903606813798,0.30917205673275044,0.03356321850109152,0.0066735283549228894,0.000512324464743047,-0.03959066006730911,0.21477645507163196,-0.001328443884123898,0.044661915099556256,0.036261758742853284,0.03600842826908258,-0.0112613741955518,0.03029637178208055,0.02382840378968232,0.1229017105327132,0.008563977721983843,0.6772383633311864,0.002601833617988887,0.03729081593917021,0.11439699244251693,-0.04880283553945339,0.0039000298421068462,-0.030391252882854318,0.022271479205687193
LMO2,-0.035439673422162796,0.015022898205791405,0.06907062773817602,-0.03502684690484331,0.02655337724760017,0.9994966248647567,-0.03190469484580697,0.05132980081513386,-0.06269521395182541,0.1384050642962472,-0.013406749768245366,0.049391556779210005,0.0538731575236246,0.058375300061429464,-0.004162559300114976,1.0,0.008506352338146932,0.10326691435130818,-0.0678847301684585,0.5565347671474417,0.2097189036895764,-0.0003096814851272515,0.102525580667051,0.19979934716770775,-0.056757984649546345,0.06685217880453727,0.04010519463898915,0.0009410346374332272,0.11332403049111857,0.30160512523520083,-0.020778266816412323,0.10710746258732831,0.02368442594805265,-0.042246751544477275,0.0940145669558558,0.01105055129967623,0.17404828728892435,0.19469465850852127,0.1722007342740374,0.5541307072049224,0.16451460286979508,0.04544418753609404,-0.004180105801034067,0.14174688723550488,0.25112718662477707,0.08525561705140514,-0.015014776947187908,0.035457320156269276,0.025266060978674152,0.08838787773329361,0.00575185067587308,0.13667446398289215,-0.03255193987976442,-0.022653408640797172,0.006263372393091949,0.0306093485865582,0.29375747875711417,0.14392553280669382,-0.008309284647726841,0.19900453767949974,0.3896019581472825,0.08373533311329179,0.009898046708602379,0.2186241452761786,0.002324793960025933
STAT5B,0.0259647670940611,-0.024775697112968176,0.06632557209585101,0.014082057421888141,0.009867209339325122,0.9144968994999093,0.08715319019904863,0.046234278781049916,0.07404964485568027,0.01795695489042621,0.00832350090505376,-0.016854855999550215,0.022677183947908228,0.027344454238672208,0.0472878035813023,0.008506352338146924,1.0,0.040634805259425984,0.488605319416406,-0.0008517475033049059,-0.009159687796807129,0.02892441442066509,0.05078933145693147,-0.009526702279563235,0.035730710559491265,0.01118838565632665,-0.006912414324360762,0.037547094702298674,0.042283705841963865,-0.051395461907278304,-0.007886813398988564,-0.010767081181854373,0.03154250350883483,0.04052606254727893,0.08462308240546636,-0.008340132212905626,-0.011972089573412809,-0.016766625770888534,-0.03336836443027272,-0.012940998173273495,-0.028810889173532656,0.1359168063866543,0.10731944900165212,0.051043794696542424,-0.04189967906737017,0.039184763026557524,-0.0033312031887498404,0.05964739511205557,0.03090607061812497,0.024464565906794675,-0.0244132308895474,0.04691810216002825,0.03528128113568853,-0.003874975737550597,-0.01997385438803192,-0.0253636958656905,-0.03350702268920454,0.27563608591018796,0.014741153145556985,0.022062655825758056,0.07894069870326272,0.005918630625441238,0.009426665498511884,0.04023861854642093,0.003124150460027861
ZMYND8,0.06558267968848906,-0.006349830379965093,0.03574396218365545,0.05580082136854102,0.2409991044850256,0.6068257879753682,0.03548151546046761,0.30586211168144384,-0.06877097300083423,0.22602069912433223,0.04605228389824169,0.09756477146799458,0.06526757399443074,-0.013939202328445515,-0.02010606573908913,0.10326691435130812,0.040634805259426005,1.0,0.0051001613480112,0.13910485160009453,0.20472288433119332,0.02327699781021589,0.3948665507918999,0.29689501496500714,0.008833036146436695,0.06627171497698019,0.03962729257695793,0.018860102688903858,0.13875293595390792,0.15492713765222094,-0.0057979696820640615,0.1531014969356099,0.09837038565517114,0.07820491716508161,0.28049465280704755,0.0631094612140463,-0.03430868050557763,0.0931434331764491,0.08414212740550024,0.15336425654569152,0.08828381259381701,0.02804289787650903,0.03896651324979846,0.14547210114004058,0.11857812881073443,0.26516614358299934,0.014562936673671248,-0.03225935941814036,0.11097481567458924,-0.0709993678325429,-0.005986670470812864,0.09809906248264921,0.030066777087586448,-0.008591723743967774,-0.026244268154872723,0.06937273428469434,0.1349695234779027,0.11751464255384177,0.054175274461259505,0.06821192348446664,0.176934621317833,0.17521743244931606,0.024801255516973535,0.00400063838626498,0.003228648185105217
FLAG_MEF2C,0.06193871803241694,0.2513414934642019,0.061035733188507295,0.02174490467349967,-0.019383724684822842,0.8651798711934413,0.8180467551611679,0.1209678219463894,0.48330398277590336,0.023530121915754567,-0.09489312765141394,-0.009737848943480705,0.28273942584726824,0.04361213144576883,0.815099985285484,-0.06788473016845852,0.4886053194164062,0.0051001613480112125,1.0,0.040277037047011674,0.11599012615490802,0.4524796699316298,-0.0321948805399165,-0.04654369813471661,0.0020152697130976197,-0.022670858428996864,0.022244078495650518,0.7626913862788812,0.2346502361335298,-0.10047375168536238,0.03501955396906225,-0.05437564252187016,0.03488077817741084,0.01247940967118819,0.12724671148457142,-0.046426541329598454,0.21748727871323656,-0.02493399120404563,0.09194554467308359,-0.07039347795459228,0.025350080081449712,0.5357124264539981,0.6375091990695758,0.1449726288601323,-0.1191903415051784,0.0011551081767947483,0.10043134092295072,0.8174382757427111,-0.0010009644686850426,0.20218167501389653,-0.08607132892389109,0.1508626849098573,-0.0017150165808844078,0.04291748596505062,-0.0630453021043603,0.04875443624770475,-0.09156423048994197,0.37828171739965344,0.1666165545663736,0.1967164533194125,0.6796247799218479,0.05545824844715261,0.0037598537947965607,-0.11708462312710206,0.03867215647521269
LYL1,0.025082251997891984,0.06595902572060187,0.02047372540818199,0.066762001614814,0.05064505502006491,0.3799098202147011,0.04182769344832851,0.20830314206214623,0.005002361150581258,0.26923978977719826,0.14412302780407787,-0.04439353837096056,-0.04515615997704287,-0.0006119004367981403,-0.008611454225209833,0.5565347671474418,-0.0008517475033049017,0.13910485160009453,0.04027703704701166,1.0,0.07989384910941048,0.08601521499503147,0.18617683346872851,0.10869352542789913,0.028017411531380668,0.13735367402636733,0.015950881494125838,0.0020169530226458983,0.035453001139352465,-0.011399587297802868,0.026836770235685002,0.02550263483036379,0.04681633097411465,0.05676064543215784,0.11895452231482635,0.00808231453920649,0.017517463282247216,-0.0065441841262885445,-0.07399906169704995,0.03163724901345078,0.16705509484981398,0.03078485967143163,0.5931108262457514,0.11696511395608734,-0.09196718278100828,0.10030674165280506,0.011616726167653678,0.015868203556693456,0.0792998658003254,0.08531738338822632,-0.029304473891153638,0.11216888781794636,0.035148208571201794,0.021133712153422787,0.02830542404385121,0.04319951975980669,-0.05103434067343966,0.6862979069769662,0.05290954020346864,-0.007466483894255287,0.04521169804420558,0.0810236116842464,0.0036947674037803354,0.02048917310064788,0.0022996094440814073
MYC,0.019972927958540686,0.05271574241081107,0.053630905164034244,-0.06654976836641456,0.06562908620652957,0.8151540343858166,-0.06121673840931384,0.10525425014683858,0.01785777922147327,0.14635950873299117,-0.007012989258699888,0.19469966049304682,0.15520811972574175,-0.023065589021201736,-0.0030884941863164156,0.20971890368957627,-0.009159687796807136,0.2047228843311935,0.11599012615490792,0.07989384910941051,1.0,0.024320772098814503,0.17596954033352263,0.6915938013121883,-0.08200799943182373,0.053755133499462246,-0.022856112060231176,0.023764655906152156,0.06012260459650053,0.46454230451805684,0.012253735037683046,0.24387135749322064,0.026734060187081406,-0.04295207141199475,0.06288528778528975,-0.027557584760011515,0.2152560917606776,0.09451652696738692,0.388690140715766,0.4837918492698434,-0.03162767600650467,-0.010161149248830523,0.1601293747438503,0.1918079882110913,0.3387123922334577,0.13492828631373108,-0.028864517117508374,-0.004459880260225875,0.060289037078417235,-0.13825771638358472,-0.11555897186771179,0.2059387980795089,-0.008705023015441678,0.016074443693208963,0.012216669192851635,0.08906523343944298,0.40627069002253685,-0.006207434652654793,0.014456415035770559,0.22925507539479711,0.27977872332761344,0.16210885650757864,-0.004439128538700224,0.15569204097283432,0.006061768700012757
TFAP4,0.01581036597285743,0.03733169094758709,0.035745594439159346,0.019882889846738437,0.001598551799229556,0.8527820483430512,0.07622419677109303,0.056950760071994726,0.2581044329312512,0.04287327652269803,-0.015453071803028335,-0.013266505519934921,0.09746050598687986,0.010733749022339414,0.15250519109662514,-0.0003096814851272516,0.02892441442066509,0.023276997810215888,0.45247966993162975,0.08601521499503148,0.024320772098814503,1.0,0.06329134182554844,0.042563253593440466,0.015607493428413605,0.012709229833175555,-0.012387407126042574,0.8187550906008512,0.040171424406745974,-0.0236085672889388,0.006362916363315157,-0.007862757715628943,0.19404763586060403,0.01986618806540282,0.11191610676194594,-0.021148895256376338,-0.09238380091045287,-0.006613533522508251,-0.0733112591653784,-0.012782700759052605,0.12318621820441443,0.07156597819484269,0.16388511721824067,0.05077977889020906,-0.03188965597323118,0.03641046976319723,0.032180980012572434,0.20907370563673694,0.012035480827082364,0.11120232005541962,-0.042422937011848884,0.020659365965406847,0.034783812522740126,0.0028204222956352163,0.037892308983161246,0.025346791847115368,-0.022630720056106213,-0.0529875767064129,-0.006310617634538149,0.02114771674762491,0.05127106240652774,0.03724834801795539,0.007438559283877751,-0.0026053187184413365,0.004263555224135666
RUNX2,0.16329187543359136,0.027018329222387238,0.04171484891208796,0.15773351091336696,0.06465647317996526,0.27180811911548025,0.1302827798736228,0.7467423022863882,-0.017506399770731675,0.2572448117768408,0.07151059869775972,0.03237243494833305,0.030976080041622205,-0.027622501028729055,0.00039320189090403515,0.102525580667051,0.050789331456931416,0.39486655079189986,-0.03219488053991651,0.18617683346872846,0.17596954033352255,0.06329134182554842,1.0,0.2720741372153572,0.03148185305749793,0.17003667796104271,-0.004153652699534288,0.04200283494133125,0.11839298967369015,0.0810002142481511,0.018027697440499486,0.08427454936196395,0.04978531932238549,0.15683428913874506,0.29135797150541864,-0.0993466102274352,-0.2328993986372207,0.008665198526547886,0.04521294674272101,0.16057580578655725,0.01695285576251941,0.021322146447794676,0.04071960423573251,0.1483665039425311,0.0190624496844962,0.33833375114878894,0.047495198481195426,0.0009233031317204061,0.11362618621027988,-0.13505455679631365,-0.16000635452574427,0.15899107012505068,0.09215436379237253,0.019936702031964054,-0.027548834515178214,0.05450244052380304,0.06644604310969938,0.2801819319269088,0.07959148877816836,0.09957501906929415,0.13160141971433878,0.2728724634887962,-0.02052341727579069,0.00865493733106522,0.006342585803243419
MAX,0.04281019536783217,-0.010436370147118025,0.06123818158959695,-0.045331591680782234,0.10907862801844134,0.26499184062583875,-0.08466335575313548,0.17509589115472382,-0.014537467921536791,0.2101596188266986,-0.00041776120662070557,0.30040804467957793,0.22945610463223842,-0.02857182651363347,0.005197846567003576,0.19979934716770792,-0.009526702279563228,0.2968950149650071,-0.046543698134716614,0.10869352542789913,0.6915938013121892,0.04256325359344046,0.27207413721535717,1.0,-0.10363016966484727,0.09213952627495031,-0.0260105689003282,0.005206854831846786,0.051638333148080445,0.5225007808217447,0.013738412981509063,0.3265022958961601,0.006331916873588707,-0.04083598255010576,0.09428371863977668,-0.06302773337086717,0.14870637105261622,0.020908421004398242,0.14142409903951367,0.5067038154792592,-0.08996076746684972,-0.007011275745897245,0.06112841457237249,0.2019377291303727,0.3840377309682528,0.2240226971998625,-0.032865309527924415,-0.05060519939173676,0.09307484564528658,-0.20561415357536228,-0.1821992426293339,0.20022247908948804,0.015650666106627763,0.02213304712927164,-0.01823879944762045,0.09895808445684522,0.42235275035627606,0.3089204443784347,0.013628814911115736,0.21817432944956267,0.3174475358198984,0.24266417333636728,0.008349019624854365,0.09585051882038977,0.005978101891047842
IRF8,-0.009671262473931574,0.06232991021866678,-0.03265276638361531,0.05722397743875886,0.006456317502845514,0.8305669512763912,0.08847664998344927,0.020714009779334935,0.014130789871447662,-0.019898846796630832,0.04484112379051306,-0.13245871620540775,-0.07951894747456292,-0.003964570167245899,-0.012263873878516234,-0.05675798464954635,0.0357307105594913,0.008833036146436693,0.002015269713097612,0.028017411531380664,-0.08200799943182369,0.015607493428413619,0.03148185305749793,-0.10363016966484719,1.0,-0.004793512161849449,-0.0027948063976641485,0.015590388143361214,0.03203066226431996,-0.1527620777792506,-0.004681437183154648,-0.09043653434833478,0.06010722916073249,0.4214851250792576,0.11190340305249641,-0.11285348068504153,-0.2619450051202569,-0.02959023985239362,-0.10511094863700915,-0.13042306898100822,0.015135871614551195,0.022549022220194663,-0.0017191570718193595,0.0012822723323260682,-0.25089887703882285,0.019798361027871796,0.04185173135888852,0.02825723404313797,0.051628426825877684,-0.00871058298875787,-0.10633697071190724,0.02377449856962204,-0.024099381880501668,-0.004675531011347498,-0.027494039207629207,-0.0227080880133847,-0.1948522391766328,-0.013462423595524254,0.05209174096696863,-0.08842806154081541,-0.07098622835072792,0.09843776634544625,0.0038414595167787567,-0.06773508072763472,0.004149410139693923
MYB,0.08399793365557394,-0.0014725132281840367,-0.013197878306420977,0.07830719369464922,0.002188194232746499,0.9343717428815757,0.02077325854629695,0.13866717061066827,-0.028693551594290444,0.06672237570857512,0.04588028154862727,0.021250200742474235,0.031405855470020616,-0.011624299488843323,0.005686966358357383,0.06685217880453725,0.011188385656326658,0.06627171497698015,-0.02267085842899688,0.13735367402636728,0.05375513349946221,0.012709229833175559,0.1700366779610428,0.0921395262749503,-0.004793512161849459,1.0,0.0019226900799817087,0.0068310271242927245,0.04507411809052875,0.03575744519072221,-0.004306886518788984,0.001644821962624834,0.06143709161155193,0.01582847087627145,0.11706096651683968,-0.044367481979431654,-0.5206461279009469,0.04679416856943802,-0.037356986509992994,0.09016855773138056,0.027601452804497856,-0.010785172410887776,0.1476270905205921,0.08260802566233481,-0.02284067162145092,0.268658503066277,-0.005306561581826122,0.030586610791906218,0.040891916282786205,-0.011375230490435827,-0.06206695868341171,0.20009354304305996,0.04447373967389258,-0.00362579084594293,0.018510118898278364,-0.013153474391045842,0.01920623347524991,-0.12751562738204228,0.054576484066159635,0.03010852224738952,0.07412905745182474,0.05752796642076724,0.01306604914702711,0.03580649057847907,0.0032765038525020803
ZEB2,-0.0069690774486608955,0.19628771107999105,-0.0034824488696692363,-0.002348697220095566,0.02568116133207427,-0.019110981382876476,-0.019856596789397454,-0.01322996882665686,-0.007651630677604059,-0.00757133811589318,0.016807822749155744,-0.0069423287461646355,0.003413917344403146,0.028895239591604338,0.0005503863109023548,0.040105194638989226,-0.006912414324360759,0.039627292576957934,0.02224407849565052,0.01595088149412584,-0.02285611206023116,-0.012387407126042575,-0.004153652699534284,-0.026010568900328174,-0.0027948063976641476,0.0019226900799816891,1.0,-0.008221562941202408,0.009036453222075977,0.00030248379045042716,0.00457334270732049,0.005830844317223828,0.11044863950888571,-0.0028041387785797526,0.055018039431119554,0.2617144285633143,0.5094999540391519,-0.03382093688071326,-0.10191455770915293,-0.00736372602402154,0.08927085879743209,0.003907482037916672,0.1393645607111623,0.006145871328326784,0.015017950558489198,0.05435970405167739,0.010844807746717582,-0.03700678338345158,0.003183163969149039,0.045506823517179947,0.06307149769056304,0.0029847750486864297,-0.021119225139586636,0.003778677414688819,-0.003054138683776963,0.04238661895388445,-0.005260435942386749,0.531085272839005,0.028877673611749304,0.014419924642636877,-0.0003072731104567169,-0.056564822966737816,0.008936572047899733,-0.0012259684239692837,0.0013730706728199214
RXRA,0.0032843168054034907,0.013244386403714926,0.025280497748307637,0.0006967841966936683,-0.004494001607183065,0.850505627668662,0.10270612578449277,0.033822931511363744,0.31248634303942263,0.009980792331446268,-0.0028691082458047585,-0.013213344376739553,0.09380905646692297,0.005079968530952565,0.1503693643958627,0.0009410346374332338,0.03754709470229868,0.018860102688903865,0.762691386278881,0.0020169530226458905,0.023764655906152152,0.8187550906008513,0.04200283494133123,0.005206854831846791,0.015590388143361219,0.006831027124292729,-0.008221562941202404,1.0,0.038214718811946026,-0.03163568234748652,0.01026959891401813,-0.01295673774400672,0.19026891392830445,0.005279043707306727,0.047454286313427615,-0.007400815079432741,-0.14286028005781887,-0.005575587358932604,-0.051975096009791895,-0.012606525122954508,0.1844361989300648,0.06754752344299295,0.17839964731634061,0.03055054994951836,-0.01990444523707197,0.01632842366036588,0.03302409094084172,0.2870856843403858,0.011623877074409449,0.11448247267796811,-0.014877651668080548,0.019940405101458263,0.02275149295968209,0.007114192674155455,0.02272973466636476,0.054724006209103275,-0.01818954933360753,0.32406255800063993,0.022536001070861466,0.021570944123566454,0.08120643595985683,0.009513781336119067,0.007395037888068159,-0.0011680818402911761,0.0011173987437525527
FLAG_MEF2D,0.08144266328740804,0.06525451300984002,0.08651949770531782,0.04210942199593142,0.022565307611567876,0.7317070536765905,0.14733058657253267,0.06713406698760617,0.025441228158561077,0.04098572493443498,0.03782599600409892,-0.016044722424199746,0.026562086310444533,0.4559874865518785,0.0082527168599498,0.11332403049111858,0.04228370584196387,0.13875293595390792,0.2346502361335297,0.035453001139352486,0.06012260459650056,0.040171424406746016,0.11839298967369011,0.05163833314808045,0.03203066226431994,0.045074118090528734,0.009036453222075972,0.03821471881194603,1.0,0.022654009342127277,0.008492152354920802,0.0317001760519834,0.087119130760659,0.051930719927329394,0.4731232509461495,0.045885993138999985,0.28280575712595585,0.025873345419628192,-0.009251508055547829,0.10180443180225017,-0.04041349217398348,0.7856372562033551,0.20198479571931338,0.053471245482127075,0.07533104256712408,0.1158895418619357,0.011808897794132665,0.03392493412623935,0.04752202021126629,0.0035853688703130896,-0.00510675399471512,0.09371736268383538,-0.004234069533594505,0.011853528216946836,-0.030704211375488434,0.0008790772347425266,0.0593859214383257,0.19453504322174298,0.0724745265464198,0.02901533651964853,0.11752159725126965,0.044103076183244314,0.02717501065120489,0.03340243869972554,0.003141476072543733
activation,-0.05366578435762341,-0.030885301305932922,0.07019809206889299,-0.13581687074888782,0.12290692319501278,0.13335178799250802,-0.13270159657195807,0.011659543689920258,-0.08655336340021454,0.1358247602862005,-0.03220602046903373,0.29697562462729493,0.15926439319982952,-0.035789834195321904,0.003106885106165573,0.30160512523520083,-0.051395461907278284,0.154927137652221,-0.10047375168536242,-0.011399587297802872,0.4645423045180568,-0.023608567288938797,0.08100021424815104,0.5225007808217453,-0.15276207777925066,0.03575744519072221,0.00030248379045042114,-0.031635682347486524,0.022654009342127256,1.0,-0.008744159926741045,0.3341111451795645,-0.06382462001165005,-0.15084513775741218,-0.061398794044170764,0.02311852433875767,0.051003876765489675,0.10369675681339093,0.1366045920014101,0.7547174824159536,-0.0420692071468784,-0.05574171547328788,-0.003050078670117975,0.1709122094704056,0.8792929657790131,0.11482343653037591,-0.0602075957434396,-0.05353877719449307,0.036320747544537374,-0.17495024032790932,-0.13236652292000792,0.15113163249116596,-0.12132554515211683,-0.01664076019261143,0.0055282253656829304,0.22737298904770867,0.8068570914919768,0.5138776731063642,0.055451702045114626,0.3190852011204397,0.36054692364684776,0.18920088065790053,0.008824152045044428,0.31689142969718415,0.0021983062913013785
repression,0.01307341237054248,0.1341771562232007,-0.009800886996809815,-0.011437429159126196,0.025601978784975367,0.2488998607119538,0.013589310327358514,0.031980026171283864,0.04410425558333757,0.014419642244365616,-0.015091737374714451,-0.008429116788986925,0.00867923846502661,-0.05179171440261297,0.03243051351967796,-0.020778266816412323,-0.007886813398988562,-0.005797969682064055,0.035019553969062256,0.026836770235685006,0.012253735037683039,0.006362916363315143,0.018027697440499486,0.013738412981509063,-0.004681437183154654,-0.0043068865187889755,0.004573342707320494,0.010269598914018106,0.008492152354920793,-0.00874415992674105,1.0,-0.008063470220370333,0.07495910465120081,0.0025354352479349932,0.0045828390620413755,-0.08112999918650314,-0.02682306680415941,0.08379248065797279,-0.1136736361559,-0.03856555832910125,0.9087517465378504,-0.013060240833064252,0.09367184795834385,0.0034083552916297313,-0.06226806825359052,-0.00800471097761852,-0.01724745456961847,-0.01553606130060476,0.0035364207001555878,-0.0495829373339274,-0.07130800318266343,0.03231126045170297,0.009574939268451434,0.9891894237604832,-0.07937009120932781,-0.03532807098017968,-0.03850427148994524,0.22795009365122512,-0.004983319606325118,-0.007736233199512514,-0.006595780024706481,-0.02090508920597014,0.0014307329072116488,-0.04824688058896469,0.005113162448931989
ELF2,-0.024611513408257873,-0.010346935299814258,0.1618829897466987,-0.06421262355937002,0.28548044159558994,0.7356707143875686,-0.05391160319196105,0.025120619069761436,-0.020332559461178283,0.28480837686332106,-0.036264900119471075,0.10686363994760564,0.03124680726979052,-0.008175145074955205,-0.022454892341203483,0.10710746258732828,-0.010767081181854394,0.15310149693560984,-0.0543756425218702,0.02550263483036379,0.24387135749322053,-0.00786275771562894,0.08427454936196398,0.3265022958961601,-0.09043653434833478,0.0016448219626248406,0.005830844317223822,-0.012956737744006712,0.03170017605198339,0.3341111451795645,-0.008063470220370357,1.0,-0.024189290774675236,-0.03782203088809187,0.0003287619693224949,-0.014870670916134057,-0.402914154545093,0.01522531685404543,0.14933216736309246,0.2969690366017266,-0.031574730641301,-0.022756417610958337,-0.010517252483012133,0.0919045483845338,0.21449721812087064,0.06781396842917325,-0.038340883636714174,0.010249728670293898,0.06484095860577344,-0.09197486796130372,-0.033753864340912466,0.06768666500365611,-0.04000057294560569,-0.003473292520390533,-0.002834208542498948,0.11955739983488436,0.2541687604105457,0.3516488438980622,-0.023132593170131836,0.09972394824224265,0.1549110332648192,0.15236623755894768,0.00464190268874947,0.052420609650427906,0.004032946705462836
JUND,0.0416495409872698,0.5460471297521049,0.5114178107300372,0.08018278581290215,0.04730287305939759,0.19683378381391053,0.017803094170017277,0.06481741339332678,0.1239474812271949,-0.008111344932774938,0.011191314065795628,-0.05514150528315668,-0.003925552366378627,0.11246507893805512,0.11665878451369988,0.02368442594805268,0.0315425035088348,0.09837038565517114,0.03488077817741084,0.046816330974114695,0.02673406018708139,0.1940476358606041,0.049785319322385495,0.006331916873588703,0.06010722916073247,0.06143709161155199,0.11044863950888573,0.19026891392830433,0.08711913076065905,-0.06382462001165004,0.07495910465120081,-0.02418929077467525,1.0,0.0358981739337404,0.27189941854969585,0.013692722295763014,0.2564400547097133,-0.08950519942873154,-0.06171729914495218,-0.04139805991255986,0.48420722263760124,0.04429644258614717,0.6038470037197625,0.008315800609784933,-0.06361794189790351,0.06462970355287498,0.03848771694555229,0.309753500035502,0.025190787965181562,0.1564022283979651,-0.023856167683275184,0.012760449521538708,0.034654274873504684,0.055974146566140706,-0.06864984732887268,0.22535846784486674,-0.1009840042178884,0.18620989753148298,0.033236217421084714,-0.04523250113485726,0.02695898721027624,0.044105368126914006,0.0034951612610437323,-0.08288126492400642,0.001356006440463539
FLAG_SPI1,0.014539133072376559,-0.023535435235512388,-0.010085831614980204,0.0885008436862669,0.07644570513102025,-0.30110615311148586,0.1060112041800636,0.09758633955575283,-0.036173073710830554,0.045743113404660404,0.0761980650511014,-0.15853638765166495,-0.0822255773449857,-0.029593973467049593,-0.032509182059936234,-0.04224675154447725,0.040526062547278925,0.07820491716508163,0.012479409671188204,0.056760645432157836,-0.042952071411994766,0.01986618806540284,0.156834289138745,-0.040835982550105766,0.42148512507925756,0.015828470876271452,-0.0028041387785797474,0.005279043707306723,0.051930719927329415,-0.15084513775741212,0.0025354352479349993,-0.03782203088809187,0.035898173933740396,1.0,0.10232401068465435,-0.15166448493129434,-0.23076361986434535,0.004071887978103942,0.03508438103166451,-0.07981986870179619,0.005144428263926972,0.019179459529400308,-0.02797598841843306,0.03181607311693792,-0.2322446193288309,0.08411626241569754,0.06617646023217563,-0.00024994092802952674,0.12476228503586198,-0.055502153465452946,-0.1337605340928309,0.05004080997087098,-0.00013057662919471015,0.00552610298021743,-0.03317795901667377,-0.015604955771919232,-0.16116991845732478,-0.20825423641613824,0.09754117943387124,-0.07505514713462247,-0.04764802129195201,0.16025396803983044,0.005800831708573434,-0.03351383688597316,0.006851873765037888
FLAG_IRF2BP2,0.0951213337230319,-0.02290524470924759,0.08000569951432536,0.12337597255309424,0.04177809413685552,1.0,0.141863587581732,0.17323549925316303,0.06390446364426024,0.0947933473096332,0.021795744459185362,-0.05572514072045831,-0.010245179192946373,0.4002474398430771,0.017463018838698222,0.0940145669558558,0.08462308240546638,0.2804946528070476,0.12724671148457148,0.1189545223148263,0.06288528778528976,0.11191610676194591,0.2913579715054187,0.09428371863977661,0.11190340305249631,0.1170609665168397,0.05501803943111955,0.04745428631342761,0.4731232509461494,-0.061398794044170805,0.004582839062041369,0.0003287619693224993,0.27189941854969585,0.10232401068465431,1.0,0.05314046181654757,0.6050392064502282,0.004559501797628063,0.02400786016783408,0.03853457389335967,0.06818333618589667,0.5252024787585233,0.13932098622186134,0.10033810455489234,-0.0838708953262677,0.2762917110245466,0.016401249829577264,0.04140997033303327,0.09103708873943285,0.02249862558725139,-0.020014529646009648,0.16852384472883103,0.08446385075687737,-0.0012728693500197365,-0.049656030841235016,0.0162282692229438,-0.06810685590102579,-0.03151174081902441,0.06487195609227815,0.1048142960536565,0.13803866891512706,0.07709137411362148,0.020191134179377936,-0.015828479390071704,0.0028148362521980596
SMC1,-0.08296002291764333,-0.051381733666568896,-0.012998913898320905,-0.0958931616836813,-0.0021842323078249248,0.20974673479160716,-0.06198870743202353,-0.08882832377573924,-0.022652229542094206,-0.06270882243454186,-0.016717434583257414,-0.024136456626090933,-0.013973884538716652,0.001833909768084655,-0.005242419681214022,0.011050551299676224,-0.00834013221290562,0.06310946121404631,-0.04642654132959844,0.008082314539206483,-0.027557584760011525,-0.021148895256376348,-0.09934661022743513,-0.06302773337086717,-0.11285348068504139,-0.04436748197943167,0.26171442856331456,-0.00740081507943274,0.04588599313899999,0.023118524338757655,-0.08112999918650313,-0.014870670916134067,0.013692722295763026,-0.1516644849312943,0.05314046181654754,1.0,-0.014063689403527544,-0.044527796238410765,-0.07622884470213545,0.02564771967374443,-0.039319605754479445,0.008115439981804667,0.0519753432845317,-0.04804780098220008,-0.05758242106480881,-0.017491834253684852,-0.06328032913460817,-0.016020595770565832,-0.020889282621244284,-0.07644733990757961,0.45443907304624165,-0.0211856691426761,-0.1005915019516806,-0.08937560964442799,0.003339576855781195,-0.0028687930708779863,-0.0662345142400233,0.003384247087289807,-0.04342123480520317,-0.0343447989819853,-0.009439104600697846,-0.07101022663620912,0.004075728732563919,-0.026430396110733025,0.0035381339361422962
LDB1,-0.10713348284391949,0.43780710015639557,0.13866212546973525,-0.22371405231310473,-0.11135374166618063,-0.36689142102063155,-0.19753078776066887,-0.185193813112024,0.5346705674293525,-0.15035721561191573,0.36333683793181326,0.09225506614126787,-0.14552221850861283,0.4453200251304209,-0.16175307805868994,0.1740482872889244,-0.011972089573412847,-0.034308680505577664,0.21748727871323661,0.017517463282247212,0.21525609176067745,-0.09238380091045284,-0.23289939863722076,0.14870637105261628,-0.2619450051202567,-0.5206461279009469,0.5094999540391519,-0.14286028005781884,0.28280575712595585,0.05100387676548968,-0.026823066804159457,-0.40291415454509266,0.2564400547097132,-0.23076361986434532,0.6050392064502285,-0.01406368940352754,1.0,0.4094081425169911,,0.05809244332731643,0.03703381492419646,0.1056212306898908,0.14108197732609523,-0.19028829007379347,0.15797394156359595,-0.12601237777865454,-0.11586110074827159,-0.007812706292677836,-0.33675792228190543,-0.17759044060015633,0.2383055090818715,-0.14527167985066383,-0.23188973828812698,0.2419381484121322,-0.12498736289797104,0.1001828134335379,0.7930544772302205,0.14841811251898193,-0.6462592180736244,-0.32637493003436613,0.03537789727881289,0.09714966455744845,0.0005623228897362251,0.9999999999999998,0.00022848273929228173
H3K79me2,-0.0276127362251161,0.08781315895753404,0.019274804304164422,0.0011778957484775865,0.006752880384505959,-0.0035200800325885643,-0.04217529279558001,-0.016063160313356584,-0.049113464523562425,0.021157307758141418,-0.03974263930384218,-0.0008916513109414691,0.098693814648195,0.023977160168881132,-0.016234999764523958,0.19469465850852136,-0.01676662577088853,0.09314343317644912,-0.024933991204045623,-0.006544184126288551,0.09451652696738688,-0.0066135335225082515,0.00866519852654788,0.020908421004398228,-0.029590239852393622,0.046794168569438035,-0.03382093688071325,-0.0055755873589326075,0.0258733454196282,0.10361721781829146,0.08379248065797283,0.015225316854045432,-0.08950519942873153,0.004071887978103931,0.004559501797628055,-0.044527796238410765,0.4094081425169911,1.0,0.2219391617760409,0.13065675079476638,0.10988927469586066,0.001201112769836522,0.011840052371109357,0.13927580226265684,0.05368825099698667,0.036563629166538755,0.029394497229128774,0.0003658088021164242,0.01582679582995717,0.19861582656473248,-0.04140364756386149,0.05017622931846664,-0.02197033444671589,0.08400430003921315,0.06574497875389097,-0.06492615527271402,0.12255949599981902,-0.35941076407887596,0.0026716279417750895,0.06489377252333238,0.13694148863398783,-0.04260618453777342,0.0034926443795165124,0.27273248151307966,0.0033808056487670693
WDR5,-0.06455159034894248,-0.26256899161358704,0.041522950344060026,-0.011781491734597228,0.0283778829007279,-0.010354859730226105,-0.04167525822682189,-0.04126899811314133,0.10215281732648973,0.18529393442186176,-0.17155639674580242,-0.057212506132750085,-0.05597212738404901,-0.055772635982937774,-0.010863094360286277,0.17131127092422424,-0.033368364430272725,0.08414212740550019,0.09194554467308358,-0.07399906169704996,0.38801329162792253,-0.07331125916537835,0.04318326292927981,0.1398334382835784,-0.10511094863700908,-0.03735698650999295,-0.10191455770915284,-0.05197509600979191,-0.009551244976225342,0.1353320541637504,-0.11367363615589994,0.1481563171099588,-0.06171729914495213,0.03446032570510155,0.02400786016783418,-0.07758783418411344,,0.2250017339012729,1.0,0.1770745928329305,-0.21284052864257696,-0.02718833491818824,-0.1615672366252648,0.16330837708208448,0.10333154614830801,0.01638639429015289,0.06066075964973215,-0.03372495813200053,0.002835456544238832,-0.007182904510419785,0.112230267080295,0.21073188143840457,0.008847290896992049,-0.11226516627376622,0.2820945970802232,0.45876625006079635,0.11937326343072972,0.0012213305834997588,-0.2892812991247957,0.40298178638576393,0.14572752264219987,0.009229808528573124,0.0030180959481537076,0.2884166200735741,0.0003272220848280724
H3K27ac,-0.031067074960087884,0.0003219101197402908,0.09274910073085707,-0.10556355369872684,0.08196893498491804,0.42053691862937487,-0.10293420221417965,0.06221578345239963,-0.06088459369815546,0.174142283556091,-0.014370772937989251,0.1717481328316491,0.1737816766306364,0.006858088008712898,0.0006765368406792576,0.5541307072049224,-0.012940998173273495,0.15336425654569147,-0.07039347795459229,0.031637249013450795,0.4837918492698432,-0.012782700759052608,0.16057580578655717,0.5067038154792591,-0.13042306898100817,0.09016855773138048,-0.0073637260240215375,-0.01260652512295453,0.10180443180225017,0.7547174824159529,-0.038565558329101246,0.29696903660172685,-0.04139805991255985,-0.0798198687017963,0.03853457389335966,0.025647719673744435,0.058092443327316425,0.13065675079476635,0.17843657089756987,1.0,0.01797337097930351,0.021806500530534293,0.07828240839665176,0.24940535458139204,0.5768430568451154,0.1371578779970794,-0.038605498701967035,-0.013367596762820521,0.051840767903056494,0.019417505374659683,-0.08264147693570699,0.26929182275167135,-0.07595951566005232,-0.03751472734675226,-0.014683116872995453,0.09588826927125443,0.6666166854193551,0.42270266785089355,0.017835705053163,0.3990422607760285,0.4808924680123589,0.2153903011552947,0.004764530229131559,0.4046761824661553,0.008471095973717644
H3K27me3,0.12820962200062633,0.28766044530950574,-0.038718347358238786,-0.02171819378317514,0.30418357971374593,0.26365130894444644,-0.011688907508680327,0.06858098894107895,0.24402002439568174,0.005656970108962919,0.004450971980748343,-0.056715590112097584,-0.056457832070589,-0.1225458994098226,0.3080724301777448,0.1645146028697952,-0.02881088917353266,0.08828381259381705,0.025350080081449716,0.1670550948498139,-0.031627676006504644,0.12318621820441442,0.016952855762519415,-0.0899607674668497,0.015135871614551197,0.027601452804497866,0.08927085879743196,0.1844361989300648,-0.04041349217398352,-0.042069207146878417,0.9087517465378503,-0.031574730641301,0.4842072226376012,0.005144428263926991,0.06818333618589653,-0.03931960575447943,0.03703381492419648,0.10988927469586064,-0.212840528642577,0.01797337097930351,1.0,-0.05388578420043543,0.7554330253020544,-0.008661328815451052,-0.17881046826498717,0.11703493445779929,0.0020803278729955837,0.09015015902315603,-0.03749962300220716,0.20444772029450392,0.029681537886917655,-0.014183899250175774,0.053707064054275735,-0.07048462661256864,0.0716009822802918,0.38417641564623395,-0.17972365014460992,0.6322819402440052,0.06925519946395577,-0.05952464408453868,0.032436324281620604,-0.14381929729308743,0.006075651730972418,-0.20640655387791682,0.029628943106619194
FLAF_MEF2D,0.026464521299111855,0.1252173896974321,0.0704825865638419,0.005639239640792054,-0.012345193647870775,0.8980554403332798,0.4202873620513874,0.04325240042286387,0.26018065916566113,0.04098793736754028,-0.004730309216736606,-0.02207205581386272,0.040510055026043136,0.5086948372465737,0.13401903606813803,0.04544418753609402,0.1359168063866543,0.028042897876509043,0.5357124264539981,0.030784859671431592,-0.010161149248830525,0.07156597819484269,0.02132214644779468,-0.007011275745897256,0.022549022220194656,-0.010785172410887783,0.003907482037916666,0.06754752344299289,0.7856372562033552,-0.055741715473287864,-0.013060240833064247,-0.02275641761095833,0.04429644258614721,0.01917945952940031,0.5252024787585235,0.008115439981804664,0.10562123068989089,0.0012011127698365,-0.027188334918188242,0.02180650053053427,-0.05388578420043544,1.0,0.23673776327255946,0.032960121346644077,-0.024822074545371036,0.034731495793391576,0.02555811752472024,0.3198265324765495,0.026764650107838073,0.1546375147186156,-0.0062484383235693825,0.054375102577316134,-0.007157536208498352,-0.010052381838995005,-0.00018128586094286005,-0.02307462079494735,-0.001975034953834634,-0.03585664714755738,0.05660928613639744,0.06195240114897026,0.28864858972029755,-0.02652730028994466,0.007027337562644976,-0.0005080925546007614,0.010136730012880674
MYBL2,-0.04150292891753572,0.7040828001329383,0.1484963237400066,-0.07270645249640102,-0.05574143749886523,0.6087214055345608,0.3535527485491528,0.021464732477084567,0.5140184068533719,-0.13167310385552766,0.10999370377438614,-0.03337524773622521,0.0808406559571438,0.1994041065809489,0.30917205673275056,-0.004180105801034042,0.10731944900165209,0.0389665132497985,0.6375091990695758,0.5931108262457517,0.16012937474385033,0.16388511721824053,0.040719604235732496,0.06112841457237257,-0.0017191570718193365,0.1476270905205921,0.13936456071116224,0.17839964731634073,0.2019847957193132,-0.0030500786701179827,0.09367184795834389,-0.010517252483012121,0.6038470037197629,-0.027975988418433087,0.13932098622186143,0.051975343284531676,0.14108197732609526,0.011840052371109385,-0.16156723662526484,0.07828240839665188,0.7554330253020545,0.23673776327255944,1.0,0.055895079530157786,0.07148175053565153,0.05291378811341606,0.0035534347937111257,0.1915260020873989,-0.11647609166908468,0.1496342312157395,0.1955709751382111,0.08596332532061685,-0.061721841250443034,0.051120927520267465,-0.02522940964036684,0.2653785130810674,0.03685515017099859,0.060670862642884064,0.24527770478113767,-0.09873619234297489,-0.020608610750884618,0.07231476522436912,0.0024485180438079033,0.12229861685799406,0.00024752989696729793
CDK9,0.013898837374224475,0.010461809972319538,0.06531579426042583,-0.021053098104252856,0.27110759347657654,0.14465449532029132,0.0020298392133666545,0.15843706228243354,0.07474482856043438,0.21307421675025734,0.02044855246950734,0.006106535341167602,0.051805234264293974,-0.015562074300401985,0.033563218501091514,0.14174688723550488,0.05104379469654241,0.14547210114004053,0.1449726288601322,0.11696511395608727,0.19180798821109118,0.05077977889020906,0.14836650394253112,0.20193772913037264,0.0012822723323260802,0.08260802566233483,0.0061458713283267605,0.030550549949518363,0.05347124548212708,0.17091220947040572,0.0034083552916297248,0.09190454838453385,0.008315800609784894,0.03181607311693797,0.1003381045548923,-0.04804780098220003,-0.19028829007379347,0.13927580226265684,0.16213963959799177,0.24940535458139215,-0.008661328815451024,0.03296012134664407,0.05589507953015775,1.0,0.09455421164106055,0.05388998053845359,0.03701581675549229,0.057562792227521115,0.0901169203555801,0.5795414931661488,-0.1664826461322068,0.3525348835496191,0.023903654740086072,0.006330476563811174,0.08321517084573189,-0.014653089093815658,0.24636640854918143,0.19009255656970409,0.032392090385515104,0.18302236485335896,0.23010002758431378,0.024767248431190356,-0.017148469700187664,0.38481999075497425,0.005626285464999823
H3K4me3,-0.15309605656475067,-0.06599042077755661,0.043483911364360674,-0.1791484191383483,0.05432826807520901,0.8366104850143513,-0.11866600448996076,-0.05548967779068645,-0.11706534803118465,0.05286592945127383,-0.06445671431594543,0.18218999824642343,0.11383860091155519,-0.03936088956159262,0.006673528354922883,0.251127186624777,-0.04189967906737014,0.11857812881073453,-0.11919034150517839,-0.09196718278100821,0.3387123922334575,-0.03188965597323115,0.01906244968449619,0.3840377309682526,-0.25089887703882296,-0.022840671621450905,0.015017950558489191,-0.019904445237071963,0.07533104256712407,0.8792929657790125,-0.06226806825359053,0.21449721812087075,-0.06361794189790353,-0.2322446193288311,-0.08387089532626774,-0.05758242106480878,0.15797394156359595,0.053688250996986625,0.10634343399018227,0.5768430568451156,-0.17881046826498717,-0.02482207454537102,0.07148175053565148,0.0945542116410606,1.0,0.05670270105307491,-0.07914390782415288,-0.009223155607324021,0.011239686256337308,-0.11416399058071001,-0.19429502792124181,0.04367400481186832,-0.15399653900602006,-0.0274065288046153,0.03304922167729514,0.20012311255318294,0.7748455575851502,0.40580608219314573,-0.1521710595190114,0.12557216337865795,0.23276998215739964,0.1521742763077879,0.013587895918304067,0.23009137497478882,0.00320640735979472
FOXP1,0.1623820420669384,-0.06671010175896148,0.02796237573526916,0.12435215399873059,0.06337925550029037,0.18666199060322194,0.011432393203601612,0.20483852418844856,-0.04395014715905035,0.11797833119201295,0.02556457119444626,0.11218484512406753,0.055298983572191596,-0.006568769916575761,0.000512324464743056,0.0852556170514051,0.03918476302655756,0.2651661435829995,0.0011551081767947344,0.10030674165280504,0.134928286313731,0.03641046976319721,0.3383337511487889,0.22402269719986231,0.0197983610278718,0.26865850306627687,0.05435970405167743,0.01632842366036588,0.11588954186193573,0.11482343653037588,-0.008004710977618526,0.06781396842917323,0.06462970355287499,0.08411626241569757,0.2762917110245465,-0.017491834253684845,-0.12601237777865454,0.036563629166538755,0.018421861493165295,0.1371578779970794,0.1170349344577993,0.034731495793391555,0.05291378811341606,0.05388998053845364,0.05670270105307493,1.0,0.01173784782575878,-0.03343159022429703,0.07515660352429873,-0.04495713189655161,-0.10797046870991822,0.0973250016213386,0.05519368993358486,-0.014649182368760375,0.0013389046719363721,0.060234193234510014,0.09665912122391386,0.031933264531499236,0.07517937535590816,0.10524140399312751,0.1446802451931577,0.17513448296147724,0.020768025804761912,0.022335574477150778,0.005131788484825075
MLL_KTM2A,0.022989429465466255,0.14514372252361402,-0.049894810670858686,0.034529604322645506,-0.008932116981823867,0.32668956408585575,0.008747671894936216,0.04751926023462128,0.03708735847183027,-0.004062152987899311,0.014014533203972501,-0.08141488601883427,-0.07414150795285196,0.012712717915387417,-0.03959066006730913,-0.015014776947187922,-0.003331203188749838,0.014562936673671232,0.10043134092295078,0.011616726167653678,-0.02886451711750836,0.03218098001257242,0.047495198481195426,-0.03286530952792441,0.04185173135888854,-0.005306561581826121,0.010844807746717559,0.03302409094084173,0.011808897794132647,-0.0602075957434396,-0.01724745456961846,-0.03834088363671418,0.03848771694555231,0.06617646023217569,0.016401249829577264,-0.0632803291346082,-0.1158611007482716,0.029394497229128756,0.060660759649732165,-0.03860549870196701,0.002080327872995599,0.02555811752472024,0.003553434793711237,0.03701581675549228,-0.07914390782415288,0.01173784782575878,1.0,0.020896975330899122,0.0013833102819919292,0.5359763788790908,-0.05552459025385931,0.002816052302077574,-0.006839032021071269,-0.018392420819558573,-0.0403337979681584,-0.005717196103143081,-0.06976870128426393,0.5034289176946946,0.10380019406230145,-0.06730526365969883,-0.005665656108335805,0.014809908276813234,-0.004588076664288721,0.048382016498613054,0.005815397921466899
RARA,0.020523017099104906,-0.026775946622161637,0.4316820172267697,0.014710406973604243,-0.025631451561083485,0.26960618178476037,0.2960303836334622,0.023963271270160617,0.6451749045170251,0.0030392922226117895,-0.0082124593964497,-0.07033000883654764,0.05029544705243602,0.26893325216930086,0.21477645507163198,0.03545732015626931,0.05964739511205558,-0.03225935941814038,0.8174382757427113,0.015868203556693463,-0.004459880260225884,0.20907370563673697,0.0009233031317204025,-0.050605199391736765,0.028257234043137944,0.030586610791906214,-0.03700678338345157,0.28708568434038584,0.033924934126239356,-0.053538777194493084,-0.01553606130060476,0.010249728670293936,0.309753500035502,-0.0002499409280295366,0.04140997033303326,-0.01602059577056584,-0.007812706292677857,0.000365808802116419,-0.033724958132000556,-0.013367596762820505,0.09015015902315598,0.3198265324765493,0.19152600208739887,0.05756279222752114,-0.009223155607324023,-0.03343159022429705,0.02089697533089916,1.0,-0.04728043374336556,0.08396271555393327,0.026776146027694358,-0.0010606376585338513,0.050872447570179904,-0.01698486865592561,0.07300292622262393,0.015156465614455399,-0.056502397701347594,0.405359398053375,0.038041508671847704,0.02933377232683944,0.1818351978732455,0.016697491462562036,0.0073909352084333855,-0.060458432729356706,0.0009808144436778466
IKZF1,0.0458798136309265,0.009752627403448687,0.019592177123119302,0.03005543482433398,0.12507831973142852,0.04391932291384692,0.008887123162308904,0.09190745138220767,-0.03303534931964212,0.11045000053859179,0.025554330345335323,0.007277362636066189,0.0158801844633636,-0.011669640254661775,-0.0013284438841239027,0.02526606097867413,0.030906070618124986,0.11097481567458915,-0.0010009644686850777,0.07929986580032537,0.06028903707841729,0.012035480827082367,0.11362618621027987,0.09307484564528667,0.05162842682587766,0.0408919162827862,0.0031831639691490376,0.011623877074409445,0.0475220202112663,0.03632074754453735,0.00353642070015559,0.06484095860577349,0.025190787965181576,0.12476228503586198,0.09103708873943282,-0.0208892826212443,-0.33675792228190543,0.015826795829957163,0.002835456544238852,0.05184076790305653,-0.03749962300220719,0.026764650107838055,-0.11647609166908471,0.09011692035558014,0.01123968625633731,0.07515660352429876,0.0013833102819919172,-0.047280433743365546,1.0,0.024074921822813747,-0.029165171548301425,0.061234800169409374,0.03671680947679024,0.007803120392507067,-0.014380616641215047,0.0642241032972669,0.026794084955670015,0.09482402412020875,0.040075766574744084,0.045003119364791504,0.076490158543106,0.05253738632674439,0.01552079736852049,0.032498360091564434,0.0041119254778024935
AFF4,0.005684577712224297,0.12307157502477886,-0.0009855488491285875,0.05709804398446636,-0.041177551138980646,0.12598465840330586,0.10414078500599878,-0.09501636974509252,0.1067677411102027,-0.08914244892463993,-0.02043360479430145,-0.07215759216776538,-0.04735657201311509,-0.005039781401590909,0.044661915099556235,0.08838787773329362,0.02446456590679471,-0.07099936783254292,0.20218167501389653,0.08531738338822631,-0.13825771638358475,0.11120232005541957,-0.13505455679631367,-0.20561415357536236,-0.008710582988757879,-0.011375230490435848,0.045506823517179884,0.11448247267796818,0.003585368870313086,-0.17495024032790923,-0.04958293733392743,-0.09197486796130366,0.15640222839796494,-0.05550215346545293,0.022498625587251412,-0.07644733990757963,-0.1775904406001563,0.19861582656473234,-0.007182904510419748,0.019417505374659694,0.20444772029450398,0.15463751471861562,0.14963423121573954,0.5795414931661489,-0.11416399058071001,-0.044957131896551594,0.5359763788790901,0.08396271555393323,0.024074921822813754,1.0,-0.09287659096352184,0.14061222565291884,-0.04156186916491339,-0.09110484221349828,0.11647016909842886,0.00827767801423,0.16005874560301175,0.15636385933106176,0.10334448007255956,0.008292771108342128,0.21302159302691642,-0.1454012298021157,0.008264390642086302,0.3333573615933983,0.0007918677314293369
CTCF,-0.10198810417466637,0.046994832612094896,-0.020629729081025422,-0.0858231338380273,0.05036217903768454,-0.0841546896046518,0.0073523018712259545,-0.1388387046129971,0.01496798143310365,-0.09550074083827276,0.047665511416839376,-0.11145606260847024,-0.05286989324580823,-0.015431666214589254,0.03626175874285329,0.00575185067587306,-0.024413230889547402,-0.005986670470812884,-0.08607132892389115,-0.029304473891153645,-0.11555897186771177,-0.04242293701184891,-0.16000635452574427,-0.1821992426293339,-0.10633697071190724,-0.06206695868341171,0.06307149769056304,-0.014877651668080555,-0.0051067539947150875,-0.1323665229200079,-0.07130800318266343,-0.03375386434091245,-0.023856167683275174,-0.1337605340928308,-0.02001452964600963,0.4544390730462415,0.23830550908187165,-0.04140364756386156,0.1122302670802951,-0.08264147693570698,0.029681537886917648,-0.006248438323569373,0.195570975138211,-0.16648264613220679,-0.1942950279212419,-0.10797046870991824,-0.05552459025385927,0.02677614602769437,-0.02916517154830143,-0.09287659096352181,1.0,-0.13045233141115792,-0.1087579373251898,-0.08340396945948551,-0.005635160127445894,0.08966832574078998,-0.21034064192576016,0.12375611424959182,-0.07718186085203059,-0.10217132069401878,-0.12259340071171623,-0.0934627401830391,0.008803974492653502,-0.06297821248603802,0.0023819569322903332
BRD4,0.11783431186708483,0.03135094733410542,0.023022700341311264,0.012139768249708605,0.06857224588314827,0.01866318443250585,-0.0348317596898879,0.1576643368683205,-0.03483469423877583,0.13737972356309383,0.04741350793777013,-0.03566905088333889,0.018830839484535688,-0.01017410308390879,0.03600842826908258,0.13667446398289218,0.04691810216002826,0.0980990624826492,0.15086268490985733,0.11216888781794639,0.20593879807950874,0.020659365965406833,0.1589910701250506,0.20022247908948798,0.023774498569622046,0.20009354304305982,0.0029847750486864375,0.019940405101458256,0.0937173626838354,0.15113163249116612,0.032311260451702975,0.06768666500365605,0.012760449521538717,0.050040809970871014,0.1685238447288311,-0.02118566914267608,-0.14527167985066383,0.05017622931846663,0.21036607935154478,0.2692918227516711,-0.014183899250175746,0.05437510257731616,0.08596332532061682,0.35253488354961887,0.04367400481186834,0.09732500162133852,0.002816052302077563,-0.0010606376585338805,0.06123480016940939,0.14061222565291887,-0.13045233141115792,1.0,0.07259880351503378,0.034491428729417364,0.003687751116735836,0.029336740309226495,0.16499058924583054,0.43203169757867227,0.08587294739700628,0.2688426411263426,0.23535380159361705,0.018045683299772686,-0.004763744154363609,0.20551637841228976,0.0035531892647252448
CEBPB,0.34677588520802266,-0.022339889541919834,-0.0230789175937518,0.04599276615839591,-0.02080339951614984,-0.6821513777362246,0.051299966135840744,0.10603895637909859,-0.03866208600190138,0.05933090810050321,0.010735836387649867,-0.120964037906313,-0.052218446362834584,-0.02551818468708747,-0.011261374195551786,-0.032551939879764444,0.03528128113568849,0.030066777087586444,-0.0017150165808843987,0.03514820857120184,-0.008705023015441684,0.03478381252274012,0.0921543637923725,0.015650666106627756,-0.024099381880501633,0.04447373967389258,-0.02111922513958662,0.0227514929596821,-0.004234069533594506,-0.12132554515211698,0.009574939268451429,-0.040000572945605675,0.03465427487350472,-0.00013057662919470676,0.0844638507568774,-0.10059150195168058,-0.23188973828812676,-0.021970334446715884,0.01029239485043207,-0.07595951566005234,0.053707064054275756,-0.007157536208498349,-0.061721841250443,0.02390365474008607,-0.15399653900602012,0.05519368993358488,-0.0068390320210712586,0.0508724475701799,0.036716809476790256,-0.041561869164913424,-0.10875793732518985,0.07259880351503382,1.0,0.01100212202631069,-0.02271496683652762,0.005693775791765032,-0.13407769918660867,0.2730895551202965,0.016115205267797115,-0.048828447625519474,-0.010738616565990292,-0.009691495466716969,0.015958767521292293,-0.05254605185951148,0.004399799720679506
H3K36me2,0.007494018753671369,0.07619942605406783,-0.0017569821971931464,-0.009330080828178267,0.015305045629376596,0.186131460259686,0.009617841681069725,0.029345307238093594,0.04024262546624368,0.01695605251377289,-0.01452059237989935,-0.0011291837511180458,0.014340978715506235,-0.05294724829818353,0.030296371782080535,-0.022653408640797155,-0.003874975737550581,-0.008591723743967765,0.04291748596505059,0.0211337121534228,0.016074443693208956,0.0028204222956352254,0.019936702031964047,0.02213304712927165,-0.004675531011347509,-0.0036257908459429345,0.0037786774146888204,0.0071141926741554624,0.011853528216946838,-0.01664076019261143,0.9891894237604839,-0.0034732925203905217,0.055974146566140685,0.005526102980217439,-0.001272869350019741,-0.08937560964442799,0.24193814841213215,0.08400430003921316,-0.11226516627376622,-0.037514727346752264,-0.07048462661256866,-0.01005238183899498,0.05112092752026746,0.006330476563811163,-0.027406528804615304,-0.014649182368760378,-0.018392420819558553,-0.01698486865592562,0.007803120392507056,-0.0911048422134983,-0.08340396945948556,0.03449142872941738,0.011002122026310688,1.0,-0.08362000717616529,-0.04734079636834757,-0.025106803674422917,-0.17326495076248907,-0.005462646499734965,-0.005253863800485334,-0.005948325537364157,-0.008790085790795191,0.0006883095322405099,-0.04939832071790332,0.0048991932433813615
PSER2,-0.020614879665275213,-0.09047983643943644,0.010385529372598165,-0.03778176816797186,0.018269398191648266,0.07446563343665123,-0.03741437031748025,-0.04757939645837761,0.15826373841028152,0.018743548472554116,0.00047100256490882126,-0.024815010083938757,0.027112517310978218,0.0004447811424235312,0.023828403789682342,0.006263372393091953,-0.019973854388031922,-0.026244268154872713,-0.06304530210436037,0.028305424043851207,0.01221666919285163,0.03789230898316124,-0.027548834515178193,-0.01823879944762044,-0.0274940392076292,0.018510118898278364,-0.0030541386837769453,0.022729734666364763,-0.03070421137548845,0.005528225365682938,-0.07937009120932782,-0.0028342085424989554,-0.06864984732887268,-0.03317795901667379,-0.04965603084123502,0.003339576855781201,-0.12498736289797108,0.06574497875389095,0.2844602577394133,-0.014683116872995465,0.07160098228029181,-0.00018128586094288341,-0.025229409640366813,0.08321517084573188,0.03304922167729514,0.0013389046719363776,-0.04033379796815842,0.07300292622262394,-0.014380616641215042,0.11647016909842892,-0.005635160127445865,0.0036877511167358384,-0.022714966836527614,-0.08362000717616525,1.0,0.19620937564009341,0.079171117402674,0.15977626090609903,-0.07807154773767447,0.1407220713091984,0.01182076590436974,-0.17973949128241287,0.007240384893511868,0.20618393816138558,0.0026893400168313247
H3K36me3,0.06464390487481735,0.199166672102144,0.024939462725243954,-0.04592807936445999,0.13061584666261183,0.06255558291553878,-0.0329849816037409,0.02789414280124876,0.11823366022881016,0.09225805305424069,0.06579212142418486,0.04446926346628607,0.03397084630526396,-0.05495851127686149,0.12290171053271323,0.030609348586558213,-0.025363695865690518,0.0693727342846943,0.04875443624770474,0.04319951975980668,0.08906523343944296,0.025346791847115368,0.05450244052380302,0.09895808445684529,-0.02270808801338471,-0.013153474391045854,0.04238661895388445,0.0547240062091033,0.0008790772347425229,0.2273729890477087,-0.035328070980179684,0.11955739983488432,0.22535846784486685,-0.015604955771919216,0.01622826922294379,-0.002868793070877989,0.10018281343353788,-0.06492615527271406,0.4587662500607963,0.09588826927125445,0.3841764156462339,-0.023074620794947348,0.2653785130810676,-0.01465308909381568,0.20012311255318294,0.060234193234509945,-0.005717196103143063,0.015156465614455397,0.06422410329726691,0.008277678014229965,0.08966832574079,0.029336740309226485,0.00569377579176504,-0.04734079636834756,0.19620937564009333,1.0,0.07674504029240767,0.3903170780622137,-0.04919702312213804,0.1440101847681057,0.06191143340158701,0.04333905797454054,0.005305311588025417,0.06223108598184242,0.011016449656490653
H3K9ac,-0.10966098228223758,-0.061665094683987044,0.07352619456486663,-0.14804679693688633,0.06405871849555154,0.6180937919257798,-0.12778437467490145,-0.0035941382742187074,-0.11560582718468433,0.09841656351432528,-0.06222022677725028,0.23328630771040118,0.1594297610859261,-0.029798039060914057,0.008563977721983836,0.2937574787571141,-0.03350702268920455,0.1349695234779027,-0.091564230489942,-0.051034340673439677,0.406270690022537,-0.022630720056106206,0.06644604310969937,0.42235275035627634,-0.1948522391766328,0.0192062334752499,-0.005260435942386774,-0.018189549333607526,0.05938592143832573,0.8068570914919772,-0.03850427148994525,0.2541687604105458,-0.10098400421788836,-0.16116991845732473,-0.06810685590102575,-0.06623451424002332,0.7930544772302202,0.12255949599981908,0.11884617733489769,0.6666166854193547,-0.1797236501446099,-0.001975034953834634,0.0368551501709985,0.2463664085491815,0.77484555758515,0.09665912122391386,-0.06976870128426396,-0.05650239770134761,0.02679408495567002,0.1600587456030117,-0.21034064192576019,0.16499058924583054,-0.13407769918660878,-0.02510680367442293,0.07917111740267394,0.07674504029240767,1.0,0.03614991579051521,-0.1219775643990018,0.29032197696454637,0.33596804612107195,0.19597754903765569,0.007056705808550901,0.4661239587451144,0.005156883123753057
CDK13,0.6589992656751628,-0.0694393536999,0.6222812335444257,-0.03524851847683339,0.47720574943231997,-0.17625788966958852,0.4574890900957618,0.3817737746920522,0.6702862000862005,-0.12563341393004607,0.5720287415570651,-0.05547617673366389,0.303179921683409,0.33110683477432246,0.6772383633311865,0.14392553280669398,0.2756360859101882,0.11751464255384185,0.3782817173996534,0.6862979069769664,-0.0062074346526547995,-0.05298757670641294,0.2801819319269088,0.3089204443784348,-0.013462423595524237,-0.12751562738204228,0.5310852728390051,0.3240625580006398,0.19453504322174298,0.5138776731063641,0.22795009365122515,0.3516488438980622,0.18620989753148298,-0.20825423641613824,-0.03151174081902441,0.0033842470872898107,0.1484181125189819,-0.359410764078876,0.0012213305834997646,0.42270266785089344,0.6322819402440055,-0.0358566471475574,0.0606708626428841,0.19009255656970406,0.405806082193146,0.03193326453149925,0.5034289176946947,0.4053593980533751,0.09482402412020875,0.15636385933106173,0.12375611424959188,0.43203169757867216,0.27308955512029637,-0.1732649507624891,0.15977626090609903,0.3903170780622136,0.03614991579051518,1.0,0.6680003685058274,-0.19221052159963956,0.3990286137711996,-0.10426477080403386,-0.08231800352868397,-0.6581809934621271,0.12386851671769306
H3K4me1,0.05999726996230737,0.10509730571663663,-0.015178417576310527,0.06094023887876603,0.027628735771563422,-1.0,-0.000759764447511371,0.06070133105004426,-0.009056241468154279,0.04593582727928182,0.012214399337310946,-0.08886867469869339,-0.04965065701031586,-0.009853000092365468,0.0026018336179888927,-0.00830928464772684,0.014741153145556985,0.054175274461259505,0.1666165545663736,0.05290954020346866,0.014456415035770557,-0.006310617634538156,0.07959148877816845,0.013628814911115728,0.052091740966968614,0.054576484066159656,0.028877673611749317,0.02253600107086146,0.0724745265464198,0.05545170204511462,-0.004983319606325113,-0.023132593170131818,0.033236217421084686,0.09754117943387121,0.06487195609227815,-0.043421234805203164,-0.6462592180736244,0.0026716279417750796,-0.2892812991247955,0.017835705053162995,0.06925519946395577,0.056609286136397444,0.24527770478113758,0.03239209038551511,-0.15217105951901144,0.07517937535590807,0.1038001940623014,0.03804150867184769,0.0400757665747441,0.10334448007255945,-0.07718186085203052,0.08587294739700634,0.016115205267797108,-0.005462646499734962,-0.07807154773767452,-0.049197023122138035,-0.1219775643990019,0.6680003685058274,1.0,-0.04360468539815055,0.028570722736696565,0.03291412293595942,-0.008349913600410892,-0.04278822172457711,0.009581694012162235
POLII,-0.03381233842662779,-0.06963797705079941,0.03265088928447813,-0.05064224211509118,0.012430271095847064,0.7360204084398181,-0.0036063827201015777,0.04157249410383789,0.044895125534030925,0.09074789514857855,-0.029529719069380095,0.05926143431905107,0.07894956180442379,-0.00862058316623381,0.03729081593917023,0.19900453767949977,0.022062655825758063,0.06821192348446667,0.19671645331941265,-0.00746648389425527,0.22925507539479723,0.02114771674762491,0.0995750190692941,0.2181743294495626,-0.08842806154081542,0.030108522247389528,0.014419924642636887,0.021570944123566454,0.02901533651964851,0.31908520112043953,-0.007736233199512517,0.09972394824224264,-0.04523250113485725,-0.07505514713462254,0.1048142960536565,-0.03434479898198533,-0.3263749300343662,0.0648937725233324,0.40298178638576404,0.39904226077602833,-0.05952464408453863,0.06195240114897021,-0.09873619234297472,0.18302236485335888,0.12557216337865798,0.10524140399312754,-0.06730526365969884,0.029333772326839445,0.045003119364791525,0.008292771108342126,-0.10217132069401873,0.2688426411263427,-0.04882844762551946,-0.005253863800485342,0.14072207130919834,0.14401018476810562,0.2903219769645463,-0.1922105215996395,-0.04360468539815058,1.0,0.3449810226096223,0.10596951980240407,0.005080712034833185,0.41034711987047395,0.0034621913653573783
MED1,0.019691125749227524,-0.030257714618273354,0.0797739164625878,-0.04776357378684412,0.06571834872392772,0.7652497957770498,0.09284256873688111,0.06501188964608001,0.10300286732778552,0.13381301192895714,-0.020251702657967753,0.08868178423830657,0.11752305152905884,-0.00689877972185193,0.1143969924425169,0.38960195814728266,0.07894069870326267,0.17693462131783302,0.6796247799218472,0.04521169804420559,0.27977872332761333,0.051271062406527755,0.13160141971433892,0.3174475358198984,-0.07098622835072796,0.07412905745182477,-0.00030727311045672504,0.08120643595985681,0.11752159725126961,0.36054692364684804,-0.006595780024706482,0.15491103326481925,0.026958987210276234,-0.047648021291952024,0.13803866891512712,-0.00943910460069784,0.035377897278812916,0.13694148863398778,0.14720316484335844,0.48089246801235896,0.03243632428162065,0.2886485897202975,-0.020608610750884646,0.23010002758431355,0.23276998215739975,0.14468024519315778,-0.005665656108335803,0.18183519787324537,0.07649015854310597,0.21302159302691634,-0.12259340071171619,0.2353538015936171,-0.0107386165659903,-0.005948325537364148,0.011820765904369743,0.061911433401587,0.3359680461210718,0.3990286137711996,0.028570722736696582,0.34498102260962243,1.0,0.14199294152235492,0.00799263521866433,0.3808728392478986,0.005171119130630243
ATAC,0.05817219956281907,0.012414804990556451,0.04036699995891744,0.10420976981185362,0.04482928329438582,0.058962058330334466,0.08702907037332169,0.18662942160339982,0.05216352689977714,0.12677267467358863,0.04039675993234355,0.09074458262279905,0.05254927028577242,-0.04299183826970693,-0.04880283553945338,0.08373533311329179,0.005918630625441233,0.17521743244931615,0.05545824844715261,0.08102361168424643,0.1621088565075786,0.03724834801795538,0.27287246348879646,0.2426641733363674,0.09843776634544624,0.05752796642076728,-0.056564822966737816,0.009513781336119055,0.04410307618324432,0.1892008806579005,-0.020905089205970145,0.15236623755894768,0.04410536812691402,0.16025396803983047,0.07709137411362146,-0.07101022663620905,0.09714966455744854,-0.04260618453777343,0.007400217714062226,0.21539030115529464,-0.14381929729308746,-0.026527300289944662,0.07231476522436914,0.02476724843119036,0.15217427630778782,0.17513448296147735,0.01480990827681323,0.01669749146256203,0.0525373863267444,-0.14540122980211573,-0.09346274018303911,0.0180456832997727,-0.00969149546671697,-0.008790085790795182,-0.17973949128241284,0.04333905797454054,0.19597754903765566,-0.10426477080403378,0.03291412293595941,0.10596951980240413,0.14199294152235478,1.0,0.010770836235726309,-0.17228183897124738,-0.013400496761640564
promoters,-0.029869944446118554,-0.02075220769994874,0.07729415618789055,-0.1005292327960388,0.11317330573914824,-0.020117046522863828,-0.10765921952006698,0.034298037234691804,-0.05071051141472637,0.14654010760181588,-0.02511142235348476,0.3155564347333236,0.18095343162120087,-0.05911863522549934,-0.016644551978411755,0.22857010401124456,-0.04448526942125058,0.16001973086137425,-0.1451724310630189,-0.034052150111581754,0.3938393589156546,-0.01425713002721126,0.10194761855248745,0.49381354394886395,-0.11251333263846292,0.041078646213710844,-0.029349538073614,-0.040031435594496435,-0.004145614330460846,0.6472903671451304,-0.0037830304863066887,0.32683774001322247,-0.051586592650396355,-0.11325207513886384,-0.08668404785069506,-0.08284425175504881,0.0981310236574702,0.008068064277546163,0.20627858213134972,0.5160483855334207,0.04812595930141561,-0.10333176547738522,-0.09702015859926061,0.11486623055344113,0.49149880410311964,0.12055130737148721,-0.04750690319306426,-0.05121780729046,0.03763343867378368,-0.1936419451915402,-0.18774959128197674,0.09138760437739105,-0.09145215879241417,-0.02034484286826187,-0.022242568977454216,0.07178165067738758,0.528629074685249,0.22568653458205248,-0.043070927618417985,0.22028744976961012,0.2424286602401322,0.17406572219071254,1.0,0.13929190325650564,
super_enhancer,-0.03616103524943727,0.05620253311751492,0.006943965418734861,-0.05854273335648146,0.029866073358075357,-0.01625142261445431,-0.04738625657758445,-0.045056005945220676,-0.11316296752886652,0.04245225797458218,0.05199352304910171,0.03839078238319196,0.03416091574281999,0.08591012799049316,-0.03005267992165836,0.21779222592646091,0.040238618546421,0.00400063838626497,-0.11708462312710216,0.02048917310064791,0.1556920409728344,-0.002605318718441341,0.008654937331065218,0.09585051882038978,-0.06773508072763476,0.03580649057847908,-0.0012259684239692985,-0.0011680818402911865,0.03328990882851378,0.3164395084864566,-0.04824688058896469,0.05212288834287989,-0.08288126492400638,-0.03358259170205946,-0.0156548939615726,-0.026539411762795596,1.0,0.27273248151307994,0.2884166200735741,0.4042451481670519,-0.2064065538779169,-0.0004804383195433121,0.12229861685799412,0.38437302751223285,0.22970078051369835,0.022486486273003432,0.04838201649861296,-0.060290360470285236,0.03249836009156443,0.3333573615933983,-0.06297821248603805,0.20550766755917965,-0.05256613568225945,-0.049398320717903295,0.20560581048169724,0.06223108598184245,0.46574785982433103,-0.658180993462127,-0.04278822172457712,0.4103471198704743,0.38038218184987976,-0.17189629614101867,0.003935918848582455,1.0,
regular_enhancer,0.10834933887725347,0.010815240402602365,-0.05849799307638425,0.08644212603783955,-0.06736537290823813,-0.09493920586744084,-0.028151050670666936,0.01854286178914672,-0.001299148032174987,-0.029857944729494264,0.04127103810018401,-0.19198990760335688,-0.12755930697158321,-0.07236523883908721,-0.02580873535847447,-0.17807925379746903,0.012924777210477495,-0.10244112987129946,-0.15977516562959967,0.015602162117259444,-0.11361326005252759,0.015050803451182867,0.033003051509075475,-0.1672215421257358,0.08632035433441107,-0.048560894801845535,-0.03252453226563292,0.019624753822142127,-0.01369406830166953,-0.4906758181655729,0.049214941800078287,-0.17936825305913204,0.024657560478955624,0.09193213145475415,0.03887842556091802,-0.06462035471271696,0.21841493746387522,-0.11707910297351506,-0.1478443608414698,-0.4178984420931141,0.12046968982914141,-0.042399103443116426,0.005080440730457216,-0.13745617205847807,-0.4163359779221355,-0.03542229407675035,0.05341089392869774,0.0286348918960827,-0.016316076074216777,-0.03289270440379742,-0.04814051333950082,-0.12645929146366666,0.054975722797691216,0.04481389768285972,-0.041380316039704185,-0.13909110494536012,-0.42970845207690433,-0.1854618947630694,-0.02757847281221119,-0.1498814602118046,-0.21047592836060183,-0.014420422852891761,,,1.0
