ImageDocumentName::Image Name,ParentID::ID of the parent!!I,ID::ID!!I,Area::Area!!R,Area1::Area Unscaled!!R,CenterX1::Center X Unscaled!!R,CenterY1::Center Y Unscaled!!R,ImageIndexZ::Image Index Z!!I,ImageScaleX::Image Scale X!!R,ImageScaleY::Image Scale Y!!R,ClassColorName::Region Class Color Name,Classes 5 RegionsCount ::Classes 5 Count!!I,Classes 9 RegionsCount ::Classes 9 Count!!I,IntensityMaximum_TV1-T1-SR::Intensity Maximum of channel 'TV1-T1-SR'!!R,IntensityMaximum_TV2-T2-SR::Intensity Maximum of channel 'TV2-T2-SR'!!R,IntensityMaximum_TV2-T3-SR::Intensity Maximum of channel 'TV2-T3-SR'!!R,IntensityMean_TV1-T1-SR::Intensity Mean Value of channel 'TV1-T1-SR'!!R,IntensityMean_TV2-T2-SR::Intensity Mean Value of channel 'TV2-T2-SR'!!R,IntensityMean_TV2-T3-SR::Intensity Mean Value of channel 'TV2-T3-SR'!!R,IntensityMinimum_TV1-T1-SR::Intensity Minimum of channel 'TV1-T1-SR'!!R,IntensityMinimum_TV2-T2-SR::Intensity Minimum of channel 'TV2-T2-SR'!!R,IntensityMinimum_TV2-T3-SR::Intensity Minimum of channel 'TV2-T3-SR'!!R,IntensitySum0_TV1-T1-SR::Intensity Pixel Count of channel 'TV1-T1-SR'!!R,IntensitySum0_TV2-T2-SR::Intensity Pixel Count of channel 'TV2-T2-SR'!!R,IntensitySum0_TV2-T3-SR::Intensity Pixel Count of channel 'TV2-T3-SR'!!R,IntensityRange_TV1-T1-SR::Intensity Range of channel 'TV1-T1-SR'!!R,IntensityRange_TV2-T2-SR::Intensity Range of channel 'TV2-T2-SR'!!R,IntensityRange_TV2-T3-SR::Intensity Range of channel 'TV2-T3-SR'!!R,IntensityStd_TV1-T1-SR::Intensity Standard Deviation of channel 'TV1-T1-SR'!!R,IntensityStd_TV2-T2-SR::Intensity Standard Deviation of channel 'TV2-T2-SR'!!R,IntensityStd_TV2-T3-SR::Intensity Standard Deviation of channel 'TV2-T3-SR'!!R,IntensitySum1_TV1-T1-SR::Intensity Sum of channel 'TV1-T1-SR'!!R,IntensitySum1_TV2-T2-SR::Intensity Sum of channel 'TV2-T2-SR'!!R,IntensitySum1_TV2-T3-SR::Intensity Sum of channel 'TV2-T3-SR'!!R,IntensitySum2_TV1-T1-SR::Intensity Sum Squares of channel 'TV1-T1-SR'!!R,IntensitySum2_TV2-T2-SR::Intensity Sum Squares of channel 'TV2-T2-SR'!!R,IntensitySum2_TV2-T3-SR::Intensity Sum Squares of channel 'TV2-T3-SR'!!R
,,,"nm²","pixel²","pixel","pixel",,"nm/pixel","nm/pixel",,"#","#","Unknown","Unknown","Unknown","Unknown","Unknown","Unknown","Unknown","Unknown","Unknown","pixel²","pixel²","pixel²","Unknown","Unknown","Unknown","Unknown","Unknown","Unknown","Unknown","Unknown","Unknown","Unknown²","Unknown²","Unknown²"
"Image 6_P3-1.czi",1,2,100968246.64286,103042,201.21202034122,169.44145105879,1,31.30295,31.30295,"Orange",0,1, , , , , , , , , , , , , , , , , , , , , , , , 
"Image 6_P3-1.czi",4,5,26456.616324968,27,325.5,245.38888888889,1,31.30295,31.30295,"Fuchsia", , ,167,2255,2944,45.074074074074,1480.5555555556,1971.8518518519,0,670,610,27,27,27,167,1585,2334,53.20275146581,480.37512051547,667.44960649324,1217,39975,53240,128449,65184975,116564106
"Image 6_P3-1.czi",1,2,100798728.32345,102869,201.26165803109,170.41264618107,2,31.30295,31.30295,"Orange",0,2, , , , , , , , , , , , , , , , , , , , , , , , 
"Image 6_P3-1.czi",4,5,28416.365682373,29,197.5,233.6724137931,2,31.30295,31.30295,"Fuchsia", , ,23,3731,2705,3.6896551724138,2515.8275862069,2164.4482758621,0,1219,1339,29,29,29,23,2512,1366,6.2684211288231,708.58012295039,381.90888836839,107,72959,62769,1495,197610667,139944177
"Image 6_P3-1.czi",4,6,26456.616324968,27,324.31481481482,246.75925925926,2,31.30295,31.30295,"Fuchsia", , ,175,3029,2962,74.185185185185,2131.0740740741,2557.7037037037,0,852,1528,27,27,27,175,2177,1434,53.249801037575,581.51247925798,385.1360214077,2003,57539,69058,222317,131411947,180486476
"Image 6_P3-1.czi",1,2,100921212.65829,102994,201.05472163427,171.51879721149,3,31.30295,31.30295,"Orange",0,2, , , , , , , , , , , , , , , , , , , , , , , , 
"Image 6_P3-1.czi",4,5,45074.235220315,46,197.67391304348,233.89130434783,3,31.30295,31.30295,"Fuchsia", , ,26,4710,2714,7.0869565217391,2712.9782608696,1895.5,0,1041,473,46,46,46,26,3669,2241,8.586361503264,1008.7541158199,640.20950563945,326,124797,87193,5628,384362867,183718401
"Image 6_P3-1.czi",4,6,48993.733935125,50,324.78,246.56,3,31.30295,31.30295,"Fuchsia", , ,186,3784,3066,69.16,2168.14,2269.62,0,987,1007,50,50,50,186,2797,2059,63.467928587466,793.74987089827,621.48278548409,3458,108407,113481,436536,265913457,276484549
"Image 6_P3-1.czi",1,2,101228893.3074,103308,201.05881441902,172.25477213769,4,31.30295,31.30295,"Orange",0,2, , , , , , , , , , , , , , , , , , , , , , , , 
"Image 6_P3-1.czi",4,5,66631.47815177,68,197.52941176471,233.55882352941,4,31.30295,31.30295,"Fuchsia", , ,45,5581,3000,12.867647058824,2583.8382352941,1832.4558823529,0,802,466,68,68,68,45,4779,2534,12.822443490521,1358.822444666,630.58815080449,875,175701,124607,22275,577691657,254978805
"Image 6_P3-1.czi",4,6,57812.606043448,59,324.97457627119,246.31355932203,4,31.30295,31.30295,"Fuchsia", , ,202,4451,3184,71.949152542373,2313.406779661,2202.3220338983,0,822,717,59,59,59,202,3629,2467,63.821794928458,1013.1603358601,645.85846214695,4245,136491,129937,541671,375295849,310356841
"Image 6_P3-1.czi",1,2,101957920.06835,104052,201.34545227386,172.65215469189,5,31.30295,31.30295,"Orange",0,3, , , , , , , , , , , , , , , , , , , , , , , , 
"Image 6_P3-1.czi",4,5,65651.603473068,67,197.48507462687,233.70895522388,5,31.30295,31.30295,"Fuchsia", , ,54,6276,2857,19.358208955224,2932.7611940299,1751.7313432836,0,848,548,67,67,67,54,5428,2309,17.589340343323,1528.7367243612,590.62872463702,1297,196495,117366,45527,730517285,228617292
"Image 6_P3-1.czi",4,6,57812.606043448,59,325.11016949153,246.09322033898,5,31.30295,31.30295,"Fuchsia", , ,217,4972,3291,80.016949152542,2556,2186.2711864407,0,712,220,59,59,59,217,4260,3071,69.118711355879,1158.5004576369,717.44507973177,4721,150804,128990,654849,463298176,311861312
"Image 6_P3-1.czi",4,7,17637.744216645,18,294,286,5,31.30295,31.30295,"Fuchsia", , ,77,1639,872,31.611111111111,1229.3333333333,324.38888888889,0,614,0,18,18,18,77,1025,872,26.124450771348,302.11976588958,315.25025332618,569,22128,5839,29589,28754386,3583613
"Image 6_P3-1.czi",1,2,102017692.42375,104113,200.9681643983,172.52639439839,6,31.30295,31.30295,"Orange",0,4, , , , , , , , , , , , , , , , , , , , , , , , 
"Image 6_P3-1.czi",4,5,15677.99485924,16,325,53.5,6,31.30295,31.30295,"Fuchsia", , ,26,1321,370,4,1076.375,110,0,710,0,16,16,16,26,611,370,7.8655366420014,182.87805590976,111.7670195839,64,17222,1760,1184,19038996,380978
"Image 6_P3-1.czi",4,6,72510.726223985,74,197.5,234,6,31.30295,31.30295,"Fuchsia", , ,70,6755,3045,25.310810810811,2949.4864864865,1688.7837837838,0,789,554,74,74,74,70,5966,2491,23.494636913925,1703.5166627782,588.42839836925,1873,218262,124970,87703,855604558,236323412
"Image 6_P3-1.czi",4,7,53893.107328638,55,325.06363636364,246.44545454546,6,31.30295,31.30295,"Fuchsia", , ,229,5314,3355,87.927272727273,2823.3454545455,2172.8727272727,0,814,168,55,55,55,229,4500,3187,76.753297563484,1214.2466528703,764.79685161644,4836,155284,119508,743334,518037702,291261042
"Image 6_P3-1.czi",4,8,26456.616324968,27,293.83333333333,287.5,6,31.30295,31.30295,"Fuchsia", , ,71,1840,962,26,1331.8148148148,351.66666666667,0,604,0,27,27,27,71,1236,962,25.375639438703,340.88911315029,329.65926464947,702,35959,9495,34994,50912069,6164631
"Image 6_P3-1.czi",1,2,102323413.32351,104425,200.96896815897,172.50995930093,7,31.30295,31.30295,"Orange",0,2, , , , , , , , , , , , , , , , , , , , , , , , 
"Image 6_P3-1.czi",4,5,77410.099617498,79,197.62658227848,233.94303797468,7,31.30295,31.30295,"Fuchsia", , ,87,6998,2955,29.93670886076,2906.0379746835,1713.8860759494,0,477,530,79,79,79,87,6521,2425,27.663890085643,1817.7866538877,544.13770851621,2365,229577,135397,130493,924898649,255149729
"Image 6_P3-1.czi",4,6,55852.856686043,57,325.02631578947,246.18421052632,7,31.30295,31.30295,"Fuchsia", , ,235,5457,3356,93.824561403509,2853.2280701754,2164.1929824561,0,870,612,57,57,57,235,4587,2744,78.978324966641,1234.2324974531,692.36459322374,5348,162634,123359,851078,549338366,293817331
"Image 6_P3-1.czi",1,2,102457656.15449,104562,201.18220768539,172.56901168685,8,31.30295,31.30295,"Orange",0,3, , , , , , , , , , , , , , , , , , , , , , , , 
"Image 6_P3-1.czi",4,5,78389.9742962,80,197.525,234.0125,8,31.30295,31.30295,"Fuchsia", , ,98,7003,2830,33.3625,2877.1,1697.7875,0,259,660,80,80,80,98,6744,2170,30.909931937891,1844.1097924425,471.13624285916,2669,230168,135823,164523,930874886,248134171
"Image 6_P3-1.czi",4,6,55852.856686043,57,325.02631578947,246.28947368421,8,31.30295,31.30295,"Fuchsia", , ,243,5400,3287,96.40350877193,2809.8771929825,2095.2456140351,0,836,141,57,57,57,243,4564,3146,81.082819135112,1228.5455696847,702.90499969519,5495,160163,119429,897905,534560517,277901313
"Image 6_P3-1.czi",4,7,33315.739075885,34,294.61764705882,286.44117647059,8,31.30295,31.30295,"Fuchsia", , ,110,1870,1181,32.088235294118,1220.2058823529,500.70588235294,0,478,0,34,34,34,110,1392,1181,30.670652883605,388.69905624787,434.37858989399,1091,41487,17024,66051,55608551,14750614
"Image 6_P3-1.czi",1,2,103069097.954,105186,201.25864658795,172.43139771453,9,31.30295,31.30295,"Orange",0,2, , , , , , , , , , , , , , , , , , , , , , , , 
"Image 6_P3-1.czi",4,5,74470.47558139,76,197.6052631579,234,9,31.30295,31.30295,"Fuchsia", , ,102,6777,2711,38.013157894737,2907.3947368421,1714.2105263158,0,470,831,76,76,76,102,6307,1880,31.437342305419,1759.5372049032,397.78856413224,2889,220962,130280,183943,874621594,235195028
"Image 6_P3-1.czi",4,6,52913.232649935,54,325.12962962963,246.5,9,31.30295,31.30295,"Fuchsia", , ,244,5152,3163,97.592592592593,2750.5,2045.3703703704,0,774,138,54,54,54,244,4378,3025,82.626579514151,1159.6569556196,679.78698928682,5270,148527,110450,876152,479798139,250403006
"Image 6_P3-1.czi",1,2,103151407.42701,105270,201.29922105063,172.37809442386,10,31.30295,31.30295,"Orange",0,2, , , , , , , , , , , , , , , , , , , , , , , , 
"Image 6_P3-1.czi",4,5,66631.47815177,68,197.5,234,10,31.30295,31.30295,"Fuchsia", , ,107,6337,2633,44.088235294118,2953.8676470588,1655,0,712,839,68,68,68,107,5625,1794,29.046917936598,1592.0376214749,360.66629881995,2998,200863,112540,188706,763139831,194969072
"Image 6_P3-1.czi",4,6,57812.606043448,59,325.09322033898,246.46610169492,10,31.30295,31.30295,"Fuchsia", , ,238,4732,3013,91.440677966102,2403.6440677966,1976.9830508475,0,752,343,59,59,59,238,3980,2670,77.259587327497,1102.9227434524,600.74894324603,5395,141815,116642,839527,411426221,251531416
"Image 6_P3-1.czi",1,2,103187662.79012,105307,201.0655464499,171.92645788029,11,31.30295,31.30295,"Orange",0,2, , , , , , , , , , , , , , , , , , , , , , , , 
"Image 6_P3-1.czi",4,5,72510.726223985,74,197.41891891892,234,11,31.30295,31.30295,"Fuchsia", , ,111,5714,2608,43.472972972973,2510.1891891892,1503.4864864865,0,348,837,74,74,74,111,5366,1771,27.82539638875,1481.2463622352,377.27179415403,3217,185754,111258,196373,626446310,177665282
"Image 6_P3-1.czi",4,6,54872.98200734,56,324.94642857143,246.25,11,31.30295,31.30295,"Fuchsia", , ,226,4175,2949,83.214285714286,2210.8035714286,1939.8214285714,0,527,124,56,56,56,226,3648,2825,74.378812791062,944.07132665133,627.89999513944,4660,123805,108630,692050,322728423,232407014
"Image 6_P3-1.czi",1,2,103495343.43924,105621,201.14411433332,171.64045502315,12,31.30295,31.30295,"Orange",0,2, , , , , , , , , , , , , , , , , , , , , , , , 
"Image 6_P3-1.czi",4,5,60752.230079555,62,197.70967741936,233.88709677419,12,31.30295,31.30295,"Fuchsia", , ,110,4954,2625,41.790322580645,2495.5483870968,1421.3225806452,0,576,859,62,62,62,110,4378,1766,27.927973576523,1170.8457175656,399.45355191498,2591,154724,88122,155857,469744890,134983140
"Image 6_P3-1.czi",4,6,48013.859256423,49,325.21428571429,246.31632653061,12,31.30295,31.30295,"Fuchsia", , ,211,3526,2929,82.040816326531,2038.612244898,2025.6734693878,0,817,649,49,49,49,211,2709,2280,71.579198323627,746.60707024977,552.03088635492,4020,99892,99258,575736,230397316,215691726
"Image 6_P3-1.czi",1,2,104004878.27216,106141,200.97353049246,171.02597959318,13,31.30295,31.30295,"Orange",0,3, , , , , , , , , , , , , , , , , , , , , , , , 
"Image 6_P3-1.czi",4,5,51933.357971233,53,197.59433962264,233.5,13,31.30295,31.30295,"Fuchsia", , ,104,4116,2645,32.207547169811,2310.9622641509,1313.2264150943,0,1149,606,53,53,53,104,2967,2039,28.173472582013,874.08824942302,467.92963152386,1707,122481,69601,96253,322778543,102787695
"Image 6_P3-1.czi",4,6,22537.117610158,23,325.32608695652,246.63043478261,13,31.30295,31.30295,"Fuchsia", , ,194,2839,2941,88.434782608696,2143.652173913,2428.8260869565,0,1036,1162,23,23,23,194,1803,1779,65.635928414354,498.58605609861,438.14792564051,2034,49304,55863,274654,111159564,139904931
"Image 6_P3-1.czi",4,7,17637.744216645,18,158.33333333333,281.83333333333,13,31.30295,31.30295,"Fuchsia", , ,120,1571,127,27.555555555556,1272.1111111111,31.833333333333,0,902,0,18,18,18,120,669,127,37.826573638153,197.27761534533,44.133820564812,496,22898,573,37992,29790414,51353
"Image 6_P3-1.czi",1,2,104024475.76574,106161,200.94967549288,170.4009994254,14,31.30295,31.30295,"Orange",0,1, , , , , , , , , , , , , , , , , , , , , , , , 
"Image 6_P3-1.czi",4,5,17637.744216645,18,198.66666666667,233.83333333333,14,31.30295,31.30295,"Fuchsia", , ,73,3269,1779,30.555555555556,2434.7222222222,962.38888888889,0,1061,440,18,18,18,73,2208,1339,27.493790148541,639.8391163185,321.11572751505,550,43825,17323,29656,113661401,18424423
"Image 6_P3-1.czi",1,2,103975482.0318,106111,201.16495462299,170.07143934182,15,31.30295,31.30295,"Orange",0,2, , , , , , , , , , , , , , , , , , , , , , , , 
"Image 6_P3-1.czi",4,5,20577.368252753,21,197.78571428571,233.21428571429,15,31.30295,31.30295,"Fuchsia", , ,52,2477,1449,15.238095238095,1904.4761904762,847.95238095238,0,1032,332,21,21,21,52,1445,1117,14.939560776357,378.60634160664,295.07566422707,320,39994,17807,9340,79034476,16840881
"Image 6_P3-1.czi",4,6,16657.869537943,17,157.91176470588,283.55882352941,15,31.30295,31.30295,"Fuchsia", , ,165,2016,751,75.176470588235,1579.2941176471,208.05882352941,0,1157,0,17,17,17,165,859,751,59.885552613003,295.92477183946,253.72314404392,1278,26848,3537,153456,43802032,1765911
"Image 6_P3-1.czi",1,2,103857897.07036,105991,201.05981168212,169.18769989905,16,31.30295,31.30295,"Orange",0,2, , , , , , , , , , , , , , , , , , , , , , , , 
"Image 6_P3-1.czi",4,5,16657.869537943,17,221.44117647059,261.91176470588,16,31.30295,31.30295,"Fuchsia", , ,62,2422,1577,31.764705882353,1879.2941176471,608.41176470588,12,1024,0,17,17,17,50,1398,1577,15.566508165629,410.68034477953,569.76530901148,540,31948,10343,21030,62738222,11486923
"Image 6_P3-1.czi",4,6,17637.744216645,18,158,284,16,31.30295,31.30295,"Fuchsia", , ,169,2205,991,77.944444444444,1567.8888888889,317,0,833,0,18,18,18,169,1372,991,63.303630805844,412.87541047532,336.46973467601,1403,28222,5706,177481,47146884,3733404
"Image 6_P3-1.czi",1,2,104266504.81138,106408,201.45608412901,168.74650402225,17,31.30295,31.30295,"Orange",0,2, , , , , , , , , , , , , , , , , , , , , , , , 
"Image 6_P3-1.czi",4,5,17637.744216645,18,310,121,17,31.30295,31.30295,"Fuchsia", , ,72,3108,1767,14.611111111111,2118.1666666667,1543.4444444444,0,1142,1205,18,18,18,72,1966,562,21.472660836484,599.19379659869,141.28578556463,263,38127,27782,11681,86862905,43219322
"Image 6_P3-1.czi",4,6,33315.739075885,34,159,283.55882352941,17,31.30295,31.30295,"Fuchsia", , ,175,2327,921,61.5,1536.3235294118,241,0,687,0,34,34,34,175,1640,921,58.752304919325,476.53641284053,280.10755510026,2091,52235,8194,242507,87743729,4563942
"Image 6_P3-1.czi",1,2,104169497.21818,106309,202.01127373976,168.1962533746,18,31.30295,31.30295,"Orange",0,3, , , , , , , , , , , , , , , , , , , , , , , , 
"Image 6_P3-1.czi",4,5,32335.864397183,33,243.13636363636,175.77272727273,18,31.30295,31.30295,"Fuchsia", , ,64,2319,1221,23.787878787879,1629.3333333333,377.57575757576,0,932,0,33,33,33,64,1387,1221,21.70218533892,394.93778518479,349.93329992148,785,53768,12460,33745,92597222,8623100
"Image 6_P3-1.czi",4,6,17637.744216645,18,65.5,243.83333333333,18,31.30295,31.30295,"Fuchsia", , ,60,1460,3443,37.277777777778,1268.1111111111,2407.8333333333,9,995,1214,18,18,18,51,465,2229,14.356001227425,142.96601360376,718.47626756826,671,22826,43341,28517,29293372,113133443
"Image 6_P3-1.czi",4,7,20577.368252753,21,158.54761904762,283.54761904762,18,31.30295,31.30295,"Fuchsia", , ,166,2337,763,56.809523809524,1800.7619047619,209.09523809524,0,1000,0,21,21,21,166,1337,763,56.839791561563,361.66737546562,232.890726471,1193,37816,4391,132389,70713678,2002899
"Image 6_P3-1.czi",1,2,105296353.09869,107459,203.60126652956,167.51347490671,19,31.30295,31.30295,"Orange",0,1, , , , , , , , , , , , , , , , , , , , , , , , 
"Image 6_P3-1.czi",4,5,23516.99228886,24,242.625,176.875,19,31.30295,31.30295,"Fuchsia", , ,79,2735,1198,37.5,1954.75,418.54166666667,0,1174,0,24,24,24,79,1561,1198,25.929670767038,452.16236502812,345.66784498702,900,46914,10045,49214,96407510,6952435
"Image 6_P3-1.czi",1,2,105450193.42325,107616,203.83574003866,166.99800215581,20,31.30295,31.30295,"Orange",0,2, , , , , , , , , , , , , , , , , , , , , , , , 
"Image 6_P3-1.czi",4,5,17637.744216645,18,72.5,251,20,31.30295,31.30295,"Fuchsia", , ,110,1439,1904,32,1076.9444444444,1483.7777777778,0,710,1270,18,18,18,110,729,634,37.25429308068,223.52930383554,174.63998449097,576,19385,26708,42026,21725979,40147222
"Image 6_P3-1.czi",4,6,24496.866967563,25,134.26,295.54,20,31.30295,31.30295,"Fuchsia", , ,57,1503,5408,10.72,1050.64,3971.4,0,494,2891,25,25,25,57,1009,2517,18.833746308157,305.55085228704,790.07642035439,268,26266,99285,11386,29836782,409281747
"Image 6_P3-1.czi",1,2,105272836.1064,107435,203.94829897147,166.82384232327,21,31.30295,31.30295,"Orange",0,3, , , , , , , , , , , , , , , , , , , , , , , , 
"Image 6_P3-1.czi",4,5,32335.864397183,33,243.43939393939,176.98484848485,21,31.30295,31.30295,"Fuchsia", , ,103,3531,662,47.333333333333,2484.9696969697,78.818181818182,0,1335,0,33,33,33,103,2196,662,30.739496851228,597.64153579134,158.81503678522,1562,82004,2601,104172,215207068,1012117
"Image 6_P3-1.czi",4,6,17637.744216645,18,65.333333333333,243.83333333333,21,31.30295,31.30295,"Fuchsia", , ,77,1686,3736,50.5,1410.8888888889,2585.7777777778,12,1004,1264,18,18,18,65,682,2472,18.224902162249,192.40578714816,755.06116273923,909,25396,46544,51551,36460274,130044436
"Image 6_P3-1.czi",4,7,17637.744216645,18,135.5,295,21,31.30295,31.30295,"Fuchsia", , ,51,1750,4003,13.166666666667,1333.3888888889,3211.2777777778,0,752,2739,18,18,18,51,998,1264,18.896778436922,283.64894186692,375.83738748303,237,24001,57803,9191,33370431,188022803
"Image 6_P3-1.czi",1,2,105498207.28251,107665,204.15466957693,167.56334463382,22,31.30295,31.30295,"Orange",0,2, , , , , , , , , , , , , , , , , , , , , , , , 
"Image 6_P3-1.czi",4,5,59772.355400853,61,243.38524590164,176.53278688525,22,31.30295,31.30295,"Fuchsia", , ,136,3801,753,34.622950819672,1993.2459016393,55.459016393443,0,293,0,61,61,61,136,3508,753,37.189229594255,935.11239352529,151.46337002397,2112,121588,3383,156106,294820894,1564087
"Image 6_P3-1.czi",4,6,19597.49357405,20,135.65,294.95,22,31.30295,31.30295,"Fuchsia", , ,44,1897,3791,12.65,1444.5,3017.5,0,837,2640,20,20,20,44,1060,1151,17.263514919286,301.54889627075,354.88374671744,253,28890,60350,8863,43459308,184499032
"Image 6_P3-1.czi",1,2,105419817.30821,107585,204.59507831017,168.05232606776,23,31.30295,31.30295,"Orange",0,3, , , , , , , , , , , , , , , , , , , , , , , , 
"Image 6_P3-1.czi",4,5,55852.856686043,57,243.28947368421,177.02631578947,23,31.30295,31.30295,"Fuchsia", , ,139,3971,388,35.947368421053,2165.0701754386,20.105263157895,0,510,0,57,57,57,139,3461,388,37.580590094884,893.27117262599,68.391385268522,2049,123409,1146,152745,311873415,284974
"Image 6_P3-1.czi",4,6,20577.368252753,21,65.785714285714,244.35714285714,23,31.30295,31.30295,"Fuchsia", , ,70,1412,3861,45.52380952381,1053.0952380952,2810.1904761905,10,629,1858,21,21,21,60,783,2003,15.892196347953,239.29770261369,649.63540690511,956,22115,59014,48572,24434469,174281104
"Image 6_P3-1.czi",4,7,23516.99228886,24,134.875,294.875,23,31.30295,31.30295,"Fuchsia", , ,39,1955,4009,6.375,1506.5416666667,2983.8333333333,0,923,2409,24,24,24,39,1032,1600,12.377442666259,300.24352133135,433.95738787668,153,36157,71612,4499,56545389,218009610
"Image 6_P3-1.czi",1,2,105417857.55885,107583,204.6690787578,168.07724733462,24,31.30295,31.30295,"Orange",0,1, , , , , , , , , , , , , , , , , , , , , , , , 
"Image 6_P3-1.czi",4,5,51933.357971233,53,243.06603773585,177.53773584906,24,31.30295,31.30295,"Fuchsia", , ,143,3931,96,34.88679245283,2190.2830188679,3.5283018867925,0,510,0,53,53,53,143,3421,96,40.012815436172,878.97182892983,15.66304294729,1849,116085,187,147759,294433761,13417
"Image 6_P3-1.czi",1,2,105246379.49008,107408,204.97176187993,168.22717116044,25,31.30295,31.30295,"Orange",0,1, , , , , , , , , , , , , , , , , , , , , , , , 
"Image 6_P3-1.czi",4,5,42134.611184208,43,243.56976744186,176.75581395349,25,31.30295,31.30295,"Fuchsia", , ,149,3681,0,36.651162790698,2246.1627906977,0,0,879,0,43,43,43,149,2802,0,44.68721118904,763.62010407297,0,1576,96585,0,141634,241436491,0
"Image 6_P3-1.czi",1,2,105042565.55691,107200,205.50111007463,168.2216511194,26,31.30295,31.30295,"Orange",0,1, , , , , , , , , , , , , , , , , , , , , , , , 
"Image 6_P3-1.czi",4,5,19597.49357405,20,135.55,296.45,26,31.30295,31.30295,"Fuchsia", , ,60,1499,3004,23.85,1177.25,2487.1,0,697,1790,20,20,20,60,802,1214,21.186577180649,226.81684588881,384.19442720417,477,23545,49742,19905,28695823,126517830
"Image 6_P3-1.czi",1,2,105162110.26771,107322,206.45275898697,168.82173272954,27,31.30295,31.30295,"Orange",0,2, , , , , , , , , , , , , , , , , , , , , , , , 
"Image 6_P3-1.czi",4,5,18617.618895348,19,243.6052631579,175.92105263158,27,31.30295,31.30295,"Fuchsia", , ,94,2702,0,21.21052631579,1945.2631578947,0,0,1200,0,19,19,19,94,1502,0,32.960547034579,469.41841583262,0,403,36960,0,28103,75863292,0
"Image 6_P3-1.czi",4,6,19597.49357405,20,131.3,187.7,27,31.30295,31.30295,"Fuchsia", , ,1,1410,4541,0.05,1000.9,4123.45,0,581,3320,20,20,20,1,829,1221,0.22360679774998,283.58102898466,306.52749082518,1,20018,82469,1,21563962,341842021
"Image 6_P3-1.czi",1,2,104858349.11731,107012,206.78899562666,168.90844017493,28,31.30295,31.30295,"Orange",0,2, , , , , , , , , , , , , , , , , , , , , , , , 
"Image 6_P3-1.czi",4,5,21557.242931455,22,243.27272727273,175.72727272727,28,31.30295,31.30295,"Fuchsia", , ,91,2102,0,14.045454545455,1503.2727272727,0,0,766,0,22,22,22,91,1336,0,29.768115369312,389.3892876236,0,309,33072,0,22949,52900340,0
"Image 6_P3-1.czi",4,6,21557.242931455,22,159,253.86363636364,28,31.30295,31.30295,"Fuchsia", , ,143,2378,1038,47.636363636364,1626.1818181818,487.81818181818,0,917,241,22,22,22,143,1461,797,52.429131719053,448.26412668507,195.03299754111,1048,35776,10732,107648,62398036,6034060
"Image 6_P3-1.czi",1,2,102796692.79332,104908,204.09904869028,167.63186792237,29,31.30295,31.30295,"Orange",0,2, , , , , , , , , , , , , , , , , , , , , , , , 
"Image 6_P3-1.czi",4,5,29396.240361075,30,106.1,129.13333333333,29,31.30295,31.30295,"Fuchsia", , ,142,2304,2504,45.7,1624.1333333333,950.26666666667,0,871,0,30,30,30,142,1433,2504,50.918562430611,396.02740529808,741.72496684201,1371,48724,28508,137843,83682566,43044724
"Image 6_P3-1.czi",4,6,18617.618895348,19,244.97368421053,176.07894736842,29,31.30295,31.30295,"Fuchsia", , ,207,1494,0,68.421052631579,1052.3157894737,0,0,509,0,19,19,19,207,985,0,77.469933801926,302.60958577598,0,1300,19994,0,196976,22688308,0
"Image 6_P3-1.czi",1,2,102755538.05682,104866,204.50647492991,167.92038410924,30,31.30295,31.30295,"Orange",0,1, , , , , , , , , , , , , , , , , , , , , , , , 
"Image 6_P3-1.czi",4,5,37235.237790695,38,106.34210526316,130.05263157895,30,31.30295,31.30295,"Fuchsia", , ,139,2738,2655,44.789473684211,1797.6315789474,1225.0263157895,0,708,35,38,38,38,139,2030,2620,49.446754269857,522.39771641055,734.52656150682,1702,68310,46551,166696,132893490,76988783
"Image 6_P3-1.czi",1,2,102457656.15449,104562,204.6482661005,167.86889118418,31,31.30295,31.30295,"Orange",0,1, , , , , , , , , , , , , , , , , , , , , , , , 
"Image 6_P3-1.czi",4,5,23516.99228886,24,107.375,129.625,31,31.30295,31.30295,"Fuchsia", , ,157,3121,1649,64.5,2056.0416666667,906.5,0,1187,129,24,24,24,157,1934,1520,45.319158056572,620.67274014759,417.99261487131,1548,49345,21756,147084,110315773,23740324
"Image 6_P3-1.czi",1,2,103658002.6359,105787,206.99642205564,169.12077570968,32,31.30295,31.30295,"Orange",0,3, , , , , , , , , , , , , , , , , , , , , , , , 
"Image 6_P3-1.czi",4,5,42134.611184208,43,106.5,130.24418604651,32,31.30295,31.30295,"Fuchsia", , ,154,3435,2799,51.255813953488,2151.2325581395,1490.4186046512,0,1013,88,43,43,43,154,2422,2711,49.391580650984,691.60072561893,786.80826709525,2204,92503,64088,215428,219084551,121518772
"Image 6_P3-1.czi",4,6,18617.618895348,19,166.34210526316,218.39473684211,32,31.30295,31.30295,"Fuchsia", , ,110,1293,1995,55,1021.2105263158,1083,0,721,498,19,19,19,110,572,1497,36.566529929857,166.92765530392,431.75649001106,1045,19403,20577,81543,20316115,25640337
"Image 6_P3-1.czi",4,7,17637.744216645,18,168.5,347,32,31.30295,31.30295,"Fuchsia", , ,127,1358,1522,63.055555555556,1067.2777777778,507,33,736,0,18,18,18,94,622,1522,27.592565542237,197.58447353729,562.24706731639,1135,19211,9126,84511,21167147,10000952
"Image 6_P3-1.czi",1,2,102010833.301,104106,204.86925825601,168.12472864196,33,31.30295,31.30295,"Orange",0,2, , , , , , , , , , , , , , , , , , , , , , , , 
"Image 6_P3-1.czi",4,5,44094.360541613,45,106.47777777778,130.36666666667,33,31.30295,31.30295,"Fuchsia", , ,147,3633,2813,53.577777777778,2209.1333333333,1645.6444444444,0,1059,286,45,45,45,147,2574,2527,47.548773470888,745.69338080864,749.92578892107,2411,99411,74054,228655,244078733,146611656
"Image 6_P3-1.czi",4,6,16657.869537943,17,166.5,347.5,33,31.30295,31.30295,"Fuchsia", , ,90,1482,1673,35.882352941177,1094.5882352941,842.05882352941,0,697,41,17,17,17,90,785,1632,22.141257735676,257.39586700827,556.81925597408,610,18608,14315,29732,21428140,17014835
"Image 6_P3-1.czi",1,2,101599285.93595,103686,204.88375479814,168.09512373898,34,31.30295,31.30295,"Orange",1,1, , , , , , , , , , , , , , , , , , , , , , , , 
"Image 6_P3-1.czi",3,4,36255.363111993,37,116.5,202.5,34,31.30295,31.30295,"Yellow", , ,2049,502,2081,1460.6216216216,274.18918918919,1432.3243243243,704,12,537,37,37,37,1345,490,1544,377.33821782405,149.31544495498,507.19786047426,54043,10145,52996,84062203,3584273,85168448
"Image 6_P3-1.czi",5,6,44094.360541613,45,106.47777777778,130.36666666667,34,31.30295,31.30295,"Fuchsia", , ,141,3659,2754,57.533333333333,2213.4888888889,1772.7555555556,0,1078,595,45,45,45,141,2581,2159,46.997388708891,745.65607543175,675.87580070587,2589,99607,79774,246139,244943119,161519358
"Image 6_P3-1.czi",1,2,101180879.44814,103259,204.85480684492,167.87463078279,35,31.30295,31.30295,"Orange",0,2, , , , , , , , , , , , , , , , , , , , , , , , 
"Image 6_P3-1.czi",4,5,39194.9871481,40,106.65,130.9,35,31.30295,31.30295,"Fuchsia", , ,136,3500,2644,70.45,2152.5,1821.675,0,737,811,40,40,40,136,2763,1833,44.871868864408,750.98902310254,593.46381686087,2818,86100,72867,277054,207325646,146475765
"Image 6_P3-1.czi",4,6,17637.744216645,18,142,205.5,35,31.30295,31.30295,"Fuchsia", , ,113,1623,1041,35.611111111111,1323.3333333333,275.33333333333,0,990,0,18,18,18,113,633,1041,41.322460619305,210.94967339601,352.74419993564,641,23820,4956,51855,32278296,3479836
"Image 6_P3-1.czi",1,2,100635089.2521,102702,204.56765204183,167.68419310237,36,31.30295,31.30295,"Orange",0,1, , , , , , , , , , , , , , , , , , , , , , , , 
"Image 6_P3-1.czi",4,5,33315.739075885,34,141.5,206.14705882353,36,31.30295,31.30295,"Fuchsia", , ,103,2055,1096,39.941176470588,1505.0294117647,218.32352941177,0,974,0,34,34,34,103,1081,1096,35.857412214146,313.27299405743,327.01419861568,1358,51171,7423,96670,80252479,5149579
"Image 6_P3-1.czi",1,2,100335247.60042,102396,204.35206453377,167.74565412711,37,31.30295,31.30295,"Orange",0,4, , , , , , , , , , , , , , , , , , , , , , , , 
"Image 6_P3-1.czi",4,5,26456.616324968,27,106.38888888889,130.64814814815,37,31.30295,31.30295,"Fuchsia", , ,133,2720,2586,75.888888888889,1851.1111111111,1959.4074074074,0,1061,1147,27,27,27,133,1659,1439,51.453738245993,479.49695862782,438.30164000985,2049,49980,52904,224331,98496384,108655306
"Image 6_P3-1.czi",4,6,36255.363111993,37,141.77027027027,205.85135135135,37,31.30295,31.30295,"Fuchsia", , ,118,2606,1104,32.054054054054,1785.4594594595,259.48648648649,0,738,0,37,37,37,118,1868,1104,36.55813174927,485.78490865555,380.14658149643,1186,66062,9601,86130,126446554,7693741
"Image 6_P3-1.czi",4,7,33315.739075885,34,177.08823529412,276.88235294118,37,31.30295,31.30295,"Fuchsia", , ,86,2277,1525,14.088235294118,1627.0588235294,380,0,908,0,34,34,34,86,1369,1525,25.173781029812,381.52047811725,371.57722799391,479,55320,12920,27661,94812304,9465898
"Image 6_P3-1.czi",4,8,19597.49357405,20,167.05,348.35,37,31.30295,31.30295,"Fuchsia", , ,40,1556,1357,12.05,1104.35,1020.75,0,694,562,20,20,20,40,862,795,14.031824730346,284.35435176628,236.11457410601,241,22087,20415,6645,25928069,21897863
"Image 6_P3-1.czi",1,2,99996210.96159,102050,204.16340029397,167.90064674179,38,31.30295,31.30295,"Orange",0,3, , , , , , , , , , , , , , , , , , , , , , , , 
"Image 6_P3-1.czi",4,5,21557.242931455,22,107,129.86363636364,38,31.30295,31.30295,"Fuchsia", , ,133,2191,2635,83.318181818182,1663.8636363636,2108.5,0,958,1443,22,22,22,133,1233,1192,46.389024116073,354.29450964854,361.76376796125,1833,36605,46387,197913,63541745,100555323
"Image 6_P3-1.czi",4,6,48993.733935125,50,141.34,206.86,38,31.30295,31.30295,"Fuchsia", , ,100,3202,1217,32.46,1978.02,280.12,0,866,0,50,50,50,100,2336,1217,32.934201563922,623.51549380942,368.79896852306,1623,98901,14006,105831,214677963,10587982
"Image 6_P3-1.czi",4,7,20577.368252753,21,177.21428571429,277.35714285714,38,31.30295,31.30295,"Fuchsia", , ,52,2946,1082,5.2380952380952,2220.9523809524,301.71428571429,0,1432,0,21,21,21,52,1514,1082,13.049539309511,464.24438350835,272.14980118625,110,46640,6336,3982,107895676,3392972
"Image 6_P3-1.czi",1,2,99629737.831755,101676,204.11608442504,167.77438136827,39,31.30295,31.30295,"Orange",0,2, , , , , , , , , , , , , , , , , , , , , , , , 
"Image 6_P3-1.czi",4,5,51933.357971233,53,141.44339622642,206.93396226415,39,31.30295,31.30295,"Fuchsia", , ,76,3778,1294,25.981132075472,2273.2075471698,372,0,895,0,53,53,53,76,2883,1294,27.439787623952,766.77033364452,385.63937917338,1377,120480,19716,74929,304448756,15067674
"Image 6_P3-1.czi",4,6,46054.109899018,47,177.37234042553,277.5,39,31.30295,31.30295,"Fuchsia", , ,86,3629,1510,17.553191489362,2192.6808510638,251.25531914894,0,999,0,47,47,47,86,2630,1510,27.605771695378,738.02312637216,365.85441795082,825,103056,11809,49537,251024112,9124149
"Image 6_P3-1.czi",1,2,99400447.156939,101442,204.10624790521,167.82852270263,40,31.30295,31.30295,"Orange",0,5, , , , , , , , , , , , , , , , , , , , , , , , 
"Image 6_P3-1.czi",4,5,23516.99228886,24,231.5,142.625,40,31.30295,31.30295,"Fuchsia", , ,74,1777,436,16.458333333333,1403.2916666667,176.29166666667,0,1001,0,24,24,24,74,776,436,24.175048521451,231.45108961519,150.50653002349,395,33679,4231,19943,48493561,1266891
"Image 6_P3-1.czi",4,6,23516.99228886,24,271.25,155.5,40,31.30295,31.30295,"Fuchsia", , ,110,1367,1090,42.25,1031.625,479.20833333333,0,549,0,24,24,24,110,818,1090,40.305625888465,215.4287560031,358.86027063549,1014,24759,11501,80206,26609423,8473331
"Image 6_P3-1.czi",4,7,15677.99485924,16,100,170.5,40,31.30295,31.30295,"Fuchsia", , ,0,1583,2415,0,1312.4375,1950.9375,0,871,1437,16,16,16,0,712,978,0,221.52500799383,314.34534485711,0,20999,31215,0,28295975,62380709
"Image 6_P3-1.czi",4,8,54872.98200734,56,141.46428571429,207.30357142857,40,31.30295,31.30295,"Fuchsia", , ,73,4323,1505,22.821428571429,2495.6428571429,525.73214285714,0,886,0,56,56,56,73,3437,1505,24.133799115354,940.65668413221,428.24043760789,1278,139756,29441,61200,397446988,25564523
"Image 6_P3-1.czi",4,9,53893.107328638,55,177.15454545455,277.93636363636,40,31.30295,31.30295,"Fuchsia", , ,87,4250,902,21,2358.7636363636,125.58181818182,0,961,0,55,55,55,87,3289,902,27.477263328068,932.97082173493,228.88713787699,1155,129732,6907,65025,353010590,3696417
"Image 6_P3-1.czi",1,2,99210351.469271,101248,204.3671875,167.8608960177,41,31.30295,31.30295,"Orange",0,3, , , , , , , , , , , , , , , , , , , , , , , , 
"Image 6_P3-1.czi",4,5,17637.744216645,18,99.5,169,41,31.30295,31.30295,"Fuchsia", , ,12,1879,2259,0.72222222222222,1477.0555555556,1946.7222222222,0,768,1404,18,18,18,12,1111,855,2.8243803184073,321.14436413299,284.13228185965,13,26587,35041,145,41023749,69587523
"Image 6_P3-1.czi",4,6,60752.230079555,62,141.5,207.17741935484,41,31.30295,31.30295,"Fuchsia", , ,108,4797,1463,24.451612903226,2590.1612903226,639.51612903226,0,964,0,62,62,62,108,3833,1463,30.329705948619,1075.8327036979,415.61949582444,1516,160590,39650,93182,486556378,35893928
"Image 6_P3-1.czi",4,7,55852.856686043,57,177.16666666667,278.06140350877,41,31.30295,31.30295,"Fuchsia", , ,101,4732,923,25.017543859649,2571.9824561404,85.140350877193,0,1006,0,57,57,57,101,3726,923,28.004139507829,1063.1237915291,197.99255384596,1426,146603,4853,79592,440353347,2608445
"Image 6_P3-1.czi",1,2,99130001.745617,101166,204.34367277544,167.89650673151,42,31.30295,31.30295,"Orange",0,6, , , , , , , , , , , , , , , , , , , , , , , , 
"Image 6_P3-1.czi",4,5,28416.365682373,29,285.70689655172,11.051724137931,42,31.30295,31.30295,"Fuchsia", , ,60,1550,1404,16.344827586207,1183.6896551724,343,0,831,0,29,29,29,60,719,1404,19.437217360497,209.58276637308,409.30132106869,474,34327,9947,18326,41862413,8102593
"Image 6_P3-1.czi",4,6,28416.365682373,29,230.77586206897,142.94827586207,42,31.30295,31.30295,"Fuchsia", , ,67,2485,511,10.689655172414,1698.5862068966,24,0,1003,0,29,29,29,67,1482,511,19.543181946427,444.35511195129,96.46279815852,310,49259,696,14008,89199299,277246
"Image 6_P3-1.czi",4,7,34295.613754588,35,99.185714285714,169.75714285714,42,31.30295,31.30295,"Fuchsia", , ,30,2137,2213,2.3714285714286,1432.7142857143,1764.4571428571,0,617,1208,35,35,35,30,1520,1005,6.575738447844,430.377438414,287.65781784625,83,50145,61756,1667,78141099,111779214
"Image 6_P3-1.czi",4,8,60752.230079555,62,141.5,207.3064516129,42,31.30295,31.30295,"Fuchsia", , ,123,5067,1493,27.806451612903,2696.0967741936,739.45161290323,0,950,21,62,62,62,123,4117,1472,34.545213285968,1154.8466750787,398.23671506638,1724,167158,45846,120734,532028066,43575040
"Image 6_P3-1.czi",4,9,23516.99228886,24,179.125,263.375,42,31.30295,31.30295,"Fuchsia", , ,134,2824,2874,72.125,1952.3333333333,1463.8333333333,39,1026,531,24,24,24,95,1798,2343,25.736647023262,512.88965392319,662.16447888833,1731,46856,35132,140083,97528814,61512014
"Image 6_P3-1.czi",4,10,62711.97943696,64,177.09375,278.390625,42,31.30295,31.30295,"Fuchsia", , ,110,5013,686,26.421875,2525.046875,54.09375,0,639,0,64,64,64,110,4374,686,27.862932472236,1221.4935098449,133.59874996445,1691,161603,3462,93589,502054073,1311736
"Image 6_P3-1.czi",1,2,99124122.497545,101160,204.72746144721,168.15718663503,43,31.30295,31.30295,"Orange",1,5, , , , , , , , , , , , , , , , , , , , , , , , 
"Image 6_P3-1.czi",3,4,46054.109899018,47,117.86170212766,201.26595744681,43,31.30295,31.30295,"Yellow", , ,1802,153,614,1097.7234042553,42.148936170213,105.14893617021,207,0,0,47,47,47,1595,153,614,430.95534430862,53.409402658352,170.98969950205,51593,1981,4942,65178079,214715,1864570
"Image 6_P3-1.czi",5,6,30376.115039778,31,285.56451612903,10.725806451613,43,31.30295,31.30295,"Fuchsia", , ,53,1540,1596,11.677419354839,1154,533.48387096774,0,729,9,31,31,31,53,811,1587,16.05903088976,225.19621074373,506.47236653594,362,35774,16538,11964,42804596,16518184
"Image 6_P3-1.czi",5,7,35275.48843329,36,98.25,169.5,43,31.30295,31.30295,"Fuchsia", , ,48,2319,2207,6.9166666666667,1544.0833333333,1631.2777777778,0,732,1164,36,36,36,48,1587,1043,13.52959718543,454.77557259441,299.4719744685,249,55587,58726,8129,93069689,98937340
"Image 6_P3-1.czi",5,8,60752.230079555,62,141.37096774194,207.38709677419,43,31.30295,31.30295,"Fuchsia", , ,139,5088,1520,34.741935483871,2692.564516129,809.27419354839,0,968,76,62,62,62,139,4120,1444,39.906010675032,1162.1288918804,378.64387738413,2154,166939,50175,171976,531877185,49350975
"Image 6_P3-1.czi",5,9,30376.115039778,31,179.33870967742,262.95161290323,43,31.30295,31.30295,"Fuchsia", , ,138,3011,3158,77.774193548387,2071.8064516129,1789.7096774194,47,1205,843,31,31,31,91,1806,2315,24.580086353821,523.56886967268,638.32281245717,2411,64226,55481,205639,141287572,111518563
"Image 6_P3-1.czi",5,10,61732.104758258,63,177.07142857143,278.57936507937,43,31.30295,31.30295,"Fuchsia", , ,111,5137,529,28.333333333333,2563.3968253968,34.84126984127,0,680,0,63,63,63,111,4457,529,29.491387479803,1251.1420401001,94.500931271944,1785,161494,2195,104499,511025304,630163
"Image 6_P3-1.czi",1,2,98802723.602931,100832,204.88296374167,168.55045025389,44,31.30295,31.30295,"Orange",0,4, , , , , , , , , , , , , , , , , , , , , , , , 
"Image 6_P3-1.czi",4,5,32335.864397183,33,98.469696969697,169.34848484849,44,31.30295,31.30295,"Fuchsia", , ,64,2393,2019,11.121212121212,1622.696969697,1529.6060606061,0,719,1090,33,33,33,64,1674,929,21.004103134503,458.16539623048,260.96431022675,367,53549,50477,18199,93611097,79389201
"Image 6_P3-1.czi",4,6,57812.606043448,59,141.07627118644,207.16101694915,44,31.30295,31.30295,"Fuchsia", , ,152,4848,1652,41.983050847458,2625.2711864407,841.84745762712,0,609,150,59,59,59,152,4239,1502,45.031594856938,1102.1258272008,393.38319536884,2477,154891,49669,221607,477082397,50789241
"Image 6_P3-1.czi",4,7,16657.869537943,17,180.5,263.5,44,31.30295,31.30295,"Fuchsia", , ,134,2920,2429,91.058823529412,2105.4117647059,1595.7647058824,44,1379,1027,17,17,17,90,1541,1402,29.802413048769,526.43376350016,439.00092958497,1548,35792,27128,155170,79791018,46373454
"Image 6_P3-1.czi",4,8,61732.104758258,63,177.13492063492,278.54761904762,44,31.30295,31.30295,"Fuchsia", , ,105,4980,353,27.714285714286,2473.9206349206,32.52380952381,0,674,0,63,63,63,105,4306,353,29.03025594735,1196.8308191756,79.187579904048,1746,155857,2049,100640,474386897,455423
"Image 6_P3-1.czi",1,2,98646923.529017,100673,205.22921240054,168.86976150507,45,31.30295,31.30295,"Orange",1,5, , , , , , , , , , , , , , , , , , , , , , , , 
"Image 6_P3-1.czi",3,4,20577.368252753,21,136.78571428571,233.78571428571,45,31.30295,31.30295,"Yellow", , ,1381,189,715,1100.7619047619,70.666666666667,240.38095238095,672,0,0,21,21,21,709,189,715,210.07591598322,62.684394655555,224.36677030935,23116,1484,5048,26327850,183456,2220252
"Image 6_P3-1.czi",5,6,54872.98200734,56,230.94642857143,143.42857142857,45,31.30295,31.30295,"Fuchsia", , ,82,3478,1799,5.875,1990.8035714286,123.23214285714,0,625,0,56,56,56,82,2853,1799,16.184237561731,775.75702427647,362.58827093658,329,111485,6901,16339,255043679,8081289
"Image 6_P3-1.czi",5,7,21557.242931455,22,98.727272727273,169.40909090909,45,31.30295,31.30295,"Fuchsia", , ,85,2339,1737,18.318181818182,1820.4090909091,1376.4090909091,0,1330,1018,22,22,22,85,1009,719,28.864851527068,298.09021630419,207.83570871768,403,40049,30281,24879,74771577,42586153
"Image 6_P3-1.czi",5,8,17637.744216645,18,84,185,45,31.30295,31.30295,"Fuchsia", , ,113,2516,1259,50.888888888889,1667.1111111111,705.83333333333,0,858,12,18,18,18,113,1658,1247,43.338461235053,487.88630412385,452.49000638948,916,30008,12705,78544,54073232,12448315
"Image 6_P3-1.czi",5,9,56832.731364745,58,141.22413793103,207.18965517241,45,31.30295,31.30295,"Fuchsia", , ,160,4373,1737,47.310344827586,2415.5517241379,840.44827586207,0,877,158,58,58,58,160,3496,1579,49.238127751169,961.52673138734,428.64520037438,2744,140102,48746,268010,391122046,51441484
"Image 6_P3-1.czi",5,10,52913.232649935,54,177.03703703704,278.75925925926,45,31.30295,31.30295,"Fuchsia", , ,93,4560,331,29.12962962963,2477.9444444444,30.574074074074,0,879,0,54,54,54,93,3681,331,28.318302832831,1024.4385745772,73.462248513598,1573,133809,1651,88323,387193411,336503
"Image 6_P3-1.czi",1,2,98328464.258439,100348,205.06593056165,168.98901821661,46,31.30295,31.30295,"Orange",1,4, , , , , , , , , , , , , , , , , , , , , , , , 
"Image 6_P3-1.czi",3,4,51933.357971233,53,135.48113207547,234.72641509434,46,31.30295,31.30295,"Yellow", , ,1627,201,1074,1066.4528301887,48.849056603774,242.66037735849,435,0,0,53,53,53,1192,201,1074,312.12026565448,64.856467629094,300.89015011847,56522,2589,12861,65343838,345201,7828669
"Image 6_P3-1.czi",5,6,63691.854115663,65,230.25384615385,143.23846153846,46,31.30295,31.30295,"Fuchsia", , ,73,3651,1783,5.9230769230769,1832.5230769231,80.369230769231,0,219,0,65,65,65,73,3432,1783,14.748207192219,958.38363449372,296.57142738042,385,119114,5224,16201,277063102,6048944
"Image 6_P3-1.czi",5,7,38215.112469398,39,140.88461538462,207.73076923077,46,31.30295,31.30295,"Fuchsia", , ,138,3724,1710,58.74358974359,2420.8461538462,733.71794871795,0,986,123,39,39,39,138,2738,1587,44.440212911469,744.48468714455,424.65143283193,2291,94413,28615,209629,249621131,27847835
"Image 6_P3-1.czi",5,8,15677.99485924,16,179.5,262,46,31.30295,31.30295,"Fuchsia", , ,148,2608,3686,106.4375,2048.4375,2731.5625,50,1324,1882,16,16,16,98,1284,1804,32.541191844594,383.61751241743,504.75908032116,1703,32775,43705,197147,69344975,123204665
"Image 6_P3-1.czi",5,9,50953.48329253,52,177.13461538462,278.48076923077,46,31.30295,31.30295,"Fuchsia", , ,77,3933,427,28.961538461539,2197.9423076923,40.442307692308,0,767,0,52,52,52,77,3166,427,27.832102735596,852.54933532046,91.649676884327,1506,114293,2103,83122,288278279,513433
"Image 6_P3-1.czi",1,2,97991387.368965,100004,204.92389304428,169.21169153234,47,31.30295,31.30295,"Orange",1,3, , , , , , , , , , , , , , , , , , , , , , , , 
"Image 6_P3-1.czi",3,4,35275.48843329,36,276.83333333333,177.41666666667,47,31.30295,31.30295,"Yellow", , ,1709,90,3496,1254.6388888889,20.222222222222,2227.2222222222,767,0,787,36,36,36,942,90,2709,263.90595216346,27.61998356378,700.6405685865,45167,728,80180,59105897,41422,195760080
"Image 6_P3-1.czi",5,6,15677.99485924,16,117,88.5,47,31.30295,31.30295,"Fuchsia", , ,85,1444,3635,19.3125,1003.4375,2782.4375,0,636,1864,16,16,16,85,808,1771,29.331936519773,257.8495604676,528.16171371402,309,16055,44519,18873,17107485,128055657
"Image 6_P3-1.czi",5,7,59772.355400853,61,230.22131147541,143.15573770492,47,31.30295,31.30295,"Fuchsia", , ,64,3696,1988,6.0983606557377,1938.6721311475,102.27868852459,0,247,0,61,61,61,64,3449,1988,13.865670939449,919.97530259081,350.11227395164,372,118259,6239,13804,280046701,7992833
"Image 6_P3-1.czi",5,8,50953.48329253,52,140.55769230769,206.90384615385,47,31.30295,31.30295,"Fuchsia", , ,156,2981,1551,55.230769230769,1708.2692307692,598.38461538462,0,664,0,52,52,52,156,2317,1551,52.609406220999,691.98376710487,401.17587722164,2872,88830,31116,299778,176166474,26827382
"Image 6_P3-1.czi",1,2,97526926.77126,99530,204.98055862554,169.48513011152,48,31.30295,31.30295,"Orange",0,3, , , , , , , , , , , , , , , , , , , , , , , , 
"Image 6_P3-1.czi",4,5,18617.618895348,19,98.5,96.5,48,31.30295,31.30295,"Fuchsia", , ,80,1314,5352,44.157894736842,1041.3684210526,4318.1578947368,0,639,3201,19,19,19,80,675,2151,28.703974091665,184.53672038267,598.7364717245,839,19786,82045,51879,21217484,360736001
"Image 6_P3-1.czi",4,6,41154.736505505,42,230.85714285714,143.11904761905,48,31.30295,31.30295,"Fuchsia", , ,41,3595,930,2.952380952381,2288.1190476191,39.880952380952,0,1146,0,42,42,42,41,2449,930,8.6474368991341,721.3557426355,159.33202063324,124,96101,1675,3432,241225047,1107655
"Image 6_P3-1.czi",4,7,20577.368252753,21,177.45238095238,278.07142857143,48,31.30295,31.30295,"Fuchsia", , ,92,2404,185,45.714285714286,1760.9523809524,33.52380952381,0,920,0,21,21,21,92,1484,185,33.199612734402,441.98534774249,55.774204653782,960,36980,704,65930,69027040,85816
"Image 6_P3-1.czi",1,2,97142815.897209,99138,204.88815590389,170.08516411467,49,31.30295,31.30295,"Orange",0,3, , , , , , , , , , , , , , , , , , , , , , , , 
"Image 6_P3-1.czi",4,5,17637.744216645,18,118.33333333333,89.166666666667,49,31.30295,31.30295,"Fuchsia", , ,17,1871,3580,1.4444444444444,1511.9444444444,2925.5555555556,0,1028,2146,18,18,18,17,843,1434,4.4221663871405,226.88620423728,434.1951610837,26,27215,52660,370,42022683,157264688
"Image 6_P3-1.czi",4,6,24496.866967563,25,154.34,189.58,49,31.30295,31.30295,"Fuchsia", , ,200,1630,3156,87.32,1266.24,1506.48,0,834,577,25,25,25,200,796,2579,70.353701632063,230.15108805594,739.67234412723,2183,31656,37662,309411,41355362,69867814
"Image 6_P3-1.czi",4,7,29396.240361075,30,176.63333333333,278.1,49,31.30295,31.30295,"Fuchsia", , ,95,1681,419,37.766666666667,1187.9666666667,143.56666666667,0,745,0,30,30,30,95,936,419,33.216825123187,281.4292932984,150.15938275674,1133,35639,4307,74787,44634815,1272229
"Image 6_P3-1.czi",1,2,96690113.795648,98676,204.79448903482,170.63429810694,50,31.30295,31.30295,"Orange",0,2, , , , , , , , , , , , , , , , , , , , , , , , 
"Image 6_P3-1.czi",4,5,20577.368252753,21,118.78571428571,89.214285714286,50,31.30295,31.30295,"Fuchsia", , ,8,1926,4211,0.38095238095238,1468.1428571429,3321.2857142857,0,869,2507,21,21,21,8,1057,1704,1.7457431218879,301.90748346377,471.64500875734,8,30831,69747,64,47087275,236098695
"Image 6_P3-1.czi",4,6,19597.49357405,20,154.55,189.45,50,31.30295,31.30295,"Fuchsia", , ,193,1706,2645,88.15,1351,1465.95,0,791,846,20,20,20,193,915,1799,63.19916305242,247.73521518368,500.69157172854,1763,27020,29319,231297,37670102,47743337
"Image 6_P3-1.czi",1,2,96205075.82969,98181,204.59479430847,171.09355679816,51,31.30295,31.30295,"Orange",0,1, , , , , , , , , , , , , , , , , , , , , , , , 
"Image 6_P3-1.czi",4,5,19597.49357405,20,118.1,88.85,51,31.30295,31.30295,"Fuchsia", , ,30,1870,4353,4.15,1401.55,3669.8,0,683,2927,20,20,20,30,1187,1426,10.16844965671,317.53698085503,377.88185288109,83,28031,73396,2309,41202613,272061740
"Image 6_P3-1.czi",1,2,95249698.017955,97206,203.55964652388,171.86443223669,52,31.30295,31.30295,"Orange",0,0, , , , , , , , , , , , , , , , , , , , , , , , 
"Image 6_P3-1.czi",1,2,93567253.194623,95489,203.57680465813,173.95402088199,53,31.30295,31.30295,"Orange",0,2, , , , , , , , , , , , , , , , , , , , , , , , 
"Image 6_P3-1.czi",4,5,15677.99485924,16,37,174,53,31.30295,31.30295,"Fuchsia", , ,103,1329,3126,72.625,1037.4375,2856.375,14,650,2318,16,16,16,89,679,808,26.318244622315,208.70648248996,234.69636412466,1162,16599,45702,94780,17873801,131368286
"Image 6_P3-1.czi",4,6,23516.99228886,24,151.25,209.5,53,31.30295,31.30295,"Fuchsia", , ,164,2036,3728,91.041666666667,1557,1857.0833333333,0,727,201,24,24,24,164,1309,3527,49.949086396891,368.63166487407,964.62941371135,2185,37368,44570,256309,61307430,104171932
"Image 6_P3-1.czi",1,2,92570720.646383,94472,203.17449614701,174.8638114997,54,31.30295,31.30295,"Orange",0,3, , , , , , , , , , , , , , , , , , , , , , , , 
"Image 6_P3-1.czi",4,5,17637.744216645,18,37.333333333333,173.83333333333,54,31.30295,31.30295,"Fuchsia", , ,100,1289,3145,69.611111111111,1032.5,2879.1111111111,12,677,2302,18,18,18,88,612,843,24.095737697016,187.41217551006,248.14224784063,1253,18585,51824,97093,19786109,150253822
"Image 6_P3-1.czi",4,6,17637.744216645,18,120,183,54,31.30295,31.30295,"Fuchsia", , ,70,1714,857,11.333333333333,1352.9444444444,450.16666666667,0,785,27,18,18,18,70,929,830,20.63976744055,273.15336614786,282.96273918081,204,24353,8103,9554,34216673,5008855
"Image 6_P3-1.czi",4,7,25476.741646265,26,150.76923076923,209.73076923077,54,31.30295,31.30295,"Fuchsia", , ,166,2221,3861,95.884615384615,1715.3461538462,1833.7692307692,0,816,608,26,26,26,166,1405,3253,49.214084913225,375.54652892101,966.21079719458,2493,44599,47678,299591,80028603,110769532
"Image 6_P3-1.czi",1,2,91830915.263962,93717,202.69413766979,175.45721160515,55,31.30295,31.30295,"Orange",1,3, , , , , , , , , , , , , , , , , , , , , , , , 
"Image 6_P3-1.czi",3,4,24496.866967563,25,134.78,237.18,55,31.30295,31.30295,"Yellow", , ,1694,314,2552,1107.2,101.24,1250,523,0,472,25,25,25,1171,314,2080,347.94396100522,100.2626883076,499.96108181871,27680,2531,31250,33552856,497501,45061566
"Image 6_P3-1.czi",5,6,20577.368252753,21,174.21428571429,167.21428571429,55,31.30295,31.30295,"Fuchsia", , ,99,2463,5286,21.047619047619,1801.2857142857,4062.1428571429,0,986,2164,21,21,21,99,1477,3122,31.745040857552,438.92734511046,911.77674272347,442,37827,85305,29458,71990379,363147833
"Image 6_P3-1.czi",5,7,19597.49357405,20,119.5,184,55,31.30295,31.30295,"Fuchsia", , ,69,1950,830,13.2,1549.3,465,0,883,54,20,20,20,69,1067,776,20.889685190745,333.47391596882,228.16406839216,264,30986,9300,11776,50119502,5313618
"Image 6_P3-1.czi",5,8,30376.115039778,31,151.04838709677,209.66129032258,55,31.30295,31.30295,"Fuchsia", , ,167,2343,3859,92,1738.5483870968,1844.5161290323,0,977,102,31,31,31,167,1366,3757,51.019604075296,392.36503740859,1079.9589458545,2852,53895,57180,340474,98317575,140458772
"Image 6_P3-1.czi",1,2,91086210.508148,92957,202.02104736599,176.00786922986,56,31.30295,31.30295,"Orange",0,2, , , , , , , , , , , , , , , , , , , , , , , , 
"Image 6_P3-1.czi",4,5,21557.242931455,22,120.13636363636,184.81818181818,56,31.30295,31.30295,"Fuchsia", , ,53,2215,780,15.318181818182,1779.7727272727,347.27272727273,0,1175,32,22,22,22,53,1040,748,17.92679920873,287.92822052234,197.39232913599,337,39155,7640,11911,71427957,3471402
"Image 6_P3-1.czi",4,6,23516.99228886,24,151.5,209.375,56,31.30295,31.30295,"Fuchsia", , ,153,2393,3842,83.458333333333,1829.9583333333,1957.6666666667,0,1021,91,24,24,24,153,1372,3751,52.581182918431,391.51628087272,1096.8933072712,2003,43919,46984,230757,83895495,119652034
"Image 6_P3-1.czi",1,2,90100456.581374,91951,200.88342160499,177.10891126796,57,31.30295,31.30295,"Orange",0,3, , , , , , , , , , , , , , , , , , , , , , , , 
"Image 6_P3-1.czi",4,5,25476.741646265,26,172.96153846154,166.65384615385,57,31.30295,31.30295,"Fuchsia", , ,117,3086,4355,49.384615384615,2213.1538461539,3030.2692307692,0,1150,1930,26,26,26,117,1936,2425,44.189661164645,561.61051929662,732.12723253229,1284,57542,78787,112228,135234458,252146079
"Image 6_P3-1.czi",4,6,34295.613754588,35,119.7,185.24285714286,57,31.30295,31.30295,"Fuchsia", , ,52,2421,1191,8.6285714285714,1668.6857142857,453.8,0,649,0,35,35,35,52,1772,1191,13.173247655059,517.34280200841,301.58959258062,302,58404,15883,8506,106557802,10300219
"Image 6_P3-1.czi",4,7,36255.363111993,37,150.41891891892,209.22972972973,57,31.30295,31.30295,"Fuchsia", , ,160,2344,3783,83.378378378378,1609.5135135135,1482.2162162162,0,711,99,37,37,37,160,1633,3684,51.935510946724,441.67714588962,1166.558141027,3085,59552,54842,354325,102872582,130278586
"Image 6_P3-1.czi",1,2,87507708.181527,89305,197.14470074464,179.54737696658,58,31.30295,31.30295,"Orange",0,3, , , , , , , , , , , , , , , , , , , , , , , , 
"Image 6_P3-1.czi",4,5,26456.616324968,27,173.38888888889,166.5,58,31.30295,31.30295,"Fuchsia", , ,119,3192,3800,43.666666666667,2159.7407407407,2490.962962963,0,1189,1657,27,27,27,119,2003,2143,42.205541014276,629.51004101435,599.27728791125,1179,58313,67256,97797,136244317,176869670
"Image 6_P3-1.czi",4,6,31355.98971848,32,121.3125,185.28125,58,31.30295,31.30295,"Fuchsia", , ,56,2617,893,10.0625,1915.9375,257.71875,0,805,0,32,32,32,56,1812,893,15.951413123769,459.2783215142,218.84141177589,322,61310,8247,11128,124005162,3610045
"Image 6_P3-1.czi",4,7,30376.115039778,31,151.43548387097,209.24193548387,58,31.30295,31.30295,"Fuchsia", , ,139,2187,3740,71.903225806452,1533.4838709677,1926.935483871,0,796,219,31,31,31,139,1391,3521,47.591564265606,419.44033115313,1071.7716776591,2229,47538,59735,228221,78176662,149566327
"Image 6_P3-1.czi",1,2,87063824.952075,88852,197.28828838968,180.0732228875,59,31.30295,31.30295,"Orange",0,5, , , , , , , , , , , , , , , , , , , , , , , , 
"Image 6_P3-1.czi",4,5,19597.49357405,20,122,151.5,59,31.30295,31.30295,"Fuchsia", , ,89,1360,3586,24.75,1097.25,1528.3,0,811,1,20,20,20,89,549,3585,31.338348796054,169.63424275714,1062.0077361201,495,21945,30566,30911,24625891,68143366
"Image 6_P3-1.czi",4,6,25476.741646265,26,172.96153846154,167.23076923077,59,31.30295,31.30295,"Fuchsia", , ,114,3126,4602,31.576923076923,2236.5,2603.6153846154,0,1168,1539,26,26,26,114,1958,3063,39.865948454212,565.46697516301,918.65353978192,821,58149,67694,65657,138044061,197347248
"Image 6_P3-1.czi",4,7,24496.866967563,25,121.22,186.1,59,31.30295,31.30295,"Fuchsia", , ,38,2753,1183,5.92,2038.68,388.76,0,1205,0,25,25,25,38,1548,1183,10.144456614329,453.85641268284,332.03680518882,148,50967,9719,3346,108849059,6424321
"Image 6_P3-1.czi",4,8,29396.240361075,30,151.7,209,59,31.30295,31.30295,"Fuchsia", , ,139,1934,3630,66.666666666667,1381.4666666667,1953.2666666667,0,727,441,30,30,30,139,1207,3189,43.163149459514,353.33628929581,1048.8259424095,2000,41444,58598,187362,60874054,146358560
"Image 6_P3-1.czi",4,9,20577.368252753,21,308.21428571429,251.78571428571,59,31.30295,31.30295,"Fuchsia", , ,109,1921,2068,55.952380952381,1478.2857142857,1519.0476190476,28,971,1036,21,21,21,81,950,1032,21.334188970936,301.7800760251,264.45405578105,1175,31044,31900,74847,47713326,49856338
"Image 6_P3-1.czi",1,2,86753204.678926,88535,197.15821426555,180.31051561529,60,31.30295,31.30295,"Orange",0,1, , , , , , , , , , , , , , , , , , , , , , , , 
"Image 6_P3-1.czi",4,5,30376.115039778,31,121.01612903226,186.08064516129,60,31.30295,31.30295,"Fuchsia", , ,41,2790,1394,7.6129032258065,2035.0967741936,475.48387096774,0,1148,0,31,31,31,41,1642,1394,11.771936740556,462.31744900654,357.25666506195,236,63088,14740,5954,134802308,10837602
"Image 6_P3-1.czi",1,2,86628760.594731,88408,197.25285042078,180.46003755316,61,31.30295,31.30295,"Orange",0,2, , , , , , , , , , , , , , , , , , , , , , , , 
"Image 6_P3-1.czi",4,5,24496.866967563,25,173.66,166.82,61,31.30295,31.30295,"Fuchsia", , ,114,2524,3642,29.2,1825.44,2123.68,0,979,964,25,25,25,114,1545,2678,40.895191241351,446.24750979697,815.46789840762,730,45636,53092,61454,88085064,128710128
"Image 6_P3-1.czi",4,6,32335.864397183,33,120.95454545455,185.43939393939,61,31.30295,31.30295,"Fuchsia", , ,49,2725,884,8.9090909090909,1902.1212121212,482.78787878788,0,738,12,33,33,33,49,1987,872,13.015288213203,521.61454623935,213.38444729756,294,62770,15932,8040,128102764,9148830
"Image 6_P3-1.czi",1,2,86402409.54395,88177,197.55251936446,180.74512060968,62,31.30295,31.30295,"Orange",0,1, , , , , , , , , , , , , , , , , , , , , , , , 
"Image 6_P3-1.czi",4,5,35275.48843329,36,121.58333333333,186.30555555556,62,31.30295,31.30295,"Fuchsia", , ,80,2587,941,27.027777777778,1695.0277777778,503.63888888889,0,637,1,36,36,36,80,1950,940,21.816751245789,550.18352709988,298.51778150224,973,61021,18131,42957,114026857,12250427
"Image 6_P3-1.czi",1,2,86282864.833149,88055,197.5196013855,181.19579240248,63,31.30295,31.30295,"Orange",0,1, , , , , , , , , , , , , , , , , , , , , , , , 
"Image 6_P3-1.czi",4,5,33315.739075885,34,121.14705882353,185.64705882353,63,31.30295,31.30295,"Fuchsia", , ,113,2337,1340,28.088235294118,1559.5588235294,745.79411764706,0,544,122,34,34,34,113,1793,1218,29.827146113504,478.42121615926,281.11259249866,955,53025,25357,56183,90248873,21518903
"Image 6_P3-1.czi",1,2,85923250.826065,87688,197.38396359821,181.98883541648,64,31.30295,31.30295,"Orange",0,1, , , , , , , , , , , , , , , , , , , , , , , , 
"Image 6_P3-1.czi",4,5,16657.869537943,17,121.5,186.5,64,31.30295,31.30295,"Fuchsia", , ,111,2001,1248,40.176470588235,1503.7647058824,726.64705882353,0,762,187,17,17,17,111,1239,1061,27.331838792235,359.15691720538,328.40161029913,683,25564,12353,39393,40506140,10701833
"Image 6_P3-1.czi",1,2,85473488.34854,87229,197.32463400933,182.42760435176,65,31.30295,31.30295,"Orange",0,2, , , , , , , , , , , , , , , , , , , , , , , , 
"Image 6_P3-1.czi",4,5,17637.744216645,18,88.5,169,65,31.30295,31.30295,"Fuchsia", , ,140,1342,1226,30,1105.7222222222,858.55555555556,0,778,484,18,18,18,140,564,742,44.91691676601,151.19594048221,240.47482984888,540,19903,15454,50498,22395813,14251196
"Image 6_P3-1.czi",4,6,17637.744216645,18,122,211.5,65,31.30295,31.30295,"Fuchsia", , ,145,1571,257,69.944444444444,1270.0555555556,19.722222222222,0,967,0,18,18,18,145,604,257,56.871860324171,213.71571888079,61.423128002364,1259,22861,355,143045,29811205,71139
"Image 6_P3-1.czi",1,2,84977671.761117,86723,197.34894434003,183.1614162333,66,31.30295,31.30295,"Orange",0,1, , , , , , , , , , , , , , , , , , , , , , , , 
"Image 6_P3-1.czi",4,5,17637.744216645,18,122,211,66,31.30295,31.30295,"Fuchsia", , ,137,1745,230,66,1345.9444444444,20,0,773,0,18,18,18,137,972,230,49.358234309157,279.26847134069,57.138634297748,1188,24227,360,119824,33934041,62702
"Image 6_P3-1.czi",1,2,84553386.025239,86290,197.30125159346,183.70346505968,67,31.30295,31.30295,"Orange",0,2, , , , , , , , , , , , , , , , , , , , , , , , 
"Image 6_P3-1.czi",4,5,19597.49357405,20,113.55,144.55,67,31.30295,31.30295,"Fuchsia", , ,77,1286,2045,15,1005.4,1016.1,0,581,517,20,20,20,77,705,1528,26.064696834083,194.78419907818,482.62733798286,300,20108,20322,17408,20937460,25074838
"Image 6_P3-1.czi",4,6,17637.744216645,18,86.833333333333,168.5,67,31.30295,31.30295,"Fuchsia", , ,177,1701,1880,66.722222222222,1205.6111111111,1498.8888888889,0,726,864,18,18,18,177,975,1016,63.989710161369,313.53696449474,304.8837558401,1201,21701,26980,149743,27834159,42020242
"Image 6_P3-1.czi",1,2,84245705.376126,85976,197.45569693868,184.13451428306,68,31.30295,31.30295,"Orange",0,1, , , , , , , , , , , , , , , , , , , , , , , , 
"Image 6_P3-1.czi",4,5,19597.49357405,20,87.5,169,68,31.30295,31.30295,"Fuchsia", , ,140,1835,2253,35.45,1429.4,1614.7,0,899,1047,20,20,20,140,936,1206,45.406323464098,288.49453155449,365.08500812536,709,28588,32294,64307,42445040,54677576
"Image 6_P3-1.czi",1,2,83884131.619685,85607,197.24872381931,184.33730302429,69,31.30295,31.30295,"Orange",0,1, , , , , , , , , , , , , , , , , , , , , , , , 
"Image 6_P3-1.czi",4,5,24496.866967563,25,120.78,212.82,69,31.30295,31.30295,"Fuchsia", , ,153,1991,725,50.8,1449.28,66.48,0,908,0,25,25,25,153,1083,725,51.259958382087,317.7735724275,167.27749400323,1270,36232,1662,127578,54933834,782052
"Image 6_P3-1.czi",1,2,83326582.927503,85038,197.24286789435,184.72910933935,70,31.30295,31.30295,"Orange",0,3, , , , , , , , , , , , , , , , , , , , , , , , 
"Image 6_P3-1.czi",4,5,17637.744216645,18,92,119.5,70,31.30295,31.30295,"Fuchsia", , ,174,1250,1266,101.27777777778,1092.4444444444,796.38888888889,0,850,378,18,18,18,174,400,888,54.886841405542,117.36981384758,275.212247267,1823,19664,14335,235843,21716014,12703845
"Image 6_P3-1.czi",4,6,17637.744216645,18,88,170.5,70,31.30295,31.30295,"Fuchsia", , ,71,1894,3251,24.222222222222,1362.7777777778,2348.7777777778,0,812,1534,18,18,18,71,1082,1717,19.040376774434,319.31094112821,483.05127672713,436,24530,42278,16724,35162250,103268382
"Image 6_P3-1.czi",4,7,16657.869537943,17,120.5,213.5,70,31.30295,31.30295,"Fuchsia", , ,125,1818,538,38.058823529412,1354.2941176471,89.176470588235,0,829,0,17,17,17,125,989,538,47.13739304978,304.10088061075,142.95289228192,647,23023,1516,60175,32659551,462160
"Image 6_P3-1.czi",1,2,82879760.074015,84582,197.49606299213,184.9082783571,71,31.30295,31.30295,"Orange",0,3, , , , , , , , , , , , , , , , , , , , , , , , 
"Image 6_P3-1.czi",4,5,20577.368252753,21,92.5,119.35714285714,71,31.30295,31.30295,"Fuchsia", , ,176,1257,1102,117.71428571429,1083.380952381,540.57142857143,50,798,83,21,21,21,126,459,1019,35.354126855493,124.39794057398,305.45712815853,2472,22751,11352,315988,24957497,8002648
"Image 6_P3-1.czi",4,6,17637.744216645,18,113,145,71,31.30295,31.30295,"Fuchsia", , ,48,1932,2325,6.7222222222222,1496.5,1299.1111111111,0,888,511,18,18,18,48,1044,1814,14.23667821284,315.3795565757,588.72653083123,121,26937,23384,4259,42002113,36270596
"Image 6_P3-1.czi",4,7,23516.99228886,24,120.45833333333,213.08333333333,71,31.30295,31.30295,"Fuchsia", , ,125,1798,1023,34.791666666667,1289.2916666667,166.125,0,765,0,24,24,24,125,1033,1023,40.97292761204,289.78214893361,267.63445422247,835,30943,3987,67663,41825947,2309789
"Image 6_P3-1.czi",1,2,82586777.545083,84283,197.6619780976,185.12065897037,72,31.30295,31.30295,"Orange",0,2, , , , , , , , , , , , , , , , , , , , , , , , 
"Image 6_P3-1.czi",4,5,17637.744216645,18,88,169,72,31.30295,31.30295,"Fuchsia", , ,69,1643,3569,48.944444444444,1261.1666666667,2853.5,35,728,2439,18,18,18,34,915,1130,8.8946264162677,273.95389264275,341.79599178457,881,22701,51363,44465,29905607,148550337
"Image 6_P3-1.czi",4,6,16657.869537943,17,120.5,213.5,72,31.30295,31.30295,"Fuchsia", , ,122,1515,823,35.588235294118,1142.4117647059,192.23529411765,0,681,0,17,17,17,122,834,823,46.760104287108,254.71431517082,232.67534501204,605,19421,3268,56515,23224849,1494430
"Image 6_P3-1.czi",1,2,82225203.788642,83914,197.85231308244,184.88799246848,73,31.30295,31.30295,"Orange",0,0, , , , , , , , , , , , , , , , , , , , , , , , 
"Image 6_P3-1.czi",1,2,81894006.14724,83576,198.28065473342,184.86202976931,74,31.30295,31.30295,"Orange",0,1, , , , , , , , , , , , , , , , , , , , , , , , 
"Image 6_P3-1.czi",4,5,20577.368252753,21,79.785714285714,229.21428571429,74,31.30295,31.30295,"Fuchsia", , ,26,2051,2495,6.6666666666667,1642.2857142857,1882.5714285714,0,1134,1251,21,21,21,26,917,1244,9.7279665569601,289.74094340585,375.39307018492,140,34488,39534,2826,58318146,77243978
"Image 6_P3-1.czi",1,2,81445223.544394,83118,198.49439351284,184.90914122092,75,31.30295,31.30295,"Orange",0,1, , , , , , , , , , , , , , , , , , , , , , , , 
"Image 6_P3-1.czi",4,5,20577.368252753,21,112.07142857143,146.21428571429,75,31.30295,31.30295,"Fuchsia", , ,3,1638,1635,0.14285714285714,1284.4761904762,1125.6190476191,0,837,656,21,21,21,3,801,979,0.65465367070798,239.0823328997,251.73010868597,3,26974,23638,9,35790668,27874744
"Image 6_P3-1.czi",1,2,81161059.887571,82828,198.66653788574,184.80862751727,76,31.30295,31.30295,"Orange",0,2, , , , , , , , , , , , , , , , , , , , , , , , 
"Image 6_P3-1.czi",4,5,21557.242931455,22,93,119,76,31.30295,31.30295,"Fuchsia", , ,179,1809,1448,98,1446.4090909091,342.54545454546,21,972,0,22,22,22,158,837,1448,46.104436311694,247.33044391026,428.801177956,2156,31821,7536,255926,47310803,6442702
"Image 6_P3-1.czi",4,6,17637.744216645,18,111.33333333333,146.16666666667,76,31.30295,31.30295,"Fuchsia", , ,0,1455,1315,0,1161.7222222222,1028.2777777778,0,722,428,18,18,18,0,733,887,0,219.02130048322,225.66732557033,0,20911,18509,0,25108269,19898131
"Image 6_P3-1.czi",1,2,80599591.696674,82255,199.16349765972,184.95726095678,77,31.30295,31.30295,"Orange",0,1, , , , , , , , , , , , , , , , , , , , , , , , 
"Image 6_P3-1.czi",4,5,19597.49357405,20,92.95,120.65,77,31.30295,31.30295,"Fuchsia", , ,175,1990,689,118.15,1417.85,144.7,33,973,0,20,20,20,142,1017,689,43.297350107319,248.71909223481,214.62503410171,2363,28357,2894,314807,41381335,1293976
"Image 6_P3-1.czi",1,2,80183144.958226,81830,199.25622632286,184.75199804473,78,31.30295,31.30295,"Orange",0,1, , , , , , , , , , , , , , , , , , , , , , , , 
"Image 6_P3-1.czi",4,5,17637.744216645,18,143.33333333333,176.16666666667,78,31.30295,31.30295,"Fuchsia", , ,99,1477,720,17.222222222222,1245.8333333333,472.16666666667,0,979,169,18,18,18,99,498,551,28.6798875122,154.8966448579,190.06601020512,310,22425,8499,19322,28345693,4627071
"Image 6_P3-1.czi",1,2,79990109.646521,81633,199.14274251834,184.50202124141,79,31.30295,31.30295,"Orange",0,1, , , , , , , , , , , , , , , , , , , , , , , , 
"Image 6_P3-1.czi",4,5,38215.112469398,39,92.115384615385,117.73076923077,79,31.30295,31.30295,"Fuchsia", , ,161,2640,2496,65.615384615385,1728,770.69230769231,0,599,0,39,39,39,161,2041,2496,46.418925011145,522.40259731763,707.12666005485,2559,67392,30057,249789,126823746,42165767
"Image 6_P3-1.czi",1,2,79709865.488412,81347,199.30348384083,184.19748116095,80,31.30295,31.30295,"Orange",0,1, , , , , , , , , , , , , , , , , , , , , , , , 
"Image 6_P3-1.czi",4,5,37235.237790695,38,92.421052631579,118,80,31.30295,31.30295,"Fuchsia", , ,152,2848,2119,69,1951.1578947368,702.71052631579,0,999,0,38,38,38,152,1849,2119,45.763197771466,500.07602267006,565.27118141194,2622,74144,26703,258406,153919464,30587145
"Image 6_P3-1.czi",1,2,79416882.95948,81048,199.394445267,183.85854061791,81,31.30295,31.30295,"Orange",0,2, , , , , , , , , , , , , , , , , , , , , , , , 
"Image 6_P3-1.czi",4,5,43114.48586291,44,92.772727272727,117.59090909091,81,31.30295,31.30295,"Fuchsia", , ,145,2980,2978,63.931818181818,1960.0227272727,981.25,0,814,1,44,44,44,145,2166,2977,42.900315891542,542.33974114046,754.30174472357,2813,86241,43175,258979,181682013,66831227
"Image 6_P3-1.czi",4,6,16657.869537943,17,136.5,133.5,81,31.30295,31.30295,"Fuchsia", , ,40,1476,1411,4.0588235294118,1120.4705882353,861.58823529412,0,740,28,17,17,17,40,736,1383,10.133302696032,221.30384024206,455.95203404847,69,19048,14647,1923,22126330,15945959
"Image 6_P3-1.czi",1,2,79256183.512173,80884,199.53465456703,183.7829978735,82,31.30295,31.30295,"Orange",0,2, , , , , , , , , , , , , , , , , , , , , , , , 
"Image 6_P3-1.czi",4,5,42134.611184208,43,92.639534883721,117.63953488372,82,31.30295,31.30295,"Fuchsia", , ,143,3017,2883,65.511627906977,1970.5348837209,1113.0465116279,0,752,9,43,43,43,143,2265,2874,39.513332344933,567.24519552782,782.89000484738,2817,84733,47861,250121,180483551,79014023
"Image 6_P3-1.czi",4,6,20577.368252753,21,307.21428571429,164.78571428571,82,31.30295,31.30295,"Fuchsia", , ,106,1350,3946,57.52380952381,1040.1428571429,2969.9047619048,0,679,1603,21,21,21,106,671,2343,36.960274684611,199.86977903482,523.40451896806,1208,21843,62368,96810,23518799,190706066
"Image 6_P3-1.czi",1,2,79110182.185046,80735,199.60195082678,183.40231002663,83,31.30295,31.30295,"Orange",0,1, , , , , , , , , , , , , , , , , , , , , , , , 
"Image 6_P3-1.czi",4,5,34295.613754588,35,92.414285714286,116.95714285714,83,31.30295,31.30295,"Fuchsia", , ,140,2951,3197,62.285714285714,2067.5714285714,1429.3428571429,14,1169,71,35,35,35,126,1782,3126,32.997835426845,496.60490188019,846.09754488604,2180,72365,50027,172804,158004765,95845691
"Image 6_P3-1.czi",1,2,78992597.223602,80615,199.78971035167,183.18349562737,84,31.30295,31.30295,"Orange",0,2, , , , , , , , , , , , , , , , , , , , , , , , 
"Image 6_P3-1.czi",4,5,21557.242931455,22,92.545454545455,118.40909090909,84,31.30295,31.30295,"Fuchsia", , ,136,2784,1742,92.227272727273,2139.4090909091,977.72727272727,49,1332,157,22,22,22,87,1452,1585,27.972659812211,428.02466095964,471.31327988102,2029,47067,21510,203561,104542875,25695774
"Image 6_P3-1.czi",4,6,21557.242931455,22,167.40909090909,188.95454545455,84,31.30295,31.30295,"Fuchsia", , ,80,1372,2180,38,1056.4090909091,1356.3181818182,4,561,243,22,22,22,76,811,1937,24.340833808154,213.43799346948,614.05230011191,836,23241,29839,44210,25508675,48389443
"Image 6_P3-1.czi",1,2,78891670.131696,80512,199.97477394674,182.8877807035,85,31.30295,31.30295,"Orange",0,2, , , , , , , , , , , , , , , , , , , , , , , , 
"Image 6_P3-1.czi",4,5,44094.360541613,45,92.566666666667,117.65555555556,85,31.30295,31.30295,"Fuchsia", , ,130,2532,3604,65.022222222222,1607.0888888889,2005.7555555556,0,741,385,45,45,45,130,1791,3219,33.080816254144,502.22123983099,893.40973893067,2926,72319,90259,238406,127321013,216157453
"Image 6_P3-1.czi",4,6,17637.744216645,18,267,161.5,85,31.30295,31.30295,"Fuchsia", , ,129,2169,3239,90.888888888889,1537.7222222222,2115.7222222222,29,729,1550,18,18,18,100,1440,1689,34.015375224066,403.04222601077,460.15570325905,1636,27679,38083,168364,45324145,84172685
"Image 6_P3-1.czi",1,2,78589868.730655,80204,199.80286519376,182.64938157698,86,31.30295,31.30295,"Orange",0,3, , , , , , , , , , , , , , , , , , , , , , , , 
"Image 6_P3-1.czi",4,5,20577.368252753,21,217.07142857143,75.785714285714,86,31.30295,31.30295,"Fuchsia", , ,140,1326,3883,81.333333333333,1048.4285714286,2232.380952381,18,650,984,21,21,21,122,676,2899,35.624897660672,183.70344891389,876.56291709098,1708,22017,46880,164300,23758191,120021270
"Image 6_P3-1.czi",4,6,40174.861826803,41,92.353658536585,117.69512195122,86,31.30295,31.30295,"Fuchsia", , ,123,2217,3931,60.268292682927,1491.5609756098,2301.6341463415,0,698,738,41,41,41,123,1519,3193,34.190659828558,390.85515531847,859.57750540884,2471,61154,94367,195683,97325630,246753249
"Image 6_P3-1.czi",4,7,29396.240361075,30,218.3,120.6,86,31.30295,31.30295,"Fuchsia", , ,78,1537,1135,19.466666666667,1159.0333333333,494.03333333333,0,699,47,30,30,30,78,838,1088,23.576337250746,236.80393218621,245.61920111022,584,34771,14821,27488,41926955,9071603
"Image 6_P3-1.czi",1,2,78418390.661882,80029,200.01302652788,182.48714216097,87,31.30295,31.30295,"Orange",0,4, , , , , , , , , , , , , , , , , , , , , , , , 
"Image 6_P3-1.czi",4,5,17637.744216645,18,217,75.5,87,31.30295,31.30295,"Fuchsia", , ,131,1345,3468,69.611111111111,1077.7777777778,2056.8888888889,11,695,1148,18,18,18,120,650,2320,36.047581119614,190.86538389986,741.85196627716,1253,19400,37024,109313,21528192,85510108
"Image 6_P3-1.czi",4,6,26456.616324968,27,91.833333333333,117.72222222222,87,31.30295,31.30295,"Fuchsia", , ,113,1869,3518,58.666666666667,1405.1111111111,2592.4814814815,0,759,1432,27,27,27,113,1110,2086,31.441031496095,305.69055914228,605.93331509019,1584,37938,69997,118630,55736720,191011961
"Image 6_P3-1.czi",4,7,15677.99485924,16,306,165.5,87,31.30295,31.30295,"Fuchsia", , ,72,1604,3502,47,1264.5625,2808.5,0,849,1943,16,16,16,72,755,1559,19.442222095224,234.70491224798,485.86088543944,752,20233,44936,41014,26412189,129743668
"Image 6_P3-1.czi",4,8,18617.618895348,19,167.39473684211,188.34210526316,87,31.30295,31.30295,"Fuchsia", , ,92,1946,1988,53.736842105263,1519.052631579,1133.1578947368,23,851,484,19,19,19,69,1095,1504,21.395332059076,296.00872240981,426.78920937597,1021,28862,21530,63105,45420078,27675572
"Image 6_P3-1.czi",1,2,78306684.94851,79915,200.45717950322,182.3203090784,88,31.30295,31.30295,"Orange",0,2, , , , , , , , , , , , , , , , , , , , , , , , 
"Image 6_P3-1.czi",4,5,18617.618895348,19,218.6052631579,74.921052631579,88,31.30295,31.30295,"Fuchsia", , ,134,1311,1986,73.631578947368,1011.1052631579,1492.4736842105,0,611,1292,19,19,19,134,700,694,44.943434233509,201.12624414002,213.31389714093,1399,19211,28357,139369,20152475,43141127
"Image 6_P3-1.czi",4,6,23516.99228886,24,218.25,121.5,88,31.30295,31.30295,"Fuchsia", , ,130,1795,1141,60.791666666667,1457.8333333333,503.875,0,954,0,24,24,24,130,841,1141,44.438505792853,234.30668617947,352.67897861444,1459,34988,12093,134115,52269364,8954157
"Image 6_P3-1.czi",1,2,78237113.846322,79844,200.49693151646,182.13790641751,89,31.30295,31.30295,"Orange",0,2, , , , , , , , , , , , , , , , , , , , , , , , 
"Image 6_P3-1.czi",4,5,22537.117610158,23,218.80434782609,120.36956521739,89,31.30295,31.30295,"Fuchsia", , ,129,1902,1428,42.347826086957,1421.5217391304,619.78260869565,0,623,0,23,23,23,129,1279,1428,45.635521148704,375.27212787586,418.35771519791,974,32695,14255,87064,49574895,12685511
"Image 6_P3-1.czi",4,6,18617.618895348,19,305.5,165.5,89,31.30295,31.30295,"Fuchsia", , ,65,1495,3723,33.157894736842,1155.2105263158,2562.2105263158,0,564,745,19,19,19,65,931,2978,21.623709101855,265.3883064801,936.2157027658,630,21949,48682,29306,26623473,140510530
"Image 6_P3-1.czi",1,2,78033299.913152,79636,200.7897935607,182.08212366267,90,31.30295,31.30295,"Orange",0,0, , , , , , , , , , , , , , , , , , , , , , , , 
"Image 6_P3-1.czi",1,2,77938252.069318,79539,200.7685726499,181.74571593809,91,31.30295,31.30295,"Orange",0,0, , , , , , , , , , , , , , , , , , , , , , , , 
"Image 6_P3-1.czi",1,2,77688384.026249,79284,200.83618384542,181.63132536199,92,31.30295,31.30295,"Orange",0,1, , , , , , , , , , , , , , , , , , , , , , , , 
"Image 6_P3-1.czi",4,5,23516.99228886,24,219.125,121.125,92,31.30295,31.30295,"Fuchsia", , ,119,2024,936,36.75,1595.9583333333,428.95833333333,0,1122,0,24,24,24,119,902,936,41.640542534995,292.28388213109,315.67215783449,882,38303,10295,72294,63094879,6708051
"Image 6_P3-1.czi",1,2,77822626.857231,79421,200.85755027008,181.73683912315,93,31.30295,31.30295,"Orange",0,0, , , , , , , , , , , , , , , , , , , , , , , , 
"Image 6_P3-1.czi",1,2,77744236.882935,79341,200.83816059793,181.60255731589,94,31.30295,31.30295,"Orange",0,0, , , , , , , , , , , , , , , , , , , , , , , , 
"Image 6_P3-1.czi",1,2,77724639.389361,79321,200.80352617844,181.45907767174,95,31.30295,31.30295,"Orange",0,0, , , , , , , , , , , , , , , , , , , , , , , , 
"Image 6_P3-1.czi",1,2,77851043.222914,79450,200.70896161108,181.29847702958,96,31.30295,31.30295,"Orange",0,1, , , , , , , , , , , , , , , , , , , , , , , , 
"Image 6_P3-1.czi",4,5,23516.99228886,24,148.41666666667,198.41666666667,96,31.30295,31.30295,"Fuchsia", , ,120,1369,1770,62.416666666667,1106.1666666667,521.25,0,783,0,24,24,24,120,586,1770,35.564902907791,156.48021590928,546.40534802272,1498,26548,12510,122592,29929692,13387690
"Image 6_P3-1.czi",1,2,77737377.760184,79334,200.49452945774,181.25722893085,97,31.30295,31.30295,"Orange",0,0, , , , , , , , , , , , , , , , , , , , , , , , 
"Image 6_P3-1.czi",1,2,77695243.149,79291,200.51261177183,181.25869896962,98,31.30295,31.30295,"Orange",0,0, , , , , , , , , , , , , , , , , , , , , , , , 
"Image 6_P3-1.czi",1,2,77556100.944624,79149,200.67722270654,181.4785341571,99,31.30295,31.30295,"Orange",0,0, , , , , , , , , , , , , , , , , , , , , , , , 
"Image 6_P3-1.czi",1,2,77574718.56352,79168,200.50271574374,181.37428001213,100,31.30295,31.30295,"Orange",0,0, , , , , , , , , , , , , , , , , , , , , , , , 
"Image 6_P3-1.czi",1,2,77525724.829584,79118,200.22274324427,181.37082585505,101,31.30295,31.30295,"Orange",0,0, , , , , , , , , , , , , , , , , , , , , , , , 
"Image 6_P3-1.czi",1,2,77435576.359144,79026,199.90471490396,181.3480373548,102,31.30295,31.30295,"Orange",0,0, , , , , , , , , , , , , , , , , , , , , , , , 
"Image 6_P3-1.czi",1,2,77463992.724826,79055,199.52386945797,180.98285370944,103,31.30295,31.30295,"Orange",0,0, , , , , , , , , , , , , , , , , , , , , , , , 
"Image 6_P3-1.czi",1,2,77636450.668278,79231,199.11540306193,180.94064823112,104,31.30295,31.30295,"Orange",0,0, , , , , , , , , , , , , , , , , , , , , , , , 
"Image 6_P3-1.czi",1,2,77645269.540386,79240,198.77183240788,180.73478041393,105,31.30295,31.30295,"Orange",0,0, , , , , , , , , , , , , , , , , , , , , , , , 
"Image 6_P3-1.czi",1,2,77509066.960047,79101,198.31117811406,180.6241956486,106,31.30295,31.30295,"Orange",0,0, , , , , , , , , , , , , , , , , , , , , , , , 
"Image 6_P3-1.czi",1,2,77610973.926632,79205,197.85338678114,180.34350735433,107,31.30295,31.30295,"Orange",0,0, , , , , , , , , , , , , , , , , , , , , , , , 
"Image 6_P3-1.czi",1,2,77595295.931772,79189,197.51480003536,180.23440755661,108,31.30295,31.30295,"Orange",0,0, , , , , , , , , , , , , , , , , , , , , , , , 
"Image 6_P3-1.czi",1,2,77736397.885506,79333,197.19159114114,179.9798003353,109,31.30295,31.30295,"Orange",0,0, , , , , , , , , , , , , , , , , , , , , , , , 
"Image 6_P3-1.czi",1,2,77803029.363657,79401,196.77363635219,180.05350688279,110,31.30295,31.30295,"Orange",0,0, , , , , , , , , , , , , , , , , , , , , , , , 
"Image 6_P3-1.czi",1,2,77791270.867513,79389,196.49584325284,179.71210747081,111,31.30295,31.30295,"Orange",0,0, , , , , , , , , , , , , , , , , , , , , , , , 
"Image 6_P3-1.czi",1,2,77862801.719058,79462,196.05003649543,179.60913392565,112,31.30295,31.30295,"Orange",0,0, , , , , , , , , , , , , , , , , , , , , , , , 
"Image 6_P3-1.czi",1,2,77886318.711347,79486,195.59966534987,179.42883023426,113,31.30295,31.30295,"Orange",0,0, , , , , , , , , , , , , , , , , , , , , , , , 
"Image 6_P3-1.czi",1,2,78126388.007629,79731,195.08348697495,179.10104601723,114,31.30295,31.30295,"Orange",0,0, , , , , , , , , , , , , , , , , , , , , , , , 
