ImageDocumentName::Image Name,ParentID::ID of the parent!!I,ID::ID!!I,Area::Area!!R,CenterX1::Center X Unscaled!!R,CenterY1::Center Y Unscaled!!R,ImageIndexZ::Image Index Z!!I,Classes 5 RegionsCount ::Classes 5 Count!!I,Classes 9 RegionsCount ::Classes 9 Count!!I,IntensityMaximum_TV1-T1-SR::Intensity Maximum of channel 'TV1-T1-SR'!!R,IntensityMaximum_TV2-T2-SR::Intensity Maximum of channel 'TV2-T2-SR'!!R,IntensityMaximum_TV2-T3-SR::Intensity Maximum of channel 'TV2-T3-SR'!!R,IntensityMean_TV1-T1-SR::Intensity Mean Value of channel 'TV1-T1-SR'!!R,IntensityMean_TV2-T2-SR::Intensity Mean Value of channel 'TV2-T2-SR'!!R,IntensityMean_TV2-T3-SR::Intensity Mean Value of channel 'TV2-T3-SR'!!R,IntensityMinimum_TV1-T1-SR::Intensity Minimum of channel 'TV1-T1-SR'!!R,IntensityMinimum_TV2-T2-SR::Intensity Minimum of channel 'TV2-T2-SR'!!R,IntensityMinimum_TV2-T3-SR::Intensity Minimum of channel 'TV2-T3-SR'!!R,IntensitySum0_TV1-T1-SR::Intensity Pixel Count of channel 'TV1-T1-SR'!!R,IntensitySum0_TV2-T2-SR::Intensity Pixel Count of channel 'TV2-T2-SR'!!R,IntensitySum0_TV2-T3-SR::Intensity Pixel Count of channel 'TV2-T3-SR'!!R,IntensityRange_TV1-T1-SR::Intensity Range of channel 'TV1-T1-SR'!!R,IntensityRange_TV2-T2-SR::Intensity Range of channel 'TV2-T2-SR'!!R,IntensityRange_TV2-T3-SR::Intensity Range of channel 'TV2-T3-SR'!!R,IntensityStd_TV1-T1-SR::Intensity Standard Deviation of channel 'TV1-T1-SR'!!R,IntensityStd_TV2-T2-SR::Intensity Standard Deviation of channel 'TV2-T2-SR'!!R,IntensityStd_TV2-T3-SR::Intensity Standard Deviation of channel 'TV2-T3-SR'!!R,IntensitySum1_TV1-T1-SR::Intensity Sum of channel 'TV1-T1-SR'!!R,IntensitySum1_TV2-T2-SR::Intensity Sum of channel 'TV2-T2-SR'!!R,IntensitySum1_TV2-T3-SR::Intensity Sum of channel 'TV2-T3-SR'!!R,IntensitySum2_TV1-T1-SR::Intensity Sum Squares of channel 'TV1-T1-SR'!!R,IntensitySum2_TV2-T2-SR::Intensity Sum Squares of channel 'TV2-T2-SR'!!R,IntensitySum2_TV2-T3-SR::Intensity Sum Squares of channel 'TV2-T3-SR'!!R
,,,"nm²","pixel","pixel",,"#","#","Unknown","Unknown","Unknown","Unknown","Unknown","Unknown","Unknown","Unknown","Unknown","pixel²","pixel²","pixel²","Unknown","Unknown","Unknown","Unknown","Unknown","Unknown","Unknown","Unknown","Unknown","Unknown²","Unknown²","Unknown²"
"Image 12_Out_Channel Alignment_P4-4.czi",1,2,38087728.761166,446.76014921533,210.09382557242,7,0,0, , , , , , , , , , , , , , , , , , , , , , , , 
"Image 12_Out_Channel Alignment_P4-4.czi",1,3,31604877.88687,134.16317355987,375.4890246171,7,0,0, , , , , , , , , , , , , , , , , , , , , , , , 
"Image 12_Out_Channel Alignment_P4-4.czi",1,2,38366013.169918,446.24076722685,210.86657812739,8,0,0, , , , , , , , , , , , , , , , , , , , , , , , 
"Image 12_Out_Channel Alignment_P4-4.czi",1,3,32169285.701803,135.37072799269,375.20545233019,8,0,0, , , , , , , , , , , , , , , , , , , , , , , , 
"Image 12_Out_Channel Alignment_P4-4.czi",1,2,37804544.979021,446.30804022706,211.87624737565,9,0,0, , , , , , , , , , , , , , , , , , , , , , , , 
"Image 12_Out_Channel Alignment_P4-4.czi",1,3,33422545.415864,136.88714122372,376.15217391304,9,0,0, , , , , , , , , , , , , , , , , , , , , , , , 
"Image 12_Out_Channel Alignment_P4-4.czi",1,2,38443423.269535,448.40487599725,210.17139907731,10,0,0, , , , , , , , , , , , , , , , , , , , , , , , 
"Image 12_Out_Channel Alignment_P4-4.czi",1,3,33567566.868312,137.01145751233,377.63705228129,10,0,0, , , , , , , , , , , , , , , , , , , , , , , , 
"Image 12_Out_Channel Alignment_P4-4.czi",1,2,39002931.711074,448.33574515124,209.12214852779,11,0,0, , , , , , , , , , , , , , , , , , , , , , , , 
"Image 12_Out_Channel Alignment_P4-4.czi",1,3,33389229.676788,137.94895084373,376.99355832722,11,0,0, , , , , , , , , , , , , , , , , , , , , , , , 
"Image 12_Out_Channel Alignment_P4-4.czi",1,2,39131295.293984,446.01268311005,209.79693251534,12,0,0, , , , , , , , , , , , , , , , , , , , , , , , 
"Image 12_Out_Channel Alignment_P4-4.czi",1,3,33154059.753899,137.84304714054,378.85950938377,12,0,0, , , , , , , , , , , , , , , , , , , , , , , , 
"Image 12_Out_Channel Alignment_P4-4.czi",1,2,39612413.761227,447.6107950329,210.18591995251,13,0,0, , , , , , , , , , , , , , , , , , , , , , , , 
"Image 12_Out_Channel Alignment_P4-4.czi",1,3,34334808.741736,137.82194634703,379.76224315069,13,0,0, , , , , , , , , , , , , , , , , , , , , , , , 
"Image 12_Out_Channel Alignment_P4-4.czi",1,2,39880899.423192,449.84343980344,210.465995086,14,0,0, , , , , , , , , , , , , , , , , , , , , , , , 
"Image 12_Out_Channel Alignment_P4-4.czi",1,3,33939919.246219,136.37325692179,378.84471807605,14,0,0, , , , , , , , , , , , , , , , , , , , , , , , 
"Image 12_Out_Channel Alignment_P4-4.czi",1,2,40446287.112803,445.6167962788,210.1314170119,15,0,0, , , , , , , , , , , , , , , , , , , , , , , , 
"Image 12_Out_Channel Alignment_P4-4.czi",1,3,34363225.107418,136.8825315806,376.99345575865,15,0,0, , , , , , , , , , , , , , , , , , , , , , , , 
"Image 12_Out_Channel Alignment_P4-4.czi",1,2,41345812.067852,446.68556701031,208.73758739187,16,0,0, , , , , , , , , , , , , , , , , , , , , , , , 
"Image 12_Out_Channel Alignment_P4-4.czi",1,3,34291694.255873,138.06763630129,376.48854154761,16,0,0, , , , , , , , , , , , , , , , , , , , , , , , 
"Image 12_Out_Channel Alignment_P4-4.czi",1,2,39745676.717531,448.45291159213,209.81369261871,17,0,0, , , , , , , , , , , , , , , , , , , , , , , , 
"Image 12_Out_Channel Alignment_P4-4.czi",1,3,34016349.471157,138.27675356474,372.55588362379,17,0,0, , , , , , , , , , , , , , , , , , , , , , , , 
"Image 12_Out_Channel Alignment_P4-4.czi",1,2,41527088.883412,446.28718735253,209.07220386975,18,0,0, , , , , , , , , , , , , , , , , , , , , , , , 
"Image 12_Out_Channel Alignment_P4-4.czi",1,3,34450433.953823,138.54758518687,373.17714318221,18,0,0, , , , , , , , , , , , , , , , , , , , , , , , 
"Image 12_Out_Channel Alignment_P4-4.czi",1,2,40362997.765113,447.10744804817,210.04746067198,19,0,0, , , , , , , , , , , , , , , , , , , , , , , , 
"Image 12_Out_Channel Alignment_P4-4.czi",1,3,34545481.797657,139.0335980712,374.12632250745,19,0,0, , , , , , , , , , , , , , , , , , , , , , , , 
"Image 12_Out_Channel Alignment_P4-4.czi",1,2,40460985.232984,447.61980528916,209.37062869321,20,0,0, , , , , , , , , , , , , , , , , , , , , , , , 
"Image 12_Out_Channel Alignment_P4-4.czi",1,3,35318602.919153,139.09557762734,372.78995117079,20,0,0, , , , , , , , , , , , , , , , , , , , , , , , 
"Image 12_Out_Channel Alignment_P4-4.czi",1,2,40929365.329403,446.64443380417,210.7125688293,21,0,0, , , , , , , , , , , , , , , , , , , , , , , , 
"Image 12_Out_Channel Alignment_P4-4.czi",1,3,35081473.246907,139.2499581029,373.95005865594,21,0,0, , , , , , , , , , , , , , , , , , , , , , , , 
"Image 12_Out_Channel Alignment_P4-4.czi",1,2,42214960.907861,451.95120932176,208.30068241957,22,0,0, , , , , , , , , , , , , , , , , , , , , , , , 
"Image 12_Out_Channel Alignment_P4-4.czi",1,3,34868840.441629,139.91157791204,373.77820710974,22,0,0, , , , , , , , , , , , , , , , , , , , , , , , 
"Image 12_Out_Channel Alignment_P4-4.czi",1,2,39982806.389777,446.91902754632,207.78820703853,23,0,0, , , , , , , , , , , , , , , , , , , , , , , , 
"Image 12_Out_Channel Alignment_P4-4.czi",1,3,33961476.48915,139.58468218933,372.43026342364,23,0,0, , , , , , , , , , , , , , , , , , , , , , , , 
"Image 12_Out_Channel Alignment_P4-4.czi",1,2,40203278.192485,450.02696872944,211.23796582905,24,0,0, , , , , , , , , , , , , , , , , , , , , , , , 
"Image 12_Out_Channel Alignment_P4-4.czi",1,3,34151572.176818,139.58883022982,372.6634866439,24,0,0, , , , , , , , , , , , , , , , , , , , , , , , 
"Image 12_Out_Channel Alignment_P4-4.czi",1,2,39738817.59478,449.73794846505,208.87334484034,25,0,0, , , , , , , , , , , , , , , , , , , , , , , , 
"Image 12_Out_Channel Alignment_P4-4.czi",1,3,33931100.37411,140.57765392168,373.20298602287,25,0,0, , , , , , , , , , , , , , , , , , , , , , , , 
"Image 12_Out_Channel Alignment_P4-4.czi",1,2,40748088.513844,451.02682457617,210.49814837081,26,0,0, , , , , , , , , , , , , , , , , , , , , , , , 
"Image 12_Out_Channel Alignment_P4-4.czi",1,3,33216771.733336,139.40731290009,373.10184666214,26,0,0, , , , , , , , , , , , , , , , , , , , , , , , 
"Image 12_Out_Channel Alignment_P4-4.czi",1,2,42984162.530643,454.43607951307,210.12527640368,27,0,0, , , , , , , , , , , , , , , , , , , , , , , , 
"Image 12_Out_Channel Alignment_P4-4.czi",1,3,33215791.858657,141.37465337188,373.00749306744,27,0,0, , , , , , , , , , , , , , , , , , , , , , , , 
"Image 12_Out_Channel Alignment_P4-4.czi",1,2,41838689.031239,451.90273549112,210.96337064968,28,0,0, , , , , , , , , , , , , , , , , , , , , , , , 
"Image 12_Out_Channel Alignment_P4-4.czi",1,3,32623947.552721,140.51904247012,372.1075869526,28,0,0, , , , , , , , , , , , , , , , , , , , , , , , 
"Image 12_Out_Channel Alignment_P4-4.czi",1,2,41623116.601925,450.81934177692,208.53411177551,29,0,0, , , , , , , , , , , , , , , , , , , , , , , , 
"Image 12_Out_Channel Alignment_P4-4.czi",1,3,32215339.811702,140.7790704748,371.20277093409,29,0,0, , , , , , , , , , , , , , , , , , , , , , , , 
"Image 12_Out_Channel Alignment_P4-4.czi",1,2,42497164.815327,451.03068941665,210.19889324418,30,0,0, , , , , , , , , , , , , , , , , , , , , , , , 
"Image 12_Out_Channel Alignment_P4-4.czi",1,3,32130090.714655,140.6758462946,371.39127782861,30,0,0, , , , , , , , , , , , , , , , , , , , , , , , 
"Image 12_Out_Channel Alignment_P4-4.czi",1,2,43008659.39761,451.10095233756,210.72140709013,31,0,0, , , , , , , , , , , , , , , , , , , , , , , , 
"Image 12_Out_Channel Alignment_P4-4.czi",1,3,32022304.499998,140.96637086903,371.72496940025,31,0,0, , , , , , , , , , , , , , , , , , , , , , , , 
"Image 12_Out_Channel Alignment_P4-4.czi",1,2,40988157.810126,448.54269662921,214.22579488405,32,0,0, , , , , , , , , , , , , , , , , , , , , , , , 
"Image 12_Out_Channel Alignment_P4-4.czi",1,3,32050720.86568,141.91569598581,371.98344492342,32,0,0, , , , , , , , , , , , , , , , , , , , , , , , 
"Image 12_Out_Channel Alignment_P4-4.czi",1,2,41310536.579419,448.61779216775,213.48318271306,33,0,0, , , , , , , , , , , , , , , , , , , , , , , , 
"Image 12_Out_Channel Alignment_P4-4.czi",1,3,31482393.552033,140.64980235924,370.4931837281,33,0,0, , , , , , , , , , , , , , , , , , , , , , , , 
"Image 12_Out_Channel Alignment_P4-4.czi",1,2,42839141.078195,449.1962647819,212.89710423386,34,0,0, , , , , , , , , , , , , , , , , , , , , , , , 
"Image 12_Out_Channel Alignment_P4-4.czi",1,3,31055168.192118,140.07362824599,370.61393683148,34,0,0, , , , , , , , , , , , , , , , , , , , , , , , 
"Image 12_Out_Channel Alignment_P4-4.czi",1,2,41928837.50168,451.49212432811,214.58868894602,35,0,0, , , , , , , , , , , , , , , , , , , , , , , , 
"Image 12_Out_Channel Alignment_P4-4.czi",1,3,31043409.695974,139.91030901802,371.48118746252,35,0,0, , , , , , , , , , , , , , , , , , , , , , , , 
"Image 12_Out_Channel Alignment_P4-4.czi",1,2,41643693.970178,449.45988140897,214.98641144498,36,0,0, , , , , , , , , , , , , , , , , , , , , , , , 
"Image 12_Out_Channel Alignment_P4-4.czi",1,3,31044389.570653,139.68568903478,370.49450792248,36,0,0, , , , , , , , , , , , , , , , , , , , , , , , 
"Image 12_Out_Channel Alignment_P4-4.czi",1,2,41139058.510646,449.970703125,212.85885099085,37,0,0, , , , , , , , , , , , , , , , , , , , , , , , 
"Image 12_Out_Channel Alignment_P4-4.czi",1,3,30713191.929251,139.60643185299,371.15929683512,37,0,0, , , , , , , , , , , , , , , , , , , , , , , , 
"Image 12_Out_Channel Alignment_P4-4.czi",1,2,41421262.418112,449.88919379258,209.69294095382,38,0,0, , , , , , , , , , , , , , , , , , , , , , , , 
"Image 12_Out_Channel Alignment_P4-4.czi",1,3,30763165.537865,138.7695970696,370.53455964326,38,0,0, , , , , , , , , , , , , , , , , , , , , , , , 
"Image 12_Out_Channel Alignment_P4-4.czi",1,2,45173202.562864,454.35022016876,213.93053296024,39,0,0, , , , , , , , , , , , , , , , , , , , , , , , 
"Image 12_Out_Channel Alignment_P4-4.czi",1,3,30776883.783367,139.03239517336,370.27216721322,39,0,0, , , , , , , , , , , , , , , , , , , , , , , , 
"Image 12_Out_Channel Alignment_P4-4.czi",1,2,44879240.159253,449.47989126875,209.95573240759,40,0,0, , , , , , , , , , , , , , , , , , , , , , , , 
"Image 12_Out_Channel Alignment_P4-4.czi",1,3,30524076.116262,138.46764148824,369.06306378607,40,0,1, , , , , , , , , , , , , , , , , , , , , , , , 
"Image 12_Out_Channel Alignment_P4-4.czi",7,8,31355.98971848,121.40625,332.34375, , , ,2925,15586,8319,2140.84375,12069.75,5289,1054,7292,2629,32,32,32,1871,8294,5690,457.40425470009,2255.9030235391,1660.7151199641,68507,386232,169248,153148561,4819485734,980649888
"Image 12_Out_Channel Alignment_P4-4.czi",1,2,43202674.583993,448.12116126106,211.79460195056,41,0,0, , , , , , , , , , , , , , , , , , , , , , , , 
"Image 12_Out_Channel Alignment_P4-4.czi",1,3,30138985.367532,138.6770271149,368.28529163145,41,0,1, , , , , , , , , , , , , , , , , , , , , , , , 
"Image 12_Out_Channel Alignment_P4-4.czi",7,8,29396.240361075,121.83333333333,332.53333333333, , , ,3260,15506,9918,2235.5666666667,12675.433333333,6658.0666666667,1394,9897,2939,30,30,30,1866,5609,6979,422.14539767906,1610.0035485789,1853.8908373423,67067,380263,199742,155100745,4895169537,1429565978
"Image 12_Out_Channel Alignment_P4-4.czi",1,2,43245789.069856,446.89142157973,212.21246657906,42,0,0, , , , , , , , , , , , , , , , , , , , , , , , 
"Image 12_Out_Channel Alignment_P4-4.czi",1,3,29464831.588584,139.42540738277,366.84090455604,42,0,0, , , , , , , , , , , , , , , , , , , , , , , , 
"Image 12_Out_Channel Alignment_P4-4.czi",1,2,46290259.696585,448.60567092145,217.58765690819,43,0,0, , , , , , , , , , , , , , , , , , , , , , , , 
"Image 12_Out_Channel Alignment_P4-4.czi",1,3,28955296.755659,139.64087986464,366.64930626058,43,0,2, , , , , , , , , , , , , , , , , , , , , , , , 
"Image 12_Out_Channel Alignment_P4-4.czi",7,8,19597.49357405,108,347, , , ,4578,21077,2077,3212.85,16377.95,361.6,1936,12881,0,20,20,20,2642,8196,2077,700.31513770963,2653.3127550886,620.18633872155,64257,327559,7232,215766487,5498506227,9923082
"Image 12_Out_Channel Alignment_P4-4.czi",7,9,25476.741646265,173.26923076923,401.84615384615, , , ,3702,15608,5083,2882.0769230769,12255.307692308,4449.3846153846,2107,7585,3232,26,26,26,1595,8023,1851,486.34653678849,2233.9058667586,489.9053032514,74934,318638,115684,221878876,4029765118,520722790
"Image 12_Out_Channel Alignment_P4-4.czi",1,2,44843964.67082,447.94219381624,216.912891948,44,0,0, , , , , , , , , , , , , , , , , , , , , , , , 
"Image 12_Out_Channel Alignment_P4-4.czi",1,3,28350714.078899,139.24226661598,365.29811979401,44,0,3, , , , , , , , , , , , , , , , , , , , , , , , 
"Image 12_Out_Channel Alignment_P4-4.czi",7,8,25476.741646265,108.07692307692,346.96153846154, , , ,5116,24109,2020,3411.8461538462,16726.307692308,443.23076923077,1473,5975,0,26,26,26,3643,18134,2020,932.7278570862,4625.8613188831,658.04852755354,88708,434884,11524,324407580,7808968418,15933488
"Image 12_Out_Channel Alignment_P4-4.czi",7,9,20577.368252753,86.309523809524,368.5, , , ,4646,16037,8224,2430.0952380952,11414.666666667,4777.4761904762,181,7003,651,21,21,21,4465,9034,7573,1403.8532296776,3011.6984632153,2322.0646334469,51032,239708,100327,163428698,2917593470,587149537
"Image 12_Out_Channel Alignment_P4-4.czi",7,10,20577.368252753,173.02380952381,402.40476190476, , , ,3486,17568,5476,2652.0952380952,14272.190476191,4580,1908,8325,3589,21,21,21,1578,9243,1887,569.05508562545,2212.0774538666,484.1959314162,55694,299716,96180,154182266,4375469574,445193314
"Image 12_Out_Channel Alignment_P4-4.czi",1,2,43789619.516536,444.58541251762,212.18115196133,45,0,0, , , , , , , , , , , , , , , , , , , , , , , , 
"Image 12_Out_Channel Alignment_P4-4.czi",1,3,27792185.512039,139.41633466136,365.76146740472,45,0,3, , , , , , , , , , , , , , , , , , , , , , , , 
"Image 12_Out_Channel Alignment_P4-4.czi",7,8,20577.368252753,107.88095238095,347.07142857143, , , ,5374,23708,1699,3578.4761904762,17935.714285714,364.61904761905,1878,12185,0,21,21,21,3496,11523,1699,984.02238892454,3352.4529100773,551.03869883979,75148,376650,7657,288281330,6980265596,8864761
"Image 12_Out_Channel Alignment_P4-4.czi",7,9,26456.616324968,86.203703703704,368.01851851852, , , ,5293,15915,8566,2912.6296296296,11029.37037037,5442.6296296296,0,5900,1032,27,27,27,5293,10015,7534,1537.545124995,2950.1524230264,2212.814013321,78641,297793,146951,290517277,3510757673,927110059
"Image 12_Out_Channel Alignment_P4-4.czi",7,10,20577.368252753,173.35714285714,402.69047619048, , , ,3228,17978,5879,2290.8571428571,14971.857142857,4591.8095238095,1702,12244,3900,21,21,21,1526,5734,1979,518.00601209969,1791.8121074966,534.22922224899,48108,314409,96428,115575160,4771498445,448487026
"Image 12_Out_Channel Alignment_P4-4.czi",1,2,43940520.217056,444.82194545414,213.15655732221,46,0,0, , , , , , , , , , , , , , , , , , , , , , , , 
"Image 12_Out_Channel Alignment_P4-4.czi",1,3,27299308.548652,139.06866475233,365.40588657574,46,0,2, , , , , , , , , , , , , , , , , , , , , , , , 
"Image 12_Out_Channel Alignment_P4-4.czi",7,8,20577.368252753,85.880952380952,367.92857142857, , , ,5408,15227,8845,3461.8571428571,11079.476190476,5777.8095238095,469,7410,2259,21,21,21,4939,7817,6586,1491.180950982,2480.437050583,1836.1033636222,72699,232669,121334,296145965,2700902005,768470252
"Image 12_Out_Channel Alignment_P4-4.czi",7,9,20577.368252753,173.59523809524,402.78571428571, , , ,3671,17267,6210,2229.9047619048,14338.80952381,4503.6666666667,1600,11469,3552,21,21,21,2071,5798,2658,556.11652598731,1707.4816139288,720.94842626455,46828,301115,94577,110607292,4375940499,436338615
"Image 12_Out_Channel Alignment_P4-4.czi",1,2,43464301.123207,443.72161101968,213.78387853101,47,0,0, , , , , , , , , , , , , , , , , , , , , , , , 
"Image 12_Out_Channel Alignment_P4-4.czi",1,3,26988688.275503,138.59512398795,364.94472279708,47,0,1, , , , , , , , , , , , , , , , , , , , , , , , 
"Image 12_Out_Channel Alignment_P4-4.czi",7,8,20577.368252753,151.78571428571,375.88095238095, , , ,4953,19353,8364,2934.7619047619,15560.238095238,4799.6190476191,1915,12330,963,21,21,21,3038,7023,7401,983.27788059947,2230.0457148848,2523.1827019895,61630,326765,100792,200206084,5184003279,611092222
"Image 12_Out_Channel Alignment_P4-4.czi",1,2,44689144.471585,445.4497226303,212.19697634135,48,0,0, , , , , , , , , , , , , , , , , , , , , , , , 
"Image 12_Out_Channel Alignment_P4-4.czi",1,3,26664349.756852,138.38262531236,364.90452741438,48,1,2, , , , , , , , , , , , , , , , , , , , , , , , 
"Image 12_Out_Channel Alignment_P4-4.czi",5,6,23516.99228886,198.08333333333,372.70833333333,48, , ,5308,2073,6839,4468.1666666667,821.58333333333,5153.2083333333,2966,0,2567,24,24,24,2342,2073,4272,652.93635528891,594.00841134922,1140.7503624776,107236,19718,123677,488953816,24315438,667263509
"Image 12_Out_Channel Alignment_P4-4.czi",8,9,27436.49100367,118.46428571429,260.46428571429, , , ,3603,18751,8126,2529.4642857143,15247.428571429,4141.6428571429,631,12262,60,28,28,28,2972,6489,8066,950.37690309503,1950.9407119069,2408.5699340032,70825,426928,115966,203536147,6612320766,636922402
"Image 12_Out_Channel Alignment_P4-4.czi",8,10,21557.242931455,151.90909090909,375.86363636364, , , ,4970,19133,9518,2959.6363636364,15025.863636364,4987.4090909091,1345,9247,1709,22,22,22,3625,9886,7809,1011.8937242077,2574.7812351909,2308.0846864692,65112,330569,109723,214210350,5106304183,659105841
"Image 12_Out_Channel Alignment_P4-4.czi",1,2,42274733.263262,443.71247942888,213.62722805554,49,0,0, , , , , , , , , , , , , , , , , , , , , , , , 
"Image 12_Out_Channel Alignment_P4-4.czi",1,3,26563422.664946,138.62696890332,365.25908369914,49,0,1, , , , , , , , , , , , , , , , , , , , , , , , 
"Image 12_Out_Channel Alignment_P4-4.czi",7,8,34295.613754588,118.12857142857,260.18571428571, , , ,3480,21504,8810,2321.7714285714,16720.914285714,4673.3714285714,576,11604,35,35,35,35,2904,9900,8775,1050.6913434304,2783.0851519537,2481.5479050468,81262,585232,163568,226206168,10048963250,973788738
"Image 12_Out_Channel Alignment_P4-4.czi",1,2,43079210.374477,445.24827131289,213.08636611773,50,0,0, , , , , , , , , , , , , , , , , , , , , , , , 
"Image 12_Out_Channel Alignment_P4-4.czi",1,3,26610456.649524,138.51690171963,365.08507935339,50,0,1, , , , , , , , , , , , , , , , , , , , , , , , 
"Image 12_Out_Channel Alignment_P4-4.czi",7,8,36255.363111993,117.85135135135,260.06756756757, , , ,3457,22826,9362,2281.0540540541,17640.216216216,5435,594,12213,363,37,37,37,2863,10613,8999,1003.5787613986,3087.7475981255,2529.3190453822,84399,652688,201095,228776813,11856788110,1323259699
"Image 12_Out_Channel Alignment_P4-4.czi",1,2,43040995.262007,443.98885600455,212.59859988617,51,0,0, , , , , , , , , , , , , , , , , , , , , , , , 
"Image 12_Out_Channel Alignment_P4-4.czi",1,3,26562442.790267,138.49516747824,364.57695145345,51,0,1, , , , , , , , , , , , , , , , , , , , , , , , 
"Image 12_Out_Channel Alignment_P4-4.czi",7,8,38215.112469398,117.96153846154,259.98717948718, , , ,3836,22102,9880,2438.358974359,17020.820512821,5921.2051282051,675,11902,924,39,39,39,3161,10200,8956,975.82282384445,3022.0943232327,2445.6688696496,95096,663812,230927,268062932,11645680962,1594655393
"Image 12_Out_Channel Alignment_P4-4.czi",1,2,43504475.985034,444.76170097752,214.15782242443,52,0,0, , , , , , , , , , , , , , , , , , , , , , , , 
"Image 12_Out_Channel Alignment_P4-4.czi",1,3,26636913.265849,138.50636403767,364.79020747499,52,0,1, , , , , , , , , , , , , , , , , , , , , , , , 
"Image 12_Out_Channel Alignment_P4-4.czi",7,8,30376.115039778,117.95161290323,259.72580645161, , , ,4117,18869,10331,2460.0322580645,15888.129032258,6304.5161290323,935,12550,2045,31,31,31,3182,6319,8286,997.03863127668,1954.4754580524,2123.9609047087,76261,492532,195440,217427101,7940011198,1367490930
"Image 12_Out_Channel Alignment_P4-4.czi",1,2,42752912.106469,444.26908620018,212.94067291605,53,0,0, , , , , , , , , , , , , , , , , , , , , , , , 
"Image 12_Out_Channel Alignment_P4-4.czi",1,3,26457596.199646,138.77847116774,364.36874560202,53,0,1, , , , , , , , , , , , , , , , , , , , , , , , 
"Image 12_Out_Channel Alignment_P4-4.czi",7,8,21557.242931455,117.72727272727,259.81818181818, , , ,3917,14611,10753,2345.7727272727,13123.272727273,7016.3636363636,1174,11138,3716,22,22,22,2743,3473,7037,880.49623085741,883.30284844889,1916.3517806463,51607,288712,154360,137339039,3805231018,1160166378
"Image 12_Out_Channel Alignment_P4-4.czi",1,2,43089009.121264,444.19470596261,211.63175967617,54,0,0, , , , , , , , , , , , , , , , , , , , , , , , 
"Image 12_Out_Channel Alignment_P4-4.czi",1,3,26480133.317256,139.02908525755,365.22964772055,54,0,0, , , , , , , , , , , , , , , , , , , , , , , , 
"Image 12_Out_Channel Alignment_P4-4.czi",1,2,42676481.88153,443.51269717356,210.42974077561,55,0,0, , , , , , , , , , , , , , , , , , , , , , , , 
"Image 12_Out_Channel Alignment_P4-4.czi",1,3,26280238.882801,139.00641312453,365.10279642058,55,0,1, , , , , , , , , , , , , , , , , , , , , , , , 
"Image 12_Out_Channel Alignment_P4-4.czi",7,8,19597.49357405,132.05,367, , , ,6779,14019,4485,5852.45,12421.15,650.55,5107,9790,0,20,20,20,1672,4229,4485,432.38670253179,1259.6229291674,1223.9717693253,117049,248423,13011,688575627,3115845695,36928337
"Image 12_Out_Channel Alignment_P4-4.czi",1,2,41818111.662987,443.43380509408,210.29012114254,56,0,0, , , , , , , , , , , , , , , , , , , , , , , , 
"Image 12_Out_Channel Alignment_P4-4.czi",1,3,26620255.396311,139.0848639894,367.21855560055,56,0,0, , , , , , , , , , , , , , , , , , , , , , , , 
"Image 12_Out_Channel Alignment_P4-4.czi",1,2,41939616.123146,442.56205462489,210.58161024275,57,0,0, , , , , , , , , , , , , , , , , , , , , , , , 
"Image 12_Out_Channel Alignment_P4-4.czi",1,3,26446817.578181,139.51926639496,367.71608002964,57,0,0, , , , , , , , , , , , , , , , , , , , , , , , 
"Image 12_Out_Channel Alignment_P4-4.czi",1,2,41286039.712451,443.30709165994,209.98941472445,58,0,0, , , , , , , , , , , , , , , , , , , , , , , , 
"Image 12_Out_Channel Alignment_P4-4.czi",1,3,26639852.889885,137.82055761945,368.1165078898,58,0,0, , , , , , , , , , , , , , , , , , , , , , , , 
"Image 12_Out_Channel Alignment_P4-4.czi",1,2,41261542.845484,442.48686741552,210.76438528581,59,0,0, , , , , , , , , , , , , , , , , , , , , , , , 
"Image 12_Out_Channel Alignment_P4-4.czi",1,3,26750578.728578,137.78886446886,369.38886446886,59,0,1, , , , , , , , , , , , , , , , , , , , , , , , 
"Image 12_Out_Channel Alignment_P4-4.czi",7,8,22537.117610158,171.76086956522,447.32608695652, , , ,7447,22860,5433,5913.5652173913,16581.173913044,2719.2173913044,4950,10480,384,23,23,23,2497,12380,5049,724.93308945704,3452.4953512203,1309.7917237805,136012,381367,62542,815877448,6585746483,207807490
"Image 12_Out_Channel Alignment_P4-4.czi",1,2,40727511.145591,442.46626888654,210.40693869695,60,0,0, , , , , , , , , , , , , , , , , , , , , , , , 
"Image 12_Out_Channel Alignment_P4-4.czi",1,3,26778995.094261,137.27672069962,369.72368180321,60,0,1, , , , , , , , , , , , , , , , , , , , , , , , 
"Image 12_Out_Channel Alignment_P4-4.czi",7,8,62711.97943696,169.984375,442.109375, , , ,7793,27165,5312,5740.96875,13691.609375,1750.984375,3915,1362,0,64,64,64,3878,25803,5312,995.36289894452,5876.402618429,1280.2223578216,367422,876263,112063,2171775300,14172973493,299475627
"Image 12_Out_Channel Alignment_P4-4.czi",1,2,41717184.57108,444.09346079767,211.96904213839,61,0,0, , , , , , , , , , , , , , , , , , , , , , , , 
"Image 12_Out_Channel Alignment_P4-4.czi",1,3,26743719.605827,136.95938519034,369.89713479647,61,0,5, , , , , , , , , , , , , , , , , , , , , , , , 
"Image 12_Out_Channel Alignment_P4-4.czi",7,8,22537.117610158,129.5,272.67391304348, , , ,5809,21408,7220,5133.347826087,16704.304347826,4075.1304347826,3869,12421,1996,23,23,23,1940,8987,5224,619.6453977658,2584.3208961101,1482.4123860159,118067,384199,93728,614526107,6564708745,430299848
"Image 12_Out_Channel Alignment_P4-4.czi",7,9,20577.368252753,136.35714285714,289.69047619048, , , ,4938,19926,9613,2605.7619047619,15491.904761905,8591.1428571429,1420,10800,7150,21,21,21,3518,9126,2463,1060.1358358608,2579.3512731841,737.00870318567,54721,325330,180414,165067657,5173042436,1560826084
"Image 12_Out_Channel Alignment_P4-4.czi",7,10,19597.49357405,126.45,384.6, , , ,4852,19856,6692,4283,15167.95,5304.35,2761,10673,4506,20,20,20,2091,9183,2186,551.06547514314,2649.6912724832,647.24739230228,85660,303359,106087,372651570,4734730557,570682233
"Image 12_Out_Channel Alignment_P4-4.czi",7,11,21557.242931455,104.36363636364,392.36363636364, , , ,3505,15919,3062,2329.2272727273,12042.727272727,2379.5,1444,8155,1557,22,22,22,2061,7764,1505,640.39600336475,2442.3305650023,469.81746708797,51243,264940,52349,127968841,3315864714,129199743
"Image 12_Out_Channel Alignment_P4-4.czi",7,12,93088.094476738,169.58421052632,441.06842105263, , , ,7854,28625,5604,4935.0842105263,13318.010526316,1807.252631579,2343,306,0,95,95,95,5511,28319,5604,1116.5916667609,6389.5176465213,1316.2933124629,468833,1265211,171689,2430927369,20687731377,473152437
"Image 12_Out_Channel Alignment_P4-4.czi",1,2,39600655.265083,442.83988221903,208.19332409561,62,0,0, , , , , , , , , , , , , , , , , , , , , , , , 
"Image 12_Out_Channel Alignment_P4-4.czi",1,3,26380186.100029,136.55055345071,369.96653294703,62,0,4, , , , , , , , , , , , , , , , , , , , , , , , 
"Image 12_Out_Channel Alignment_P4-4.czi",7,8,29396.240361075,129.2,272.5, , , ,5727,25169,7161,5033.1333333333,17969.766666667,4015.3666666667,3561,12038,2469,30,30,30,2166,13131,4692,615.95385705667,3968.9895412008,1344.3982754335,150994,539093,120461,770975510,10144208883,536109879
"Image 12_Out_Channel Alignment_P4-4.czi",7,9,29396.240361075,136.1,289.7, , , ,5134,23691,9173,2939.5333333333,16672.466666667,8569.8666666667,1552,8098,7625,30,30,30,3582,15593,1548,1215.528967678,4115.2289057993,467.29483665863,88186,500174,257096,302073496,8830252502,2209611010
"Image 12_Out_Channel Alignment_P4-4.czi",7,10,22537.117610158,103.84782608696,392.58695652174, , , ,3525,17144,4119,2207.9565217391,12687.739130435,3074.7826086957,807,8759,1981,23,23,23,2718,8385,2138,802.89309139233,2752.0666154958,608.84629770513,50783,291818,70720,126308677,3869135812,225603890
"Image 12_Out_Channel Alignment_P4-4.czi",7,11,101906.96658506,169.11538461539,440.68269230769, , , ,7747,26700,5764,4385.4423076923,13732.355769231,1873.4326923077,1903,248,0,104,104,104,5844,26452,5764,1109.1338510531,6206.8543522359,1319.5531515242,456086,1428165,194837,2126847164,23580149095,544359719
"Image 12_Out_Channel Alignment_P4-4.czi",1,2,39282195.994505,442.62951183617,207.48897453167,63,0,0, , , , , , , , , , , , , , , , , , , , , , , , 
"Image 12_Out_Channel Alignment_P4-4.czi",1,3,26882861.810203,136.48308729725,372.5064516129,63,0,4, , , , , , , , , , , , , , , , , , , , , , , , 
"Image 12_Out_Channel Alignment_P4-4.czi",7,8,29396.240361075,128.83333333333,272.3, , , ,5704,27911,6129,4974.3,19264.4,3721,3576,13042,2110,30,30,30,2128,14869,4019,615.38152729663,4570.4076449896,1095.757083576,149229,577932,111630,753291953,11739283376,450195054
"Image 12_Out_Channel Alignment_P4-4.czi",7,9,30376.115039778,135.6935483871,289.72580645161, , , ,5896,25508,9226,3208.935483871,17726.806451613,8486.3225806452,1693,11842,7285,31,31,31,4203,13666,1941,1327.2994873171,4149.7185721392,480.30826123069,99477,549531,263076,372066993,10258034603,2239468680
"Image 12_Out_Channel Alignment_P4-4.czi",7,10,20577.368252753,83.452380952381,300.26190476191, , , ,4978,15002,13521,3978.0952380952,12252.428571429,10245.333333333,2822,4577,5966,21,21,21,2156,10425,7555,533.96160018881,2380.0771115959,2043.9412744336,83540,257301,215152,338032376,3265857465,2287857876
"Image 12_Out_Channel Alignment_P4-4.czi",7,11,96027.718512845,168.90816326531,440.72448979592, , , ,7476,24186,6065,3811.0714285714,13775.408163265,1890.2346938776,1055,337,0,98,98,98,6421,23849,6065,1257.2411807597,5725.3950871403,1434.4057773314,373485,1349990,185243,1576701585,21776337710,549732179
"Image 12_Out_Channel Alignment_P4-4.czi",1,2,39433096.695025,443.20715403921,207.56423477375,64,0,0, , , , , , , , , , , , , , , , , , , , , , , , 
"Image 12_Out_Channel Alignment_P4-4.czi",1,3,26444857.828823,135.32925744776,373.28820216393,64,0,3, , , , , , , , , , , , , , , , , , , , , , , , 
"Image 12_Out_Channel Alignment_P4-4.czi",7,8,28416.365682373,128.53448275862,272.29310344828, , , ,5641,28090,5478,4898.4482758621,19152.448275862,3333.5862068966,3517,12611,1611,29,29,29,2124,15479,3867,620.57632120743,4780.1457283988,1024.1238596005,142055,555421,96674,706632289,11277466183,351638344
"Image 12_Out_Channel Alignment_P4-4.czi",7,9,25476.741646265,135.46153846154,289.80769230769, , , ,5686,23842,10222,3365.2307692308,17632.923076923,8717.7307692308,1869,12190,6762,26,26,26,3817,11652,3460,1143.6135119066,3340.3664699919,787.9507881939,87496,458456,226661,327140528,8362870586,1991491235
"Image 12_Out_Channel Alignment_P4-4.czi",7,10,85249.097047118,168.13218390805,439.90229885058, , , ,5839,22481,4723,3146.4482758621,12733.264367816,1833.7931034483,968,672,0,87,87,87,4871,21809,4723,1059.9603300894,5268.8615037384,1316.8584986753,273741,1107794,159540,957934265,16493271400,441697354
"Image 12_Out_Channel Alignment_P4-4.czi",1,2,40038659.246463,441.96161376374,207.57527960647,65,1,1, , , , , , , , , , , , , , , , , , , , , , , , 
"Image 12_Out_Channel Alignment_P4-4.czi",1,3,26111700.438064,134.47421945362,373.45842089463,65,0,3, , , , , , , , , , , , , , , , , , , , , , , , 
"Image 12_Out_Channel Alignment_P4-4.czi",4,5,50953.48329253,407.75,186.11538461539,65, , ,16039,2787,9242,12412.057692308,530.17307692308,6224.1730769231,9494,0,4578,52,52,52,6545,2787,4664,1885.4015790418,807.02843260051,1168.9166715995,645427,27569,323657,8192368855,47832381,2084181861
"Image 12_Out_Channel Alignment_P4-4.czi",7,8,20577.368252753,415.64285714286,166.5, , , ,5137,17452,7098,3327.0476190476,14315.666666667,5035.9523809524,2137,11338,3133,21,21,21,3000,6114,3965,826.01225633706,1848.483170963,1293.7384386417,69868,300629,105755,246100088,4372042355,566052327
"Image 12_Out_Channel Alignment_P4-4.czi",9,10,23516.99228886,128.375,272.33333333333, , , ,5483,25682,4918,4728,18463.25,2956.9583333333,3561,12726,1636,24,24,24,1922,12956,3282,562.47241478254,3965.0295053456,839.79466844279,113472,443118,70967,543772246,8542991970,226067329
"Image 12_Out_Channel Alignment_P4-4.czi",9,11,21557.242931455,135.36363636364,289.54545454546, , , ,5268,19148,10411,3346.5,14956.5,8927.5,1977,9620,7091,22,22,22,3291,9528,3320,1003.4415896352,2360.4105726396,880.40914460537,73623,329043,196405,267524165,5038333929,1769683163
"Image 12_Out_Channel Alignment_P4-4.czi",9,12,42134.611184208,166.77906976744,438.63953488372, , , ,4406,17887,4383,2527.9302325581,14525.627906977,2156.0697674419,970,11340,96,43,43,43,3436,6547,4287,851.696497344,1479.1614745436,1312.6317692648,108701,624602,92711,305254795,9164628826,272257475
"Image 12_Out_Channel Alignment_P4-4.czi",1,2,39149912.91288,442.11583320819,206.77771937728,66,1,0, , , , , , , , , , , , , , , , , , , , , , , , 
"Image 12_Out_Channel Alignment_P4-4.czi",1,3,26384105.598744,132.79915323479,372.58683057268,66,0,0, , , , , , , , , , , , , , , , , , , , , , , , 
"Image 12_Out_Channel Alignment_P4-4.czi",4,5,59772.355400853,407.53278688525,185.74590163934,66, , ,18389,2889,8687,13478.065573771,449.70491803279,6314.9180327869,9661,0,4284,61,61,61,8728,2889,4403,2575.6276055158,779.40655510592,970.84398497874,822162,27432,385210,11479184802,48784780,2489121858
"Image 12_Out_Channel Alignment_P4-4.czi",1,2,39944591.277307,442.010217098,208.11633754446,67,1,0, , , , , , , , , , , , , , , , , , , , , , , , 
"Image 12_Out_Channel Alignment_P4-4.czi",1,3,26172452.668144,133.04256832647,373.15818045676,67,0,0, , , , , , , , , , , , , , , , , , , , , , , , 
"Image 12_Out_Channel Alignment_P4-4.czi",4,5,61732.104758258,407.3253968254,185.57936507937,67, , ,19991,2571,8384,14190.015873016,343.25396825397,6249.0952380952,9453,0,3540,63,63,63,10538,2571,4844,2987.7641737273,684.64045115888,1043.8626425876,893971,21625,393693,13238920235,36484285,2527783303
"Image 12_Out_Channel Alignment_P4-4.czi",1,2,38796178.153868,442.23712524941,206.11902356477,68,1,1, , , , , , , , , , , , , , , , , , , , , , , , 
"Image 12_Out_Channel Alignment_P4-4.czi",1,3,26294937.002982,132.35723868083,373.24678591392,68,0,0, , , , , , , , , , , , , , , , , , , , , , , , 
"Image 12_Out_Channel Alignment_P4-4.czi",4,5,63691.854115663,407.33076923077,185.57692307692,68, , ,20169,2074,8135,14028.507692308,253.21538461539,6001.2153846154,9697,0,2856,65,65,65,10472,2074,5279,3110.4672233599,537.856465876,1112.1919586495,911853,16459,390079,13411137231,22682205,2420114237
"Image 12_Out_Channel Alignment_P4-4.czi",7,8,32335.864397183,416.95454545455,141.83333333333, , , ,5885,19793,3114,4071.8787878788,14340.303030303,2410.7575757576,3012,7328,1252,33,33,33,2873,12465,1862,623.39121733345,3190.208540253,512.91257967995,134372,473230,79555,559582228,7111939380,200206357
"Image 12_Out_Channel Alignment_P4-4.czi",1,2,38960797.09989,442.31579940142,205.69161992908,69,1,1, , , , , , , , , , , , , , , , , , , , , , , , 
"Image 12_Out_Channel Alignment_P4-4.czi",1,3,26423300.585892,131.47889935474,373.9126678039,69,0,0, , , , , , , , , , , , , , , , , , , , , , , , 
"Image 12_Out_Channel Alignment_P4-4.czi",4,5,59772.355400853,407.36885245902,185.61475409836,69, , ,18881,1815,7963,13374.032786885,229.22950819672,5677.4262295082,9541,0,2364,61,61,61,9340,1815,5599,2818.3113795747,478.80912666889,1096.8094252424,815816,13983,346323,11387322674,16960807,2038402739
"Image 12_Out_Channel Alignment_P4-4.czi",7,8,30376.115039778,416.95161290323,141.40322580645, , , ,5078,23520,3225,3827.6129032258,17256.774193548,2292.6774193548,2783,12148,938,31,31,31,2295,11372,2287,565.18089596278,3434.6717136642,661.75878722773,118656,534960,71073,463752120,9585593016,176085203
"Image 12_Out_Channel Alignment_P4-4.czi",1,2,39432116.820346,442.51548133791,205.59336017097,70,1,1, , , , , , , , , , , , , , , , , , , , , , , , 
"Image 12_Out_Channel Alignment_P4-4.czi",1,3,26535006.299264,130.97079025111,374.15664697194,70,0,1, , , , , , , , , , , , , , , , , , , , , , , , 
"Image 12_Out_Channel Alignment_P4-4.czi",4,5,42134.611184208,407.54651162791,185.59302325581,70, , ,16408,2037,7143,12852.581395349,336.3488372093,5191.0465116279,9655,0,2953,43,43,43,6753,2037,4190,1925.4573387783,590.52562880236,913.64398488607,552661,14463,223215,7258830697,19510875,1193778751
"Image 12_Out_Channel Alignment_P4-4.czi",7,8,32335.864397183,416.86363636364,141.37878787879, , , ,5018,25404,2974,3759.696969697,17728.909090909,1890.9393939394,2709,8537,148,33,33,33,2309,16867,2826,573.36547489627,4221.0071988481,782.40318647876,124070,585054,62401,476985538,10942510036,137585461
"Image 12_Out_Channel Alignment_P4-4.czi",9,10,20577.368252753,104.7380952381,286.5, , , ,5776,15941,5754,4308.8095238095,13673.761904762,4785.3333333333,3469,11244,3503,21,21,21,2307,4697,2251,630.37208211085,1312.9119507706,601.60413340779,90485,287149,100492,397830009,3960881813,488126268
"Image 12_Out_Channel Alignment_P4-4.czi",1,2,39000971.961717,442.75048992513,204.83845032913,71,0,2, , , , , , , , , , , , , , , , , , , , , , , , 
"Image 12_Out_Channel Alignment_P4-4.czi",1,3,26768216.472795,131.51372721283,374.18701954755,71,0,1, , , , , , , , , , , , , , , , , , , , , , , , 
"Image 12_Out_Channel Alignment_P4-4.czi",6,7,31355.98971848,416.375,140.625, , , ,6442,24459,2568,4090.40625,17149.15625,1282.09375,2902,12116,0,32,32,32,3540,12343,2568,1005.0165095539,3705.6319221612,851.77110962129,130893,548773,41027,566717349,9836676869,75091395
"Image 12_Out_Channel Alignment_P4-4.czi",6,8,29396.240361075,432.8,165.83333333333, , , ,2959,20337,7592,2075.9333333333,14826.166666667,4487.5333333333,1261,10157,2350,30,30,30,1698,10180,5242,524.13692165662,3060.2171331948,1370.7977474332,62278,444785,134626,137251842,6866039479,658632170
"Image 12_Out_Channel Alignment_P4-4.czi",9,10,21557.242931455,152.59090909091,381.59090909091, , , ,4385,23770,3878,2725.7272727273,17535.681818182,2747.7272727273,1667,12039,1923,22,22,22,2718,11731,1955,863.50791662724,3287.1135606495,553.95935744147,59966,385785,60450,179109526,6991910437,172544404
"Image 12_Out_Channel Alignment_P4-4.czi",1,2,38915722.86467,443.35761047463,204.13356414453,72,0,2, , , , , , , , , , , , , , , , , , , , , , , , 
"Image 12_Out_Channel Alignment_P4-4.czi",1,3,26849546.071127,131.68700047444,374.40799605854,72,0,1, , , , , , , , , , , , , , , , , , , , , , , , 
"Image 12_Out_Channel Alignment_P4-4.czi",6,7,32335.864397183,415.65151515152,139.37878787879, , , ,6104,20768,3080,4362.2424242424,15043.151515152,1067.6363636364,3259,11182,0,33,33,33,2845,9586,3080,922.59701489542,2558.6644480228,928.36744537729,143954,496424,35232,655200174,7677277888,65194680
"Image 12_Out_Channel Alignment_P4-4.czi",6,8,28416.365682373,432.39655172414,165.6724137931, , , ,3002,23267,6192,2119.4482758621,17377.75862069,3734.6896551724,1467,12424,2215,29,29,29,1535,10843,3977,440.15578299108,3320.2690043254,1088.2128567862,61464,503955,108306,135694408,9066285561,437647100
"Image 12_Out_Channel Alignment_P4-4.czi",9,10,24496.866967563,152.3,381.58, , , ,5046,25690,4659,2869.56,18214.84,3261.88,1340,12060,2412,25,25,25,3706,13630,2247,1072.6123126896,4008.6462665094,664.32624515369,71739,455371,81547,233471297,8680171783,276588433
"Image 12_Out_Channel Alignment_P4-4.czi",1,2,38509074.873008,443.22974554707,203.92195928753,73,0,2, , , , , , , , , , , , , , , , , , , , , , , , 
"Image 12_Out_Channel Alignment_P4-4.czi",1,3,26902459.303777,132.12764523766,373.91362229102,73,0,2, , , , , , , , , , , , , , , , , , , , , , , , 
"Image 12_Out_Channel Alignment_P4-4.czi",6,7,25476.741646265,415.19230769231,138.53846153846, , , ,5462,15423,2732,4344.7307692308,12582.769230769,635.57692307692,3470,8473,0,26,26,26,1992,6950,2732,613.99449884782,2123.1461241788,776.47187575994,112963,327152,16525,500218553,4229171856,25575623
"Image 12_Out_Channel Alignment_P4-4.czi",6,8,31355.98971848,432.15625,165.53125, , , ,2917,24044,5138,2214.9375,17391.84375,2961.25,1776,11931,1356,32,32,32,1141,12113,3782,292.79134236055,3749.3656763243,991.4119940446,70878,556539,94760,159647870,10115029361,311077880
"Image 12_Out_Channel Alignment_P4-4.czi",9,10,20577.368252753,87.880952380952,343.5, , , ,5181,21069,13570,3953.5714285714,16230.333333333,10612.238095238,2498,11963,7075,21,21,21,2683,9106,6495,856.33729169227,2699.9219124511,1848.2992967797,83025,340837,222857,342911539,5677689689,2433335751
"Image 12_Out_Channel Alignment_P4-4.czi",9,11,25476.741646265,152,381.5, , , ,5354,24836,5748,3122.9230769231,17682.038461539,4046.5384615385,1237,12664,3125,26,26,26,4117,12172,2623,1156.7220901522,3914.4071273261,839.30562875602,81196,459733,105210,287019012,8512081167,443347160
"Image 12_Out_Channel Alignment_P4-4.czi",1,2,38279784.198192,442.83074796498,203.09683612348,74,0,2, , , , , , , , , , , , , , , , , , , , , , , , 
"Image 12_Out_Channel Alignment_P4-4.czi",1,3,27020044.265221,131.5676337262,374.18050770626,74,0,2, , , , , , , , , , , , , , , , , , , , , , , , 
"Image 12_Out_Channel Alignment_P4-4.czi",6,7,27436.49100367,452.28571428571,140.71428571429, , , ,2528,17209,6972,1509.1428571429,11723.464285714,3928.7142857143,112,4139,99,28,28,28,2416,13070,6873,573.95190883104,3885.7690928723,2211.369457668,42256,328257,110004,72664702,4255987655,564208468
"Image 12_Out_Channel Alignment_P4-4.czi",6,8,28416.365682373,432.22413793103,165.3275862069, , , ,2760,22299,4103,2257.1034482759,16644.655172414,2625,1758,11261,1178,29,29,29,1002,11038,2925,228.42728521467,3329.0168140573,767.83824561464,65456,482695,76125,149201976,8344597711,216336241
"Image 12_Out_Channel Alignment_P4-4.czi",9,10,25476.741646265,87.846153846154,343.5, , , ,5370,24482,14016,4146.2692307692,17488.576923077,11297.538461539,2626,9022,7645,26,26,26,2744,15460,6371,825.44124237609,3949.1394725745,1888.6369525299,107803,454703,293736,464014093,8342000957,3407667496
"Image 12_Out_Channel Alignment_P4-4.czi",9,11,22537.117610158,151.97826086957,381.63043478261, , , ,5238,21672,6905,3214.0869565217,15722.47826087,4999.9565217391,1322,6321,3637,23,23,23,3916,15351,3268,1210.4695525082,3700.0195806554,962.81379669935,73924,361617,114999,269833368,5986698609,595384229
"Image 12_Out_Channel Alignment_P4-4.czi",1,2,37559576.309346,442.79140904229,202.85222143957,75,0,2, , , , , , , , , , , , , , , , , , , , , , , , 
"Image 12_Out_Channel Alignment_P4-4.czi",1,3,26635933.39117,130.25168303719,374.55819813854,75,0,2, , , , , , , , , , , , , , , , , , , , , , , , 
"Image 12_Out_Channel Alignment_P4-4.czi",6,7,21557.242931455,452.63636363636,141.27272727273, , , ,2739,18053,7090,1867.2727272727,13844.954545455,5089.6363636364,864,5656,1338,22,22,22,1875,12397,5752,418.60825894728,3172.1127175864,1629.0548690065,41080,304589,111972,80387454,4428329141,625626978
"Image 12_Out_Channel Alignment_P4-4.czi",6,8,26456.616324968,432.27777777778,165.12962962963, , , ,2786,18883,3734,2238.5555555556,14320.962962963,2513.4074074074,1799,9967,1004,27,27,27,987,8916,2730,240.0755223055,2715.4846639438,685.99597774439,60441,386666,67862,136799079,5729149746,182800206
"Image 12_Out_Channel Alignment_P4-4.czi",9,10,19597.49357405,95.45,293.85, , , ,5500,15991,9553,3028.2,12845.25,6167.8,1185,9190,4465,20,20,20,4315,6801,5088,1274.0566623771,1973.3772247223,1396.7062984789,60564,256905,123356,214241092,3373999087,797900118
"Image 12_Out_Channel Alignment_P4-4.czi",9,11,28416.365682373,88.155172413793,343.36206896552, , , ,5254,25603,13891,4050.0689655172,17956.724137931,11654.862068966,2755,11749,8158,29,29,29,2499,13854,5733,764.82434636208,3990.79490736,1711.6639716148,117452,520745,337991,492067476,9796814743,4021272705
"Image 12_Out_Channel Alignment_P4-4.czi",1,2,38403248.407708,442.38382833231,203.51288528271,76,0,1, , , , , , , , , , , , , , , , , , , , , , , , 
"Image 12_Out_Channel Alignment_P4-4.czi",1,3,26181271.540252,129.00275085145,374.74862457427,76,0,2, , , , , , , , , , , , , , , , , , , , , , , , 
"Image 12_Out_Channel Alignment_P4-4.czi",6,7,23516.99228886,472.29166666667,172.95833333333, , , ,1839,14691,3865,1193.5,11285.583333333,2556.6666666667,190,5666,1031,24,24,24,1649,9025,2834,442.08743970829,2666.8800843041,877.97868978133,28644,270854,61360,38681764,3220327124,174606538
"Image 12_Out_Channel Alignment_P4-4.czi",8,9,22537.117610158,94.5,293.89130434783, , , ,4773,15556,10711,2601.9130434783,11764.304347826,7337,910,3707,4536,23,23,23,3863,11849,6175,1182.8080576263,2976.0265827684,2018.0378408922,59844,270579,168751,186487652,3378021859,1327720575
"Image 12_Out_Channel Alignment_P4-4.czi",8,10,30376.115039778,88.306451612903,343.20967741936, , , ,5184,24351,13662,3986.8387096774,17352.548387097,11328.548387097,2815,12926,8452,31,31,31,2369,11425,5210,720.51338626354,3480.1228315364,1632.3114661671,123592,537929,351185,508315556,9697776649,4058349487
"Image 12_Out_Channel Alignment_P4-4.czi",1,2,38147501.116567,442.41862526008,203.34873237266,77,0,2, , , , , , , , , , , , , , , , , , , , , , , , 
"Image 12_Out_Channel Alignment_P4-4.czi",1,3,25723670.065298,128.19126161816,375.73350601859,77,0,1, , , , , , , , , , , , , , , , , , , , , , , , 
"Image 12_Out_Channel Alignment_P4-4.czi",6,7,38215.112469398,472.32051282051,172.75641025641, , , ,1605,19376,4439,947.05128205128,13596.692307692,2779.9230769231,0,4548,673,39,39,39,1605,14828,3766,448.30751597524,3607.5113097816,997.10883069147,36935,530271,108417,42616565,7704468865,339171509
"Image 12_Out_Channel Alignment_P4-4.czi",6,8,24496.866967563,455.74,244.18, , , ,2544,8425,7292,1495.52,6792.56,4323.8,333,5260,2167,25,25,25,2211,3165,5125,607.98650752573,883.24010891716,1294.8265649628,37388,169814,108095,64786044,1172194498,507618981
"Image 12_Out_Channel Alignment_P4-4.czi",9,10,30376.115039778,89.016129032258,342.82258064516, , , ,4813,21158,13648,3684.3548387097,16296.322580645,11057.64516129,2753,11989,7988,31,31,31,2060,9169,5660,600.9359116349,2548.3714719679,1758.4182769066,114215,505186,342787,431642307,8427499934,3883178057
"Image 12_Out_Channel Alignment_P4-4.czi",1,2,38314079.811947,442.55675046674,203.03159765735,78,0,2, , , , , , , , , , , , , , , , , , , , , , , , 
"Image 12_Out_Channel Alignment_P4-4.czi",1,3,25074993.027997,127.72610394685,376.75650644783,78,0,1, , , , , , , , , , , , , , , , , , , , , , , , 
"Image 12_Out_Channel Alignment_P4-4.czi",6,7,34295.613754588,472.64285714286,172.3, , , ,1366,22928,5116,893.22857142857,17138.8,3073.2571428571,0,12020,1188,35,35,35,1366,10908,3928,361.04375535011,3274.1106183476,1198.9696886434,31263,599858,107564,32356993,10645319502,379447794
"Image 12_Out_Channel Alignment_P4-4.czi",6,8,43114.48586291,454.95454545455,244.56818181818, , , ,2904,10399,6892,1381.4090909091,7536.6136363636,3715.9318181818,0,4730,677,44,44,44,2904,5669,6215,905.93211199479,1538.4744363939,1654.0174262703,60782,331611,163501,119255466,2601000839,725196835
"Image 12_Out_Channel Alignment_P4-4.czi",9,10,30376.115039778,89.435483870968,342.43548387097, , , ,4730,18038,13560,3464,14939.967741936,10663.225806452,2482,12276,6671,31,31,31,2248,5762,6889,588.69556365465,1800.5280796454,2043.5304534013,107384,463139,330560,382375050,7016538761,3650116424
"Image 12_Out_Channel Alignment_P4-4.czi",1,2,38472819.509896,442.38505717851,202.84622927438,79,0,2, , , , , , , , , , , , , , , , , , , , , , , , 
"Image 12_Out_Channel Alignment_P4-4.czi",1,3,24685002.905873,126.31394887266,377.95780406478,79,0,0, , , , , , , , , , , , , , , , , , , , , , , , 
"Image 12_Out_Channel Alignment_P4-4.czi",6,7,30376.115039778,472.27419354839,172.08064516129, , , ,1154,24884,5765,811.64516129032,18848.35483871,3719.3225806452,295,9313,1784,31,31,31,859,15571,3981,245.80365448695,3727.4627701998,1208.7985877748,25161,584299,115299,22234387,11429894245,472669995
"Image 12_Out_Channel Alignment_P4-4.czi",6,8,44094.360541613,454.94444444444,245.14444444444, , , ,3071,11827,6481,1664.1333333333,8196.7111111111,3602.7333333333,0,5370,1555,45,45,45,3071,6457,4926,871.11270536857,1913.8716545529,1473.2535639313,74886,368852,162123,158009132,3184541094,679586883
"Image 12_Out_Channel Alignment_P4-4.czi",1,2,38277824.448835,442.30772578333,202.46574851526,80,0,2, , , , , , , , , , , , , , , , , , , , , , , , 
"Image 12_Out_Channel Alignment_P4-4.czi",1,3,24159790.078089,125.69329980532,379.85861453602,80,0,0, , , , , , , , , , , , , , , , , , , , , , , , 
"Image 12_Out_Channel Alignment_P4-4.czi",6,7,39194.9871481,471.825,171.825, , , ,1188,24737,6195,740.25,17156.725,3761,0,9115,1617,40,40,40,1188,15622,4578,335.61690232795,4322.7455721347,1421.4632583615,29610,686269,150440,26311712,12502887551,644606594
"Image 12_Out_Channel Alignment_P4-4.czi",6,8,39194.9871481,454.95,245.4, , , ,3050,12197,6165,1854.925,8440.375,3481.25,190,5198,813,40,40,40,2860,6999,5352,762.45932678406,2032.9077909582,1387.4003313706,74197,337615,139250,160302295,3010773055,559834370
"Image 12_Out_Channel Alignment_P4-4.czi",1,2,38446362.893571,442.6179783872,202.67509430115,81,0,2, , , , , , , , , , , , , , , , , , , , , , , , 
"Image 12_Out_Channel Alignment_P4-4.czi",1,3,24169588.824876,125.50186491527,380.49890537582,81,0,0, , , , , , , , , , , , , , , , , , , , , , , , 
"Image 12_Out_Channel Alignment_P4-4.czi",6,7,44094.360541613,471.9,171.21111111111, , , ,1356,22000,6300,757.93333333333,14478.288888889,3750.8,0,4362,1869,45,45,45,1356,17638,4431,403.11341738117,4392.4432868602,1364.720460887,34107,651523,168786,33000851,10281854765,715030854
"Image 12_Out_Channel Alignment_P4-4.czi",6,8,31355.98971848,455.65625,244.875, , , ,2899,11132,5930,2041.65625,7320.4375,3565.34375,1009,4264,1099,32,32,32,1890,6868,4831,553.69746073483,2192.418445719,1315.5233622912,65333,234254,114091,142891535,1863849424,460422287
"Image 12_Out_Channel Alignment_P4-4.czi",1,2,38794218.404511,442.46971533935,203.02107802278,82,0,3, , , , , , , , , , , , , , , , , , , , , , , , 
"Image 12_Out_Channel Alignment_P4-4.czi",1,3,23725705.595424,124.9984512452,381.98019658861,82,0,0, , , , , , , , , , , , , , , , , , , , , , , , 
"Image 12_Out_Channel Alignment_P4-4.czi",6,7,21557.242931455,501.40909090909,162.86363636364, , , ,7207,15506,3249,6298.4545454546,12035.227272727,1377.3636363636,5298,8399,0,22,22,22,1909,7107,3249,606.50424779832,2100.3796693482,1168.6490183706,138566,264775,30302,880476448,3279270791,70417424
"Image 12_Out_Channel Alignment_P4-4.czi",6,8,43114.48586291,470.97727272727,171.63636363636, , , ,1616,17713,6221,848.20454545455,11304.318181818,4294.2045454546,0,4007,2229,44,44,44,1616,13706,3992,539.27266173967,3769.3884136137,1253.6217963768,37321,497390,188945,44160887,6233611248,878945885
"Image 12_Out_Channel Alignment_P4-4.czi",6,9,21557.242931455,386.59090909091,275.40909090909, , , ,4118,18761,5649,3470.5909090909,14962.454545455,1601.1363636364,2406,11777,0,22,22,22,1712,6984,5649,553.43504450373,2240.6253320865,1673.6905697818,76353,329174,35225,271422125,5030679452,115226071
"Image 12_Out_Channel Alignment_P4-4.czi",1,2,38908863.741919,443.27757630704,202.94298378161,83,0,2, , , , , , , , , , , , , , , , , , , , , , , , 
"Image 12_Out_Channel Alignment_P4-4.czi",1,3,23585583.516369,125.26668051516,382.78429580391,83,0,0, , , , , , , , , , , , , , , , , , , , , , , , 
"Image 12_Out_Channel Alignment_P4-4.czi",6,7,19597.49357405,501.75,163.25, , , ,7579,15484,3087,6780.75,12455.2,1220,5758,8951,0,20,20,20,1821,6533,3087,538.68903977986,1812.1435576919,1057.5269064637,135615,249104,24400,925084943,3165033562,51016900
"Image 12_Out_Channel Alignment_P4-4.czi",6,8,20577.368252753,386.64285714286,275.30952380952, , , ,4518,18985,4132,3513.6190476191,15254.380952381,1284.4285714286,2157,12021,0,21,21,21,2361,6964,4132,752.31725197489,2216.7445156398,1383.5481405224,73786,320342,26973,270575520,4984898028,72929001
"Image 12_Out_Channel Alignment_P4-4.czi",1,2,38897105.245774,443.23783252721,203.09915356711,84,0,0, , , , , , , , , , , , , , , , , , , , , , , , 
"Image 12_Out_Channel Alignment_P4-4.czi",1,3,23520911.787575,125.96433927679,383.58969338444,84,0,0, , , , , , , , , , , , , , , , , , , , , , , , 
"Image 12_Out_Channel Alignment_P4-4.czi",1,2,38950998.353103,443.17019697618,203.30015597092,85,0,0, , , , , , , , , , , , , , , , , , , , , , , , 
"Image 12_Out_Channel Alignment_P4-4.czi",1,3,23696309.355063,126.12721746682,383.34025968656,85,0,0, , , , , , , , , , , , , , , , , , , , , , , , 
"Image 12_Out_Channel Alignment_P4-4.czi",1,2,39033307.826114,443.1302748839,203.91332998619,86,0,0, , , , , , , , , , , , , , , , , , , , , , , , 
"Image 12_Out_Channel Alignment_P4-4.czi",1,3,23944217.648774,126.13099525291,382.34604681617,86,0,0, , , , , , , , , , , , , , , , , , , , , , , , 
"Image 12_Out_Channel Alignment_P4-4.czi",1,2,39285135.618541,443.17993614686,204.23939938142,87,0,0, , , , , , , , , , , , , , , , , , , , , , , , 
"Image 12_Out_Channel Alignment_P4-4.czi",1,3,23845250.306225,126.39792479967,383.039839737,87,0,1, , , , , , , , , , , , , , , , , , , , , , , , 
"Image 12_Out_Channel Alignment_P4-4.czi",7,8,19597.49357405,113.5,450.5, , , ,1183,15667,15216,471.4,12603.3,12035.55,0,7538,5816,20,20,20,1183,8129,9400,394.67620306165,1995.6362156624,2362.394179752,9428,252066,240711,7403976,3252532132,3003126495
"Image 12_Out_Channel Alignment_P4-4.czi",1,2,39340988.475227,443.33718149892,204.4586540138,88,0,0, , , , , , , , , , , , , , , , , , , , , , , , 
"Image 12_Out_Channel Alignment_P4-4.czi",1,3,23885425.168052,126.1965868067,382.58758615031,88,0,0, , , , , , , , , , , , , , , , , , , , , , , , 
"Image 12_Out_Channel Alignment_P4-4.czi",1,2,39330209.853761,443.39247097514,204.53933927949,89,0,1, , , , , , , , , , , , , , , , , , , , , , , , 
"Image 12_Out_Channel Alignment_P4-4.czi",1,3,23769799.955965,127.13034875093,383.538585209,89,0,0, , , , , , , , , , , , , , , , , , , , , , , , 
"Image 12_Out_Channel Alignment_P4-4.czi",6,7,20577.368252753,378.02380952381,293.35714285714, , , ,3382,15498,6215,2245,12825.095238095,4171.7142857143,1440,8968,3548,21,21,21,1942,6530,2667,518.31042821846,1680.4976317973,756.12724741654,47145,269327,87606,111213439,3510625871,376901770
"Image 12_Out_Channel Alignment_P4-4.czi",1,2,39054865.069046,443.38842612339,204.83088290639,90,0,0, , , , , , , , , , , , , , , , , , , , , , , , 
"Image 12_Out_Channel Alignment_P4-4.czi",1,3,24018688.124356,127.38809562663,383.50848563969,90,0,2, , , , , , , , , , , , , , , , , , , , , , , , 
"Image 12_Out_Channel Alignment_P4-4.czi",7,8,19597.49357405,101.65,387.65, , , ,2250,17706,5202,1679.7,13796.25,1758.55,1250,8179,3,20,20,20,1000,9527,5199,288.92306388052,2623.5368829723,1344.0030339486,33594,275925,35171,58013896,3937506251,96170501
"Image 12_Out_Channel Alignment_P4-4.czi",7,9,20577.368252753,75.119047619048,409.40476190476, , , ,3459,15317,5190,2789.380952381,13096.571428571,2094.7142857143,1897,9260,236,21,21,21,1562,6057,4954,490.67122151095,1506.1615308933,1462.2795609205,58577,275028,43989,168208733,3647294298,134909617
"Image 12_Out_Channel Alignment_P4-4.czi",1,2,39017629.831255,443.44711067581,205.07369597428,91,0,0, , , , , , , , , , , , , , , , , , , , , , , , 
"Image 12_Out_Channel Alignment_P4-4.czi",1,3,24012808.876284,126.98363666041,382.40834897576,91,0,2, , , , , , , , , , , , , , , , , , , , , , , , 
"Image 12_Out_Channel Alignment_P4-4.czi",7,8,21557.242931455,101.36363636364,387.04545454546, , , ,2664,20602,2764,1868.7272727273,16054.181818182,1188.5,1470,12739,0,22,22,22,1194,7863,2764,290.51058202482,2413.0676511813,837.42000328674,41112,353192,26147,78599440,5792489390,45802427
"Image 12_Out_Channel Alignment_P4-4.czi",7,9,24496.866967563,74.54,408.94, , , ,3264,17003,6375,2543.4,13809.84,2612.12,1565,10917,297,25,25,25,1699,6086,6078,541.52939286186,1782.1583749301,1783.8913531939,63585,345246,65303,168760187,4844018144,246953713
"Image 12_Out_Channel Alignment_P4-4.czi",1,2,38852031.010554,443.26549810845,204.88443883985,92,0,0, , , , , , , , , , , , , , , , , , , , , , , , 
"Image 12_Out_Channel Alignment_P4-4.czi",1,3,23802135.820362,126.62675476514,382.2627104689,92,0,2, , , , , , , , , , , , , , , , , , , , , , , , 
"Image 12_Out_Channel Alignment_P4-4.czi",7,8,25476.741646265,101.03846153846,387.03846153846, , , ,3288,22361,2720,2182.2307692308,16712.807692308,1208.6153846154,1719,12190,0,26,26,26,1569,10171,2720,383.9139807501,3001.4914162027,841.29809589339,56738,434533,31424,127500158,7487490233,55674092
"Image 12_Out_Channel Alignment_P4-4.czi",7,9,26456.616324968,73.759259259259,408.5, , , ,3316,17687,6615,2329.0740740741,13406.703703704,3364.8518518519,730,4323,859,27,27,27,2586,13364,5756,787.8612688268,2948.6608148683,1741.0836966517,62885,361981,90851,162602683,5079031629,384515839
"Image 12_Out_Channel Alignment_P4-4.czi",1,2,38885346.74963,442.58222457414,205.22071867755,93,0,0, , , , , , , , , , , , , , , , , , , , , , , , 
"Image 12_Out_Channel Alignment_P4-4.czi",1,3,23424884.069062,126.2537856605,382.35794361248,93,0,1, , , , , , , , , , , , , , , , , , , , , , , , 
"Image 12_Out_Channel Alignment_P4-4.czi",7,8,26456.616324968,100.94444444444,386.7962962963, , , ,3668,22496,2576,2526.2592592593,16662.703703704,1215.4814814815,1919,12294,0,27,27,27,1749,10202,2576,442.26606963826,3152.0189844071,829.84745448835,68209,449893,32818,177399199,7754749573,57794488
"Image 12_Out_Channel Alignment_P4-4.czi",1,2,38828514.018265,442.40634936658,205.3850249836,94,0,0, , , , , , , , , , , , , , , , , , , , , , , , 
"Image 12_Out_Channel Alignment_P4-4.czi",1,3,23351393.468159,125.89973144224,382.63864294406,94,0,1, , , , , , , , , , , , , , , , , , , , , , , , 
"Image 12_Out_Channel Alignment_P4-4.czi",7,8,21557.242931455,100.59090909091,386.59090909091, , , ,3847,20969,2897,2902.5454545455,16161.818181818,1493.9545454546,2397,11749,126,22,22,22,1450,9220,2771,417.82540524012,2603.3530144314,802.14785938235,63856,355560,32867,189011082,5888822458,62614069
"Image 12_Out_Channel Alignment_P4-4.czi",1,2,38686432.189853,442.23478382007,205.40111699298,95,0,0, , , , , , , , , , , , , , , , , , , , , , , , 
"Image 12_Out_Channel Alignment_P4-4.czi",1,3,22671360.44114,125.88336863033,384.01203699702,95,0,0, , , , , , , , , , , , , , , , , , , , , , , , 
"Image 12_Out_Channel Alignment_P4-4.czi",1,2,38553169.23355,442.09890710383,205.35439064684,96,0,0, , , , , , , , , , , , , , , , , , , , , , , , 
"Image 12_Out_Channel Alignment_P4-4.czi",1,3,22311746.434056,125.98849363197,385.27957839262,96,1,0, , , , , , , , , , , , , , , , , , , , , , , , 
"Image 12_Out_Channel Alignment_P4-4.czi",5,6,19597.49357405,159.2,399.6,96, , ,5115,3053,15562,4030.45,2245.75,14211.75,2884,1009,12906,20,20,20,2231,2044,2656,722.1667306392,573.40624663864,802.01022929557,80609,44915,284235,334799515,107114961,4051697949
"Image 12_Out_Channel Alignment_P4-4.czi",1,2,38225891.090863,442.03772013022,205.38482735639,97,0,0, , , , , , , , , , , , , , , , , , , , , , , , 
"Image 12_Out_Channel Alignment_P4-4.czi",1,3,22348001.797168,126.55165080896,385.9692857456,97,1,0, , , , , , , , , , , , , , , , , , , , , , , , 
"Image 12_Out_Channel Alignment_P4-4.czi",5,6,21557.242931455,159,399,97, , ,5079,3143,16561,3978.5,2252.8636363636,14849.5,2777,646,13522,22,22,22,2302,2497,3039,758.47753207769,724.85218824612,768.93041049921,87527,49563,326689,360307221,122692305,4863584639
"Image 12_Out_Channel Alignment_P4-4.czi",1,2,37974063.298437,442.03942818806,205.47066109305,98,0,0, , , , , , , , , , , , , , , , , , , , , , , , 
"Image 12_Out_Channel Alignment_P4-4.czi",1,3,22244135.081226,126.74924012158,387.70338311088,98,0,0, , , , , , , , , , , , , , , , , , , , , , , , 
"Image 12_Out_Channel Alignment_P4-4.czi",1,2,37870196.582494,441.29649658456,205.69869074726,99,0,1, , , , , , , , , , , , , , , , , , , , , , , , 
"Image 12_Out_Channel Alignment_P4-4.czi",1,3,21821809.094705,126.29169286035,388.62667265379,99,0,0, , , , , , , , , , , , , , , , , , , , , , , , 
"Image 12_Out_Channel Alignment_P4-4.czi",6,7,20577.368252753,502.07142857143,165.64285714286, , , ,4105,14989,3648,3399.7619047619,12695.047619048,2741.0476190476,2540,9596,1213,21,21,21,1565,5393,2435,428.91291712443,1562.2774553897,628.46045827804,71395,266596,57562,246405327,3433263132,165679434
"Image 12_Out_Channel Alignment_P4-4.czi",1,2,37351842.877461,441.32950759464,205.76422518954,100,0,0, , , , , , , , , , , , , , , , , , , , , , , , 
"Image 12_Out_Channel Alignment_P4-4.czi",1,3,21642492.028502,126.6206139358,390.39084076606,100,0,0, , , , , , , , , , , , , , , , , , , , , , , , 
"Image 12_Out_Channel Alignment_P4-4.czi",1,2,37089236.463568,441.39870809226,205.93732001797,101,0,0, , , , , , , , , , , , , , , , , , , , , , , , 
"Image 12_Out_Channel Alignment_P4-4.czi",1,3,21871782.703319,126.75007840151,390.41953765512,101,0,0, , , , , , , , , , , , , , , , , , , , , , , , 
"Image 12_Out_Channel Alignment_P4-4.czi",1,2,36912859.021402,441.18447877678,206.14083777972,102,0,0, , , , , , , , , , , , , , , , , , , , , , , , 
"Image 12_Out_Channel Alignment_P4-4.czi",1,3,21769875.736733,127.47114821983,391.82988252239,102,0,0, , , , , , , , , , , , , , , , , , , , , , , , 
"Image 12_Out_Channel Alignment_P4-4.czi",1,2,36831529.42307,440.97171969778,206.66997445993,103,0,0, , , , , , , , , , , , , , , , , , , , , , , , 
"Image 12_Out_Channel Alignment_P4-4.czi",1,3,21749298.368481,127.68989908092,393.45066678681,103,0,1, , , , , , , , , , , , , , , , , , , , , , , , 
"Image 12_Out_Channel Alignment_P4-4.czi",7,8,23516.99228886,87,394.29166666667, , , ,4821,14493,11327,3977.375,12334.75,10073.083333333,3047,8888,8249,24,24,24,1774,5605,3078,420.02337538471,1556.2135555363,910.19185348196,95457,296034,241754,383725937,3707206796,2454262520
"Image 12_Out_Channel Alignment_P4-4.czi",1,2,36926577.266904,440.73545177126,206.75421255141,104,0,0, , , , , , , , , , , , , , , , , , , , , , , , 
"Image 12_Out_Channel Alignment_P4-4.czi",1,3,21766936.112697,127.46124065904,392.69438192131,104,0,0, , , , , , , , , , , , , , , , , , , , , , , , 
"Image 12_Out_Channel Alignment_P4-4.czi",1,2,36658091.604939,440.65059741787,206.8302771912,105,0,1, , , , , , , , , , , , , , , , , , , , , , , , 
"Image 12_Out_Channel Alignment_P4-4.czi",1,3,22379357.786886,127.51186566837,389.76905731424,105,0,0, , , , , , , , , , , , , , , , , , , , , , , , 
"Image 12_Out_Channel Alignment_P4-4.czi",6,7,26456.616324968,395.24074074074,157.64814814815, , , ,3494,20489,4343,2663.5185185185,14845.259259259,2541,2121,9611,1032,27,27,27,1373,10878,3311,388.56396071555,3316.2345722056,1109.6023196138,71915,400822,68607,195472465,6236239212,206342037
"Image 12_Out_Channel Alignment_P4-4.czi",1,2,36340612.20904,440.7290020762,206.98051878017,106,0,1, , , , , , , , , , , , , , , , , , , , , , , , 
"Image 12_Out_Channel Alignment_P4-4.czi",1,3,22514580.492547,127.06643600122,388.56006006006,106,0,0, , , , , , , , , , , , , , , , , , , , , , , , 
"Image 12_Out_Channel Alignment_P4-4.czi",6,7,31355.98971848,395,157.59375, , , ,3973,22720,4630,2909.09375,15555.8125,2571.625,1674,8790,860,32,32,32,2299,13930,3770,534.0585542003,4106.4498397387,1104.2352703378,93091,497786,82292,279652221,8266216520,249423566
"Image 12_Out_Channel Alignment_P4-4.czi",1,2,36571862.633213,440.60328751708,206.94305120167,107,0,1, , , , , , , , , , , , , , , , , , , , , , , , 
"Image 12_Out_Channel Alignment_P4-4.czi",1,3,22640004.451421,126.2511793984,387.43590132006,107,0,0, , , , , , , , , , , , , , , , , , , , , , , , 
"Image 12_Out_Channel Alignment_P4-4.czi",6,7,39194.9871481,395.3,157.775, , , ,4242,23701,5025,2881.325,13801.775,2849.5,1200,3175,858,40,40,40,3042,20526,4167,729.56799256082,5658.0167064654,1088.7510369744,115253,552071,113980,352839859,8868072695,371015784
"Image 12_Out_Channel Alignment_P4-4.czi",1,2,36549325.515603,440.39871313673,207.45174262735,108,0,1, , , , , , , , , , , , , , , , , , , , , , , , 
"Image 12_Out_Channel Alignment_P4-4.czi",1,3,23129941.790773,126.3904045753,386.65755136624,108,0,0, , , , , , , , , , , , , , , , , , , , , , , , 
"Image 12_Out_Channel Alignment_P4-4.czi",6,7,40174.861826803,394.67073170732,158.03658536585, , , ,4277,22480,5429,3094.6341463415,12578.609756098,2846.4146341463,949,3626,848,41,41,41,3328,18854,4581,777.48208198317,5242.5450922145,1187.612773079,126880,515723,116703,416826316,7586449521,388602091
"Image 12_Out_Channel Alignment_P4-4.czi",1,2,36639473.986044,440.17653508772,207.24692447582,109,0,0, , , , , , , , , , , , , , , , , , , , , , , , 
"Image 12_Out_Channel Alignment_P4-4.czi",1,3,23457219.933459,126.44298007436,387.09141985881,109,0,0, , , , , , , , , , , , , , , , , , , , , , , , 
"Image 12_Out_Channel Alignment_P4-4.czi",1,2,36642413.61008,440.03469715203,207.03865490039,110,0,0, , , , , , , , , , , , , , , , , , , , , , , , 
"Image 12_Out_Channel Alignment_P4-4.czi",1,3,23848189.930262,126.74669241515,388.5961048566,110,0,0, , , , , , , , , , , , , , , , , , , , , , , , 
"Image 12_Out_Channel Alignment_P4-4.czi",1,2,36679648.847871,440.33095129966,206.76917425801,111,0,1, , , , , , , , , , , , , , , , , , , , , , , , 
"Image 12_Out_Channel Alignment_P4-4.czi",1,3,23596362.137835,126.56943233254,387.21791038578,111,0,0, , , , , , , , , , , , , , , , , , , , , , , , 
"Image 12_Out_Channel Alignment_P4-4.czi",6,7,21557.242931455,422.77272727273,243.22727272727, , , ,2101,14492,4678,1240.4090909091,10338.590909091,3337.0909090909,744,5673,1491,22,22,22,1357,8819,3187,438.73591786826,2661.9981335025,913.50632229109,27289,227449,73416,37891797,2500313079,262520236
"Image 12_Out_Channel Alignment_P4-4.czi",1,2,36780575.939777,440.8989769821,206.92175511509,112,0,2, , , , , , , , , , , , , , , , , , , , , , , , 
"Image 12_Out_Channel Alignment_P4-4.czi",1,3,23437622.439885,126.52224173251,387.36483548643,112,0,0, , , , , , , , , , , , , , , , , , , , , , , , 
"Image 12_Out_Channel Alignment_P4-4.czi",6,7,21557.242931455,459.63636363636,186.5, , , ,2676,15058,1716,1986.4545454546,12330.227272727,444.81818181818,1344,8865,0,22,22,22,1332,6193,1716,383.71786848856,1791.8419608197,519.0467119417,43702,271265,9786,89904064,3412183751,10010590
"Image 12_Out_Channel Alignment_P4-4.czi",6,8,19597.49357405,422.8,243.15, , , ,2024,14551,4906,1105,11159.85,3622.4,558,6208,1982,20,20,20,1466,8343,2924,449.9668993674,2280.7932432426,832.56524321553,22100,223197,72448,28267434,2589683379,275605768
"Image 12_Out_Channel Alignment_P4-4.czi",1,2,36757058.947488,441.03612177437,206.34892834293,113,0,1, , , , , , , , , , , , , , , , , , , , , , , , 
"Image 12_Out_Channel Alignment_P4-4.czi",1,3,23537569.657113,126.3354772907,387.32069855543,113,0,0, , , , , , , , , , , , , , , , , , , , , , , , 
"Image 12_Out_Channel Alignment_P4-4.czi",6,7,22537.117610158,459.54347826087,186.54347826087, , , ,2450,16512,2320,1959.0434782609,13132.826086957,396.5652173913,1431,8752,0,23,23,23,1019,7760,2320,301.76864682325,2059.4599833269,623.20220168876,45058,302055,9121,90273996,4060146043,12161453
"Image 12_Out_Channel Alignment_P4-4.czi",1,2,36761958.320882,441.28639016979,206.37173814537,114,0,1, , , , , , , , , , , , , , , , , , , , , , , , 
"Image 12_Out_Channel Alignment_P4-4.czi",1,3,23830552.186045,126.9310444079,387.34481907895,114,0,0, , , , , , , , , , , , , , , , , , , , , , , , 
"Image 12_Out_Channel Alignment_P4-4.czi",6,7,20577.368252753,459.35714285714,186.69047619048, , , ,2242,16770,2074,1917.5714285714,13422.857142857,369.52380952381,1482,10023,0,21,21,21,760,6747,2074,225.84321363029,1907.8376578135,584.83054118673,40269,281880,7760,78238787,3856431862,9708040
"Image 12_Out_Channel Alignment_P4-4.czi",1,2,36887382.279756,441.3674724399,206.44408287953,115,0,0, , , , , , , , , , , , , , , , , , , , , , , , 
"Image 12_Out_Channel Alignment_P4-4.czi",1,3,24218582.558811,126.93473863085,387.23697200194,115,0,0, , , , , , , , , , , , , , , , , , , , , , , , 
"Image 12_Out_Channel Alignment_P4-4.czi",1,2,36634574.61265,441.71825768315,206.34564153315,116,0,0, , , , , , , , , , , , , , , , , , , , , , , , 
"Image 12_Out_Channel Alignment_P4-4.czi",1,3,23863867.925121,125.91171881416,386.71778763242,116,0,0, , , , , , , , , , , , , , , , , , , , , , , , 
"Image 12_Out_Channel Alignment_P4-4.czi",1,2,36815851.42821,441.82439050357,206.85396039604,117,0,0, , , , , , , , , , , , , , , , , , , , , , , , 
"Image 12_Out_Channel Alignment_P4-4.czi",1,3,24709499.772841,125.91329262006,383.7359122814,117,0,0, , , , , , , , , , , , , , , , , , , , , , , , 
"Image 12_Out_Channel Alignment_P4-4.czi",1,2,36927557.141582,442.23687841639,207.21830387943,118,0,0, , , , , , , , , , , , , , , , , , , , , , , , 
"Image 12_Out_Channel Alignment_P4-4.czi",1,3,24955448.317195,126.39469137742,384.97600910947,118,0,0, , , , , , , , , , , , , , , , , , , , , , , , 
"Image 12_Out_Channel Alignment_P4-4.czi",1,2,36947154.635157,442.42064923354,206.85164164854,119,0,0, , , , , , , , , , , , , , , , , , , , , , , , 
"Image 12_Out_Channel Alignment_P4-4.czi",1,3,25485560.518373,126.48896535815,384.02943211965,119,0,0, , , , , , , , , , , , , , , , , , , , , , , , 
"Image 12_Out_Channel Alignment_P4-4.czi",1,2,37032403.732204,442.58186701241,207.54257402164,120,0,0, , , , , , , , , , , , , , , , , , , , , , , , 
"Image 12_Out_Channel Alignment_P4-4.czi",1,3,26402723.217639,127.45583596215,381.42514381147,120,0,0, , , , , , , , , , , , , , , , , , , , , , , , 
"Image 12_Out_Channel Alignment_P4-4.czi",1,2,36647312.983474,442.41756684492,207.83040106952,121,0,0, , , , , , , , , , , , , , , , , , , , , , , , 
"Image 12_Out_Channel Alignment_P4-4.czi",1,3,26337071.614166,127.15484783094,381.49720961381,121,0,0, , , , , , , , , , , , , , , , , , , , , , , , 
"Image 12_Out_Channel Alignment_P4-4.czi",1,2,37324406.386457,442.90503005959,207.83792759445,122,0,0, , , , , , , , , , , , , , , , , , , , , , , , 
"Image 12_Out_Channel Alignment_P4-4.czi",1,3,26870123.43938,128.12125300853,380.01717599008,122,0,0, , , , , , , , , , , , , , , , , , , , , , , , 
"Image 12_Out_Channel Alignment_P4-4.czi",1,2,37497844.204587,443.05801191596,208.3020539354,123,0,0, , , , , , , , , , , , , , , , , , , , , , , , 
"Image 12_Out_Channel Alignment_P4-4.czi",1,3,27750050.900855,130.44834039548,381.52676553672,123,0,0, , , , , , , , , , , , , , , , , , , , , , , , 
"Image 12_Out_Channel Alignment_P4-4.czi",1,2,37538998.941093,442.83121900287,208.63967632472,124,0,0, , , , , , , , , , , , , , , , , , , , , , , , 
"Image 12_Out_Channel Alignment_P4-4.czi",1,3,28084188.166292,131.28057290395,383.53161089983,124,0,0, , , , , , , , , , , , , , , , , , , , , , , , 
