,CEBPA,HOXA9,PLAGL2,MEIS1,ETV6,FLAG_GFI1,RUNX1,FOSL2,FLI1,GATA2,SP1,E2F3,ZNF281,SREBF1,LMO2,STAT5B,ZMYND8,LYL1,MYC,TFAP4,RUNX2,MAX,IRF8,MYB,ZEB2,RXRA,SPI1,MEF2C,FLAG_MEF2D,activation,repression,ELF2,JUND,FLAG_SPI1,FLAG_IRF2BP2,SMC1,LDB1,H3K79me2,WDR5,H3K27ac,H3K27me3,MYBL2,CDK9,H3K4me3,FOXP1,MLL_KTM2A,RARA,IKZF1,AFF4,CTCF,BRD4,CEBPB,H3K36me2,PSER2,H3K36me3,H3K9ac,CDK13,H3K4me1,POLII,MED1,super_enhancer,promoters
CEBPA,1.0,-0.049735165577525005,-0.0242396099803255,0.09320997286452253,0.02810439482994208,0.07771191406106036,0.14768428720841553,-0.05180770995492006,0.08221620252714823,0.04443694782383144,-0.13391658107155222,-0.09144271491697566,-0.043592883206901537,-0.004953203763924194,-0.03395583823358317,0.025251624182073842,0.0653656108218016,0.021381209907873188,0.018707313929499154,0.020756300663490095,0.16062359686079541,0.0433119138005691,-0.011578648715381248,0.08322280195566781,-0.006423973689095074,0.009184495602126004,0.021844276627248742,0.07659815808716056,0.0880266996411888,-0.048796821675864056,0.00953043557616589,-0.02334199117060644,0.07318855468507753,0.02122614364086275,0.09774355101871204,-0.08178229202341933,-0.01662340035819953,-0.0305866817232933,-0.05939564522451522,-0.028098179347070068,0.1275342353628085,0.1586003089240321,0.013776194618492802,-0.14920415747909488,0.16282975375674175,0.023948883142877127,0.01790074282344337,0.044114494173069486,0.008683737479989996,-0.1007071592650134,0.1211316263508869,0.3482495180616969,0.003430645105528838,-0.02489133627816779,0.07273444523500928,-0.10596932396503583,0.6151492465721926,0.061337311502679334,-0.029865739471680773,0.02092057093853646,-0.03355583643840207,0.009539759333822331
HOXA9,-0.04973516557752503,1.0,-0.08392028082428617,0.35119443601295103,-0.022261963911809266,0.009259807393054478,0.08180716897134403,0.006234906033627393,-0.01579419304977697,0.1398286964363152,0.018320340712713597,-0.01039200648122433,-0.00751515241943389,0.03490596574991598,0.07960098675989515,-0.026478067325011696,0.00303806192767812,0.13780081129772478,0.04612285505659132,0.0674235961743868,0.034780612039547174,-0.006606150063617464,0.058121914603082046,-0.0022038409040612997,0.18859752934089902,0.01460444391864038,-0.019487998556989503,0.1170353816399079,0.07960043898397257,-0.032554434136492186,0.10689418215223559,-0.013945698499503546,0.5320268437696573,-0.02337771313787992,-0.01119242646656655,-0.04577008404366295,0.36163139577206604,0.09274738068491212,-0.2625689916135871,0.0053478987662980895,0.27481545247784905,0.6824827708957407,0.01245988063169578,-0.06395685357120307,-0.06662809763988715,0.1467935567195718,-0.03335825774533037,0.013331576710581699,0.11761959419570096,0.043707998954980405,0.034282336444782,-0.019713663224338773,0.05337281500164386,-0.09166278342914415,0.1928184428140489,-0.07211489346073563,-0.020854308183067844,0.11307253163191769,-0.06979535448206624,-0.029474896223066403,0.056202533117514906,0.0013262783665676922
PLAGL2,-0.02423960998032552,-0.08392028082428618,1.0,-0.024744683851663805,0.21218878122816298,0.020918419411224416,0.049021782136417225,0.45247231561529194,0.10542168260054369,-0.019020410071283723,0.028013875377847604,0.032202206343150463,0.09444793595020547,0.017230112231118505,0.069483362604157,0.06649989170522556,0.03554234483354427,0.02080076198000487,0.05304987903606284,0.03576866725618153,0.04207057122021326,0.06096116666693798,-0.032708542149673926,-0.012911366014073548,-0.003671668603285766,0.025192058341336053,-0.01613368564373574,0.019982595105095976,0.0859928211871642,0.07021215525016716,-0.011662776444244698,0.16063377907784063,0.5107848152884185,-0.009748381864652373,0.08078053250862892,-0.013067593176158243,0.14443660639343275,0.01960581384427859,0.0425849087382188,0.0935922508550593,-0.03927148730018703,0.14832718860253935,0.06606079504369176,0.04324389448721421,0.027271820604200005,-0.04690356678240817,0.43146881332572173,0.01947894053930109,-0.0014033652480188175,-0.023539719003407376,0.02371348699517471,-0.02282079671923245,-0.003608398402178074,0.011082615175712926,0.03356913982153964,0.07339830059595642,0.609264847156056,-0.014889566857860932,0.03308578749905319,0.07956705467470396,0.011201812552708093,0.0063032088650145975
MEIS1,0.09320997286452254,0.3511944360129509,-0.024744683851663788,1.0,-0.02048220252003756,0.08250630637764397,0.11786646368677957,-0.006425426053681647,0.04278960741202395,0.016185406964230525,-0.1137790915124318,-0.07329097300822474,-0.021583588557629443,-0.02036453479132111,-0.03027161389325684,0.014758950143598815,0.0570479564722802,0.07413862123378974,-0.06606565670277216,0.020002612854234453,0.1575149369449637,-0.04381056400639941,0.05759520252605965,0.07912801075678824,-0.002136717541285112,0.0005442693979808678,0.07212274839161914,0.06368710833889644,0.037488005172272854,-0.13436191304178366,-0.012828056755652614,-0.06398714870669875,0.08176327952749106,0.08891117746557783,0.12154183742689077,-0.09623283122425035,-0.23819993499471606,0.0006407393712527072,-0.022197617897093052,-0.10495847177989662,-0.019440497704560158,-0.07629023660502975,-0.021853908179442372,-0.17851236746222374,0.1251233353718001,0.033342643787094124,0.013656976012166346,0.02932004219232524,0.06278508493264584,-0.08371052461928583,0.012014379724721677,0.04567789917344267,-0.010936624129556469,-0.03834320759863487,-0.05031031368955929,-0.1468780319115412,-0.030478200290836602,0.0610347386488852,-0.05018985651463577,-0.049425647024089296,-0.058190882714898674,0.014973344685304913
ETV6,0.028104394829942113,-0.02226196391180928,0.21218878122816295,-0.020482202520037546,1.0,-0.01302878539199964,0.04236932677619298,-0.025371199122602113,0.430907284731487,0.014416284868288588,-0.0036840634500579657,-0.019157576843412752,-0.017857298540059418,-0.01727909147046738,0.027611951607797943,0.00977932990780211,0.2413497291964726,0.05260703977927902,0.07212172969852776,0.0025262790837836456,0.06774649400922518,0.11664868300183624,0.0038532622265762635,-0.001132633832318893,0.026301885837768785,-0.0038088193455023925,0.09537681136628406,-0.052237521860268296,0.019828041161775365,0.12954333805600796,0.022843032556827857,0.28536151791235076,0.0526751991342894,0.07656219770478112,0.04115343607459866,0.0033686155622117643,-0.10842107107210525,0.0060153442690627085,0.029558414013123657,0.0849276108921452,0.29354085523364193,-0.04605344480524563,0.2694919280359238,0.05907416575821124,0.06416259862556657,-0.008142750332341004,-0.026303139347301677,0.12636427393935548,-0.04089793253246313,0.05448232196855133,0.06872420719841951,-0.01836776089420388,0.013859183437186187,0.017810532824285626,0.1287239112045566,0.06990888868942244,0.4942581329631962,0.03517568482835653,0.01318711171450387,0.06923338471364623,0.03057578779856713,0.007757920534469825
FLAG_GFI1,0.07771191406106036,0.00925980739305444,0.02091841941122442,0.08250630637764403,-0.013028785391999621,1.0,0.15795844755274263,0.2621732214160429,0.06537376639476732,0.034528345448410415,-0.08494749044737776,-0.010516670534228813,0.1087762861239711,0.1655748694474645,-0.03217799128994859,0.08675907535392079,0.03522925170136984,0.041676935258310066,-0.060337011448383125,0.07706615639920737,0.1299068520978009,-0.08450292218673609,0.08767309977482994,0.020097964738798723,-0.019931783119865425,0.1029789727226799,0.09351024506283231,0.21215098030786683,0.2562179724481181,-0.12974838101605346,0.015534949633909155,-0.054142478890008255,0.015985940584250725,0.10616490351866614,0.142269397686921,-0.059978765421801236,-0.18668251626448548,-0.039580579208764205,-0.039897925322432276,-0.09942832014622568,-0.003696797798641975,0.35372614057249807,0.0020123143921967636,-0.11853447815153556,0.011758555013003272,0.008294392314151248,0.29501363252288465,0.008481089097089887,0.10122219666731527,0.006286503027811526,-0.034424792926951574,0.05203298027054747,0.00917632192014944,-0.03654360864601061,-0.025596410654452634,-0.12667250380550596,0.41391890858468994,0.0013836211224932966,-0.0037391931770548188,0.09222886922580187,-0.04738325224308616,0.009904573506093686
RUNX1,0.14768428720841553,0.08180716897134409,0.04902178213641725,0.11786646368677954,0.04236932677619297,0.15795844755274266,1.0,-0.009764965893793888,0.27452610672875444,0.07720586920595245,0.09261245993714333,-0.004917354212726234,-0.02018713908791469,0.004699135826105357,0.04784796141996245,0.04810656178334129,0.30532801428443807,0.20744297349907434,0.10515291168065814,0.0566587869803008,0.7478108114515534,0.1751064209393704,0.020244102379739205,0.1391819190604825,-0.013868645080248997,0.03393552767115739,0.10548677559317352,0.040218256308591986,0.06448225831134251,0.011493538710534351,0.032745700748272065,0.02386730261968485,0.06525287834021816,0.09897671327520424,0.17299392443696326,-0.09112336907173732,-0.15007889535905447,-0.018794787794368963,-0.040383742979984656,0.06123533549773582,0.0637606525541889,0.04644389670294655,0.1567859257586361,-0.057652289331492454,0.20582467086287587,0.04850833699558082,0.02325313317154438,0.09235765443494297,-0.1027001516707619,-0.13971887152308712,0.15807804129251332,0.1080012159108784,0.0303945727746602,-0.04924015618925477,0.026672876274508255,-0.005642033792066087,0.345743537038164,0.06162031970791069,0.04247534764256224,0.06270090161898723,-0.04369392757411788,0.02674690084872934
FOSL2,-0.05180770995492008,0.00623490603362737,0.4524723156152922,-0.00642542605368165,-0.02537119912260213,0.262173221416043,-0.009764965893793881,1.0,-0.012143614706263368,0.02228784185320324,-0.10349071181219736,0.24216596892020334,0.12165858193239172,0.3717760992896786,-0.06507782426513493,0.0774398524446628,-0.06978131316984057,0.0010558528174307736,0.01997251153141315,0.25850721571151064,-0.0188243647675365,-0.013479767437928244,0.015828780011654803,-0.028596405926117858,-0.003144719963855179,0.3125018591853552,-0.040604628238841485,0.19730130657821893,0.10822363430013217,-0.08568196667843876,0.04207894919531888,-0.021144149407611335,0.12298929578742315,-0.03620728996470958,0.06484249465181559,-0.02300248380684653,0.5320043032454169,-0.050308559865852975,0.10848271111451543,-0.06323710314035427,0.1920133491562501,0.5145589431325208,0.07484263197338384,-0.11611870945618363,-0.0434845788969418,0.036888291903805874,0.6448740658370501,-0.03378422049539057,0.10558470554675446,0.011449233797710897,-0.03436271575163274,-0.03865137839044766,0.039022366731236234,0.1570833012452633,0.13029191936014048,-0.1149604808710391,0.6708255552387645,-0.004279459632111365,0.04504232385494468,0.10315359749332394,-0.11400692096824151,0.001768476149424449
FLI1,0.08221620252714824,-0.015794193049776934,0.10542168260054369,0.042789607412023915,0.43090728473148704,0.0653737663947673,0.2745261067287544,-0.012143614706263383,1.0,0.028527763092616423,-0.0011735796010215816,0.019033906479744844,-0.013870679207978982,0.007468944893064739,0.1355613886265546,0.01777825228895119,0.226073207486164,0.2661073888815656,0.14646066201411612,0.042642215085026844,0.2559978473178498,0.2085615765682536,-0.021115277730093213,0.06606241741644465,-0.0077077677417618905,0.010004052576844913,0.07735852962929748,-0.02188735946717857,0.03912230455029541,0.13749853909669849,0.013365703014186802,0.2859604437051483,-0.009016282017052875,0.04962582389022973,0.09301668580231785,-0.062426659452964765,-0.1503572156119157,0.02129061949279415,0.1845815605263702,0.17581711608351608,0.0055962152293043315,-0.11991110691617456,0.2142929950951478,0.05263490633749328,0.1186072992274163,0.0009927584764248712,0.003686463714336829,0.11163636276757677,-0.08814324574514515,-0.0953125068121428,0.1392896747509926,0.06061409393818975,0.01581785560603639,0.02020341705847457,0.09710051311597177,0.09857723552760325,-0.18464658179008164,0.047708686047054596,0.09206920258252067,0.13413704345318925,0.04394177101937261,0.0145412501333596
GATA2,0.04443694782383146,0.13982869643631532,-0.019020410071283713,0.016185406964230525,0.014416284868288573,0.03452834544841038,0.07720586920595246,0.022287841853203268,0.02852776309261644,1.0,-0.05589748804237173,-0.023936623707932245,-0.023118580562256616,-0.0592412991794308,-0.021917802249991195,0.008195831664655675,0.04148411551405546,0.14306095571071295,-0.010940888402518813,-0.015111633870187682,0.07177406344014071,-0.0013166193520970822,0.04428541190458286,0.039115806193266,0.005588751950820528,-0.0021760423255003376,0.058204112087814695,0.0670156951679646,0.026733228845990952,-0.03419842779529405,-0.012859623782325632,-0.03628801584212968,0.009542313019993504,0.07696219613485653,0.01197369895861201,-0.020422647666280692,0.3331338980883713,-0.03972858175079444,-0.16595712624588888,-0.017180544530614385,0.009417173774268765,0.09243573131087854,0.017189532286032577,-0.06901949904421108,0.023667785033137063,0.011928701570350782,-0.0067020600437865015,0.024862499760495566,-0.021702418851298717,0.05006638380862416,0.04838869618910652,0.012282127504080446,-0.012502064327340195,0.0007724111447106169,0.05345847547515778,-0.06274378121602303,0.5749580063334805,0.01247787273294023,-0.027968000289731374,-0.020827298941171097,0.04927556877973261,0.003528454077528311
SP1,-0.13391658107155213,0.01832034071271355,0.02801387537784758,-0.11377909151243173,-0.003684063450057959,-0.08494749044737772,0.09261245993714327,-0.10349071181219731,-0.001173579601021579,-0.055897488042371726,1.0,0.14338751994331447,-0.0201861545371347,0.0035375292253314234,0.04241226907487814,-0.017722257933900993,0.09736296876992993,-0.04529840110535746,0.19094413328425483,-0.009937700709706116,0.030202749685383817,0.29666437742507157,-0.1325306016142009,0.021251285589870352,-0.006628778701298514,-0.01080185162837897,-0.14163561557864987,-0.13347026023704836,-0.02051639776268328,0.29305298582060496,-0.005149007175715387,0.1043155899412543,-0.061117679216234,-0.15777212149171954,-0.057004708963236915,-0.023147467962824676,0.09955596233561571,-0.005462508461929629,-0.04622770261678665,0.16822836848207307,-0.05720448175202375,-0.058178448332396895,0.0044790880016551855,0.17616595991824172,0.11095779773872472,-0.08012981558751407,-0.06811690034272756,0.007127155544028038,-0.07079595622442399,-0.1095397351290823,-0.036788339229329545,-0.12002204931746764,0.0017354649846023152,-0.026510842330137424,0.053759659250862825,0.22873043062473797,-0.005266704714134593,-0.08777104129579096,0.05797343319992876,0.08370616230926625,0.03471675109127313,0.01656725790024674
E2F3,-0.09144271491697561,-0.010392006481224377,0.03220220634315045,-0.07329097300822471,-0.019157576843412773,-0.010516670534228799,-0.004917354212726242,0.24216596892020348,0.019033906479744837,-0.023936623707932203,0.14338751994331453,1.0,0.018043235604410783,0.6880004232264397,0.054120874018081196,0.022512739608896923,0.06464129856682299,-0.04513676225953766,0.15199200624023018,0.09701725929176654,0.029935210342681536,0.23005154380137727,-0.07944834851972347,0.03161527812770225,0.0032797379449609723,0.09333579322815451,-0.09187574381372678,-0.03905712348643518,0.03112374608005703,0.1594355854329607,0.009630296777301005,0.029053365347117083,-0.005120330408318667,-0.08280177570207072,-0.010225005923440906,-0.013185459181760392,-0.1378711773904994,0.09686281179839785,-0.05657820053101557,0.17260839224870334,-0.06009650955007223,0.08123904980455553,0.05148680482338341,0.11461068415299724,0.05505961169922465,-0.07185744254193924,0.050046890119944364,0.015503427733546253,-0.04665276510383413,-0.04700635018143628,0.017983593174822964,-0.05341786104995968,0.015352089338656151,0.02817723201245511,0.039959059704815,0.1583746513868963,0.2865338989768364,-0.04980642098471913,0.0796153400088669,0.11608560510095071,0.03379386509232399,0.014551734441497695
ZNF281,-0.04359288320690156,-0.007515152419433885,0.09444793595020538,-0.021583588557629433,-0.01785729854005941,0.10877628612397115,-0.0201871390879147,0.12165858193239172,-0.013870679207978976,-0.02311858056225661,-0.020186154537134706,0.018043235604410776,1.0,0.12278493626328946,0.05882206891461792,0.027660788854374667,-0.013997745840506356,0.00018957152208050058,-0.02229037131696906,0.01041641392764789,-0.028823819186987183,-0.025296188254176795,-0.0051587375029134575,-0.011755185531663711,0.02105217996917638,0.0051792294948806005,-0.01688178733553187,0.1775709148722306,0.4494636067254502,-0.03455338314062384,-0.052975758918980626,-0.008145782616983498,0.11237547488948807,-0.03161662621859192,0.4007719637643153,0.001989970224579435,0.45252848831076303,0.016230483730608047,-0.0560409370581612,0.005912301067764866,-0.11983189549884427,0.19951729247664401,-0.015343956935670424,-0.039466001546257685,-0.007627725547044268,0.014392363538831677,0.26911790974198935,-0.013629636084707544,-0.005365642588552517,-0.014746298353091616,-0.0069320224901958825,-0.025250481019358787,-0.05456742362473186,0.00017913417188995624,-0.054395704322211864,-0.029288269179191757,0.30723599078322256,-0.008914178281865113,-0.008370097991286296,-0.005429005536200434,0.08739955942902032,0.004442963042533026
SREBF1,-0.004953203763924184,0.03490596574991598,0.01723011223111851,-0.020364534791321116,-0.017279091470467384,0.1655748694474645,0.004699135826105356,0.37177609928967836,0.007468944893064766,-0.0592412991794308,0.0035375292253314204,0.6880004232264393,0.12278493626328947,1.0,-0.004234506763799359,0.04720578071604756,-0.020106146492416547,-0.00890846523970722,-0.002677866225442493,0.15257188452197362,-0.00014697082995810188,0.004810667253027951,-0.012184094749840231,0.005557915465023962,0.001125773601799421,0.15032929601753597,-0.03023693295741884,0.1463379010408865,0.08640202048934098,0.002719848860168577,0.03149305225479495,-0.022804428380030127,0.1161046183693855,-0.03249478796784262,0.01787570499040617,-0.0052834633861216515,-0.15911078636930295,-0.016605601421477566,-0.011404474582783307,-0.00020764487164725507,0.2925876021660326,0.3109743252237633,0.03391406383827078,0.006705053979002824,0.000751850115564629,-0.03766326334899283,0.21474434788393476,-0.0011407808000316502,0.04379979481920711,0.03357248410175597,0.03408274701755947,-0.011490088886497447,0.029590090519844944,0.023747825253030527,0.11812245016177925,0.00882555174223167,0.6620685861778586,0.00295718861091893,0.03740603963206423,0.11504309368919499,-0.030113925325601018,0.00387765538501482
LMO2,-0.03395583823358318,0.0796009867598953,0.06948336260415697,-0.030271613893256825,0.027611951607797947,-0.03217799128994859,0.047847961419962476,-0.06507782426513492,0.13556138862655465,-0.02191780224999119,0.042412269074878134,0.05412087401808118,0.05882206891461793,-0.004234506763799351,1.0,0.007871478857285777,0.10407573424243745,0.5547422574967852,0.2102877542305384,0.0002974392218718523,0.09994807201684162,0.1974604471349499,-0.05780699046050091,0.06620281748013347,0.03906116806665309,0.0007839414487572556,-0.05103877708711581,-0.06684447094506984,0.10234066531950786,0.3008383709924699,-0.019693800821124582,0.10641822771874926,0.024597276074750107,-0.042356520882654694,0.09200268753939776,0.011317450199388209,0.17404828728892444,0.19010497024347775,0.1668819678152919,0.5545142251729804,0.1646243881830027,-0.024131984957638464,0.14217707951525588,0.2504894079859416,0.08572224070714402,-0.005850412206498388,0.035183862827320125,0.02509028864547652,0.0871313381162056,0.007571084017289283,0.13609257009515136,-0.033901989487326444,-0.021510594406791664,0.007727863978239884,0.038592374165741725,0.29269638246468227,0.2071876838352533,-0.007737405395402992,0.1995553347809222,0.3934907878188832,0.22107334872979031,0.022289597026134082
STAT5B,0.02525162418207385,-0.026478067325011734,0.06649989170522555,0.014758950143598808,0.009779329907802123,0.08675907535392076,0.048106561783341245,0.07743985244466277,0.017778252288951194,0.00819583166465567,-0.017722257933901,0.022512739608896916,0.02766078885437466,0.047205780716047516,0.007871478857285771,1.0,0.040458156077090995,-0.0013376633344619217,-0.009287032973311023,0.02907834577348231,0.05065552888298403,-0.008340652382075917,0.03888789243312314,0.012102503265734959,-0.0067942985321155416,0.03701512708835565,0.028167073243044342,0.10683365786243443,0.08861177991507173,-0.05150345983052692,-0.008255861195990442,-0.011081034462788464,0.031608989579646626,0.0409713417548502,0.0859737465938701,-0.00859420896541424,0.005766136650199725,-0.01556161868692988,-0.03377484275628246,-0.013151706090588246,-0.024957797924204723,0.11047335743070788,0.05132275448410726,-0.04179479234109993,0.03936118813359377,-0.001946642199507542,0.05886580460057446,0.030709896478193364,0.0223484996293227,-0.02408770925697748,0.047873930290494464,0.034902731830373394,-0.004489376809599368,-0.020039370402160615,-0.02718932522343506,-0.03369630305393198,0.25287894267446115,0.01624823105405726,0.022108781485087697,0.07994801857570086,0.041665255420319236,0.009389285634757957
ZMYND8,0.06536561082180159,0.003038061927678097,0.03554234483354433,0.0570479564722802,0.24134972919647255,0.03522925170136981,0.30532801428443807,-0.06978131316984057,0.22607320748616383,0.04148411551405547,0.09736296876992993,0.06464129856682299,-0.013997745840506351,-0.02010614649241651,0.10407573424243743,0.04045815607709098,1.0,0.13896238466024896,0.20448887332857457,0.023393437039999982,0.3943375439925856,0.29594430638507524,0.008381365895949861,0.06589542220723837,0.040031339629114565,0.018912639488443142,0.05242560663815059,0.012004819216474245,0.11528263269996054,0.15596293977755019,-0.007649177086311306,0.15433878835287929,0.09674625768546763,0.07864944452162392,0.28016073603120073,0.06403252033974127,-0.034308680505577525,0.09358374548118736,0.07962806750032898,0.15407985492852608,0.10119857212654071,0.04320857700783272,0.14531299629243857,0.11944663653627535,0.2662075901427882,0.015625585498818383,-0.03146254516764409,0.11166074382960375,-0.07610463143464313,-0.003941472101925682,0.0970384962283104,0.03029040163664288,-0.011417143837748823,-0.0260271194582127,0.06992781231077128,0.13536891459460434,0.11274882049619585,0.05726184262291328,0.06804984996897849,0.17649302383432708,0.005461402247877996,0.024644888042836415
LYL1,0.021381209907873178,0.1378008112977248,0.02080076198000485,0.07413862123378975,0.05260703977927902,0.04167693525831006,0.20744297349907412,0.001055852817430772,0.2661073888815655,0.14306095571071295,-0.0452984011053575,-0.04513676225953769,0.00018957152208051413,-0.008908465239707217,0.5547422574967854,-0.001337663334461925,0.13896238466024904,1.0,0.07566653586486788,0.08616374781025303,0.18722061099741094,0.10526193305012356,0.02630230192198667,0.13403304084077128,0.011702702975851234,0.0025501905732085166,0.04760782927750746,-0.0012531973264606078,0.042302116065956206,-0.012086060327077921,0.02248390668064792,0.025217484521928926,0.04576795954472832,0.05791783988781175,0.11304788467585618,0.0071997912877075675,-0.016552156618140038,-0.012381009722998547,-0.0713331976467716,0.029918508728486944,0.15047240797217235,0.5825947256185734,0.11796953579681105,-0.09262332160448378,0.09962507228861062,0.017630086006355884,0.01577593829302021,0.0785134479620789,0.08491187333932967,-0.028633715340884647,0.11145722760126969,0.036350870787531527,0.017240411904364605,0.029045841142646984,0.04357432215682753,-0.05204542832515001,0.6811923356517812,0.056018627105927074,-0.006870691229334379,0.04438421988919277,0.020174631532062306,0.003716633443152256
MYC,0.018707313929499148,0.04612285505659133,0.053049879036062814,-0.06606565670277215,0.07212172969852773,-0.06033701144838312,0.10515291168065798,0.019972511531413172,0.1464606620141161,-0.010940888402518806,0.19094413328425489,0.15199200624023015,-0.022290371316969072,-0.002677866225442491,0.21028775423053842,-0.009287032973311024,0.20448887332857477,0.07566653586486789,1.0,0.023865841892025345,0.17668058671435186,0.6902641378921865,-0.08257289898275921,0.05436438864267339,-0.022483546649616843,0.02362156361869509,-0.02670501302783111,-0.06781991155950841,0.04676435780720227,0.4649642099412316,0.011687206073657287,0.24467376684386644,0.022918995417420648,-0.03886239969790291,0.06255023066818519,-0.027661728611405322,0.18590093614490993,0.09320175850759999,0.3886471118208701,0.4823947168194912,-0.03098160060250082,0.12933868785775707,0.18976544782243254,0.336876267254575,0.13646777196732185,-0.02589841312066829,-0.0017312537747722807,0.0626268482827531,-0.14702202507842985,-0.11540894193806465,0.20647741405014314,-0.007929549779562582,0.015133779672522654,0.011836977646621333,0.0848986611701491,0.4035171041051604,-0.014919065468759266,0.01557099150769531,0.23005319171701807,0.2817626484199331,0.15472129328088566,0.027297307983098706
TFAP4,0.02075630066349008,0.06742359617438679,0.03576866725618154,0.02000261285423444,0.0025262790837836417,0.07706615639920737,0.05665878698030082,0.25850721571151053,0.042642215085026844,-0.015111633870187687,-0.009937700709706112,0.09701725929176651,0.010416413927647881,0.15257188452197357,0.000297439221871857,0.02907834577348229,0.02339343703999999,0.086163747810253,0.02386584189202534,1.0,0.06031988302925405,0.04210965545598634,0.01575077416881888,0.013033889574948327,-0.012558022050317133,0.8186137450590047,0.02059091975166864,0.06270670355751956,0.05608923283932461,-0.02295655051605167,0.006556698224555425,-0.007849413939430455,0.1944831516730408,0.020196262755455063,0.11158922855723415,-0.021575103912935944,-0.08017463516158253,-0.005959329653988441,-0.07237510983082478,-0.013426803852294672,0.12313977137503676,0.16585898231497373,0.051010357782992066,-0.03166418988466918,0.03599427153721992,0.03244889586729358,0.20876086241702202,0.011589355373328865,0.11103852481796449,-0.041661826306427764,0.02017229448441369,0.035216965541692215,0.0030388520902399326,0.03797725453030857,0.02394217367528605,-0.023693286108346583,-0.061629893385538224,-0.006956904530414421,0.022162175052983384,0.05192383916038675,-0.0019101823876501488,0.007412706275306865
RUNX2,0.1606235968607955,0.0347806120395472,0.042070571220213265,0.15751493694496374,0.06774649400922517,0.12990685209780098,0.7478108114515535,-0.018824364767536503,0.2559978473178496,0.07177406344014073,0.030202749685383817,0.02993521034268154,-0.0288238191869872,-0.00014697082995810006,0.09994807201684164,0.05065552888298406,0.39433754399258564,0.18722061099741094,0.17668058671435177,0.06031988302925407,1.0,0.2734571439874421,0.0314573568050088,0.16794917119856378,-0.006000712372664256,0.04027178126034477,0.12762761806666392,0.03357054695825547,0.10234019819378777,0.08556935021829722,0.015895701621236682,0.08422011972178023,0.0496101247744792,0.1577959060848594,0.2889683032328202,-0.09936088225471947,-0.20267200189073267,0.00538329437028923,0.03333981773856958,0.16160564227673,0.013779025915408588,0.040129739823973144,0.14602836510972633,0.01893327091745925,0.33955864971420147,0.04929982175524465,0.0014667170812619759,0.1154156223039154,-0.12106810030385609,-0.15992790487028166,0.16099969288604205,0.09165229632605613,0.018149079999091995,-0.022735962690801474,0.0664099429534509,0.06866430036455087,0.20910705649770744,0.07970169931283091,0.10246270331617278,0.13060420544840867,0.014665429964474995,0.024538173622371425
MAX,0.0433119138005691,-0.006606150063617487,0.060961166666937995,-0.04381056400639939,0.1166486830018362,-0.08450292218673605,0.17510642093937034,-0.013479767437928244,0.20856157656825353,-0.001316619352097078,0.2966643774250715,0.23005154380137724,-0.02529618825417678,0.004810667253027937,0.1974604471349498,-0.008340652382075923,0.29594430638507535,0.10526193305012357,0.6902641378921865,0.04210965545598632,0.2734571439874422,1.0,-0.10554772510121897,0.0922909988691216,-0.02561775410323286,0.005546825552246038,-0.03179287425439833,-0.1368500602740892,0.03420538176710662,0.5227867433268338,0.015022212513866862,0.3265696293047109,0.005699520593534932,-0.03808813801171771,0.09299699112338378,-0.06443124860836494,0.1471543644783729,0.019288260394193853,0.14276915669400142,0.5068217760464678,-0.08599654234159267,0.07374071264871776,0.20178313841463824,0.3836310196632114,0.22381704711187353,-0.030808797557596,-0.05085123946425956,0.09327576148867035,-0.20947782985919625,-0.18382581300413814,0.20056712200145033,0.01549206678463142,0.023316606075411108,-0.018040208326076383,0.09771753231738103,0.42138295279650656,0.3414381345848246,0.013342793826154635,0.2187432641221847,0.3185375955013235,0.09890855602863177,0.032334308898069604
IRF8,-0.011578648715381251,0.058121914603082074,-0.03270854214967395,0.05759520252605968,0.00385326222657626,0.08767309977482994,0.020244102379739202,0.0158287800116548,-0.021115277730093224,0.04428541190458286,-0.13253060161420083,-0.07944834851972342,-0.005158737502913457,-0.012184094749840231,-0.05780699046050091,0.03888789243312318,0.008381365895949858,0.026302301921986657,-0.08257289898275916,0.01575077416881887,0.031457356805008815,-0.10554772510121908,1.0,-0.005497962282284082,-0.003144165928425099,0.01588944438149055,0.3957922224183043,0.057074009661842486,0.031008332477153074,-0.1503796630861015,0.0006057656276618018,-0.09160032596730928,0.05411320024841039,0.41644464133885223,0.11157537954999013,-0.11447201243401635,-0.26529892446770215,-0.03103409118425717,-0.10588117910931279,-0.12957303693375502,0.020272314349633017,0.010864786819589608,0.0018677549448261285,-0.2513224440975413,0.01640052333824832,0.04114113157376778,0.03117812588003042,0.05037070838434251,-0.003125278649240432,-0.10971615746524131,0.02323454591426445,-0.022845684809474437,0.0008044913329030322,-0.028407823974688075,-0.028032586747742422,-0.19378046534835836,-0.01741521428905377,0.05174405115424046,-0.08751200114750445,-0.0729872604453886,-0.06266009142877779,0.002276043137358667
MYB,0.08322280195566771,-0.0022038409040613105,-0.012911366014073545,0.07912801075678824,-0.0011326338323189048,0.020097964738798716,0.1391819190604825,-0.028596405926117865,0.06606241741644465,0.03911580619326597,0.021251285589870324,0.03161527812770226,-0.01175518553166371,0.0055579154650239725,0.06620281748013346,0.012102503265734957,0.06589542220723835,0.13403304084077125,0.05436438864267336,0.013033889574948325,0.1679491711985638,0.09229099886912162,-0.005497962282284077,1.0,0.002033603052564781,0.006372859490059773,-0.0035788896453565157,0.013468517304146336,0.037146093422518504,0.036434109563855656,-0.004515929211799237,0.0013717690419953082,0.06011782620238434,0.01659933524722107,0.11622757565237242,-0.047218920350763194,-0.5206461279009468,0.044799490205061895,-0.05232664391910985,0.09064343705369549,0.03577754507510257,0.15842087318233697,0.08342709931157113,-0.024128244171757896,0.2667381543988549,-0.002805057001979256,0.029217823099555566,0.04132859126533138,-0.014263612496134722,-0.058729501871239216,0.2017672268648014,0.044518092826119834,-0.003971201316082693,0.0189572779995943,-0.012116808066825555,0.01926661177334786,-0.12701833349685285,0.05663806525855816,0.03230913078826318,0.07480275922829363,0.03922783511857615,0.012985268616903668
ZEB2,-0.00642397368909508,0.18859752934089893,-0.003671668603285765,-0.0021367175412851233,0.026301885837768782,-0.019931783119865425,-0.013868645080248996,-0.003144719963855184,-0.007707767741761895,0.005588751950820519,-0.0066287787012985116,0.0032797379449609793,0.021052179969176382,0.0011257736017994244,0.03906116806665309,-0.0067942985321155416,0.04003133962911456,0.011702702975851234,-0.022483546649616836,-0.012558022050317126,-0.0060007123726642615,-0.025617754103232852,-0.0031441659284251,0.002033603052564794,1.0,-0.00838124352184685,-0.00044525201741489444,-0.011960969695937304,0.001564216668522444,0.0013053302514894375,0.0035427997761828204,0.005678544757424751,0.11014762673779444,-0.006756350072334542,0.05522184196032788,0.26192349680078136,0.509499954039152,-0.0336361643108547,-0.10191455770915295,-0.008963443765126812,0.07621852191291369,0.13118891464483523,0.002964797517337191,0.01447095512720331,0.04752830900817551,0.01084495121636513,-0.03700194033113526,0.0035189994900512453,0.04623063014788417,0.02975268693832055,0.0015096814702096144,-0.021026901469462088,0.002965519582600883,-0.0032614797677131676,0.042108818047431364,-0.005146875719678925,0.5269128646635992,0.027208906642698608,0.014276291230968416,-0.0006389126269621449,-0.0006840134000753881,0.00890128854721405
RXRA,0.009184495602126011,0.014604443918640443,0.025192058341336067,0.0005442693979808639,-0.0038088193455023942,0.10297897272267983,0.03393552767115735,0.3125018591853552,0.010004052576844915,-0.002176042325500342,-0.010801851628378975,0.09333579322815441,0.005179229494880595,0.1503292960175358,0.0007839414487572609,0.03701512708835563,0.018912639488443142,0.0025501905732085097,0.023621563618695118,0.8186137450590054,0.04027178126034479,0.005546825552246035,0.01588944438149055,0.006372859490059789,-0.00838124352184685,1.0,0.002597230175219004,0.07434055411826813,0.05898141613940151,-0.030816309158097147,0.010413938176411359,-0.013131884225082545,0.19009885932050563,0.005106897472848804,0.04752844220906242,-0.007594764856405073,-0.1411531297814776,-0.0057932010318223325,-0.05226253887374533,-0.012613186348220406,0.1840186916420607,0.17863112844193224,0.030496750405429686,-0.019769121345388316,0.016339847740149755,0.03170594645505087,0.2870435002886135,0.011158943035595252,0.11125755079739946,-0.0150208082109849,0.0202103691219495,0.022550489458403485,0.007294688661127198,0.022486549904556438,0.055428145934490185,-0.017964496521829024,0.299444643276419,0.024526752444441097,0.022121825969515837,0.08110558851078165,-0.003260094292616592,0.00737275574117656
SPI1,0.02184427662724875,-0.019487998556989503,-0.016133685643735737,0.07212274839161908,0.09537681136628405,0.09351024506283227,0.10548677559317353,-0.04060462823884148,0.07735852962929744,0.05820411208781469,-0.14163561557864976,-0.09187574381372679,-0.016881787335531865,-0.03023693295741884,-0.051038777087115815,0.02816707324304434,0.0524256066381506,0.04760782927750744,-0.026705013027831084,0.020590919751668636,0.12762761806666387,-0.031792874254398334,0.3957922224183044,-0.0035788896453565187,-0.00044525201741488034,0.0025972301752189998,1.0,0.027641664571652996,0.009760747400440792,-0.11875818132504136,0.018733460356746466,-0.021915503247853994,0.016280104495750944,0.7668031770107332,0.046313672742915105,-0.1276601764035383,-0.17202731007465524,-0.019278995704991687,-0.018162032910382667,-0.08369371777495734,0.03015940611552155,0.025582648330685714,0.05817054226155825,-0.2191042254981648,0.04277516498598479,0.05198748885666709,0.00547979183209584,0.11963375336611382,-0.0872790223702225,-0.10615443570073188,0.05118776275801363,0.011181207901470341,0.020325708480086364,-0.015480180006932211,0.0101311097382749,-0.15588470713018518,-0.1319802642987449,0.06839719454907346,-0.07035686254073208,-0.05931244785968128,-0.053235684114412235,-0.0008581724971587265
MEF2C,0.0765981580871606,0.11703538163990791,0.01998259510509593,0.06368710833889644,-0.05223752186026834,0.21215098030786672,0.040218256308591986,0.19730130657821895,-0.021887359467178562,0.0670156951679646,-0.13347026023704842,-0.039057123486435176,0.17757091487223048,0.1463379010408865,-0.06684447094506986,0.10683365786243453,0.012004819216474243,-0.001253197326460614,-0.06781991155950846,0.06270670355751957,0.03357054695825546,-0.13685006027408925,0.05707400966184253,0.013468517304146338,-0.011960969695937289,0.07434055411826818,0.027641664571653013,1.0,0.5061965497475617,-0.18044525247119175,0.039211489135175887,-0.10583435841824199,0.055610061315610235,0.06939221111756419,0.11442080303725537,-0.06960339689173879,-0.28585370013000166,-0.031439408024135,-0.06395183928150666,-0.1341708577496824,0.16089886097985495,0.28763837827085365,-0.03214870910818102,-0.24301114429890622,0.017550974290611705,0.04412612563514966,0.20918102747739695,-0.007292353700197082,0.17873642018683383,-0.00879142436963267,0.046550643512511765,0.02523324593579272,0.03364661101996128,-0.03412569903059399,-0.03286152095568467,-0.21626231607607105,0.27718518310697826,0.06865732643884265,-0.029954461118480293,0.11330393471326823,-0.06855598176405168,0.010338617864715027
FLAG_MEF2D,0.08802669964118881,0.07960043898397254,0.08599282118716428,0.03748800517227286,0.01982804116177539,0.2562179724481183,0.06448225831134242,0.10822363430013222,0.03912230455029542,0.02673322884599096,-0.020516397762683273,0.03112374608005702,0.4494636067254503,0.08640202048934098,0.10234066531950792,0.08861177991507178,0.1152826326999605,0.0423021160659562,0.04676435780720227,0.056089232839324564,0.10234019819378777,0.03420538176710661,0.031008332477153074,0.037146093422518504,0.00156421666852244,0.05898141613940148,0.009760747400440794,0.5061965497475613,1.0,-0.003465101870086028,-0.005516064299150708,0.0200385617853893,0.08853278471210967,0.05172810978126322,0.4751639897857856,0.03264833209789574,0.25897722799435574,0.026321565880917993,-0.004647753306222711,0.08027415195981469,-0.036287876420537706,0.2291021137690712,0.0473400064427465,0.05447232268618013,0.11357203088751293,0.014191987295120235,0.17244876177157972,0.04128963075345655,0.08923710463745158,-0.0009120393618488129,0.08505854308563902,-0.004254551131279759,-0.003241634028975672,-0.019683565061432887,0.027047200585514117,0.03832720718157517,-0.027154022512577435,0.07521228344621422,0.07602661682899967,0.24777654473206986,0.03218342837198797,0.028230994983286874
activation,-0.04879682167586404,-0.03255443413649215,0.07021215525016725,-0.1343619130417837,0.12954333805600798,-0.12974838101605352,0.011493538710534344,-0.08568196667843875,0.13749853909669835,-0.03419842779529404,0.2930529858206051,0.15943558543296069,-0.03455338314062385,0.0027198488601685713,0.30083837099246974,-0.05150345983052692,0.15596293977755019,-0.012086060327077926,0.4649642099412309,-0.022956550516051683,0.08556935021829734,0.5227867433268326,-0.15037966308610168,0.036434109563855656,0.0013053302514894386,-0.030816309158097167,-0.11875818132504128,-0.18044525247119172,-0.0034651018700860266,1.0,-0.010055279239913006,0.3359431235187935,-0.06538055595600356,-0.1389584694398623,-0.061211829940440984,0.024420931310475485,0.05491224415823986,0.10644683574699688,0.1251491186977068,0.7566311840650458,-0.04570312753519262,-0.017841918953830915,0.17270867286044522,0.8801596704843867,0.11707573908874273,-0.05650493705476566,-0.05296179794951315,0.03887437212620654,-0.17018079293552285,-0.13059328639371268,0.15309007552447812,-0.1174941914643348,-0.018281359958409023,0.014403348548280289,0.22818332754789852,0.8078932341814683,0.5454551279371842,0.05989169271436928,0.32445557564344846,0.3629599626511471,0.31737745389618793,0.0526862624759735
repression,0.009530435576165891,0.10689418215223558,-0.011662776444244715,-0.01282805675565262,0.02284303255682784,0.015534949633909154,0.03274570074827205,0.04207894919531893,0.013365703014186802,-0.012859623782325625,-0.005149007175715385,0.009630296777300987,-0.052975758918980646,0.031493052254794957,-0.019693800821124582,-0.00825586119599045,-0.007649177086311299,0.0224839066806479,0.011687206073657289,0.0065566982245554295,0.01589570162123669,0.015022212513866868,0.0006057656276617976,-0.004515929211799243,0.003542799776182822,0.01041393817641135,0.01873346035674647,0.039211489135175914,-0.005516064299150705,-0.01005527923991299,1.0,-0.009468520353516413,0.07624352281813176,0.003780948941319591,0.0041437517751946405,-0.08096349695537276,-0.013180058310964703,0.09154939172456356,-0.10510301417027998,-0.03981814469327769,0.9158410339143811,0.10490142889591451,0.0018818554949723784,-0.06425696456479182,-0.0068531349563610774,-0.018354112466352556,-0.017378766023405004,0.0037223910982573613,-0.06308842509013216,-0.07408295670625047,0.032657386086224205,0.005871633124568156,0.989772578773,-0.07839730653145581,-0.03755656514861059,-0.041331250621401666,0.21924276847879576,-0.007973477808681002,-0.009220561120939996,-0.010223210907225206,-0.04695667686066553,0.018358682634697004
ELF2,-0.023341991170606466,-0.013945698499503535,0.16063377907784052,-0.06398714870669873,0.28536151791235087,-0.05414247889000827,0.02386730261968484,-0.02114414940761134,0.2859604437051484,-0.0362880158421297,0.10431558994125431,0.0290533653471171,-0.008145782616983479,-0.022804428380030127,0.10641822771874919,-0.011081034462788462,0.15433878835287934,0.025217484521928922,0.2446737668438664,-0.007849413939430448,0.08422011972178026,0.32656962930471084,-0.09160032596730928,0.0013717690419953084,0.005678544757424749,-0.01313188422508254,-0.02191550324785399,-0.10583435841824194,0.020038561785389302,0.3359431235187937,-0.009468520353516408,1.0,-0.02554787795985407,-0.034872672650568884,0.0007669749673940781,-0.01517560257859671,-0.41346824894309814,0.016171935090335963,0.14714278130172903,0.2970990849906253,-0.034589390026674945,-0.005196269463052245,0.0922497890073528,0.21455787933325068,0.06594695413345088,-0.03716832300258899,0.010846481029397725,0.06587663154949544,-0.08944067236298853,-0.03831499448643764,0.06791543398363949,-0.04103611912283318,-0.004801938809729544,-0.002701835970528887,0.11810268993367942,0.2539646768479169,0.34832423398287893,-0.01920837071313144,0.10058464215634905,0.15448987105983586,0.05129704494007918,0.019921367555848463
JUND,0.07318855468507751,0.5320268437696571,0.5107848152884183,0.0817632795274911,0.0526751991342894,0.015985940584250714,0.06525287834021816,0.12298929578742321,-0.009016282017052861,0.009542313019993478,-0.061117679216233976,-0.005120330408318713,0.11237547488948821,0.11610461836938545,0.0245972760747501,0.03160898957964654,0.09674625768546762,0.0457679595447283,0.02291899541742066,0.1944831516730407,0.049610124774479215,0.005699520593534925,0.05411320024841041,0.06011782620238434,0.11014762673779448,0.19009885932050546,0.016280104495750958,0.055610061315610235,0.08853278471210956,-0.06538055595600356,0.07624352281813172,-0.025547877959854078,1.0,0.032899526598645826,0.27220140742697374,0.015154426764589526,0.19616004822202668,-0.09350085389559384,-0.06171729914495219,-0.044951885189457835,0.5538063296327005,0.6019376434876116,0.006416306237628297,-0.06244602703607107,0.06410336298100901,0.04815059800325649,0.30907857113675974,0.024657434697664012,0.15258191543205024,-0.019459728196743777,0.013710838814931584,0.034876658499435755,0.05690790281164784,-0.06888772146095028,0.2248490969421568,-0.10025505846185404,0.1826220631694685,0.03278414291776995,-0.04606748673466111,0.02297491541116924,-0.0829177039848255,0.0034997372999702255
FLAG_SPI1,0.021226143640862758,-0.023377713137879924,-0.009748381864652378,0.08891117746557788,0.07656219770478113,0.1061649035186662,0.09897671327520427,-0.03620728996470958,0.049625823890229716,0.0769621961348565,-0.15777212149171962,-0.0828017757020707,-0.03161662621859191,-0.03249478796784259,-0.04235652088265468,0.04097134175485019,0.07864944452162391,0.05791783988781171,-0.03886239969790292,0.020196262755455056,0.15779590608485944,-0.03808813801171773,0.4164446413388526,0.01659933524722107,-0.006756350072334531,0.005106897472848807,0.7668031770107326,0.06939221111756422,0.051728109781263215,-0.13895846943986231,0.0037809489413195884,-0.03487267265056887,0.03289952659864579,1.0,0.10268442316718289,-0.15169795927805543,-0.22267788034832894,0.0027029689104245015,0.028829915174758993,-0.07470967418915693,0.009620029924061857,-0.03149495748471279,0.03312346665880533,-0.22876275310183675,0.08420176374178881,0.06774306834428977,-0.0013671924504658184,0.12521245348879334,-0.053229921056534485,-0.13533241876013555,0.05131484710561843,0.002455541773476556,0.0064091771359867065,-0.033748288968597724,-0.01469036449058902,-0.1548815602896306,-0.1509474521680419,0.09825209144178787,-0.07028720173110614,-0.04765548648893756,-0.026884333105522927,-0.0050226734673723215
FLAG_IRF2BP2,0.09774355101871206,-0.01119242646656659,0.08078053250862895,0.12154183742689076,0.041153436074598676,0.14226939768692098,0.17299392443696346,0.06484249465181555,0.09301668580231783,0.011973698958612004,-0.05700470896323694,-0.010225005923440922,0.40077196376431545,0.01787570499040616,0.09200268753939769,0.08597374659387012,0.2801607360312009,0.11304788467585614,0.06255023066818514,0.11158922855723417,0.28896830323281986,0.09299699112338375,0.11157537954999018,0.11622757565237238,0.05522184196032792,0.0475284422090624,0.0463136727429151,0.11442080303725534,0.47516398978578583,-0.061211829940440964,0.004143751775194648,0.0007669749673940799,0.27220140742697396,0.10268442316718292,1.0,0.05227946237394773,0.6050392064502284,0.0035880671134543665,0.02469281888778494,0.03862082990736742,0.07618756046253963,0.1412179838017906,0.10043179290237746,-0.08412561487201722,0.2750218747368504,0.017715899990817335,0.04234287566353853,0.09084703931567857,0.019004633466174533,-0.020000397277072722,0.16840580426439883,0.08499880752883274,-0.002497022310969575,-0.05071113194778652,0.01938852090896039,-0.06946712849118845,-0.030546259686448803,0.07077974168427795,0.10420666725868907,0.13925297527094913,-0.016122416417403456,0.020075738833001604
SMC1,-0.08178229202341929,-0.04577008404366296,-0.01306759317615824,-0.09623283122425033,0.0033686155622117673,-0.05997876542180121,-0.09112336907173733,-0.02300248380684649,-0.06242665945296479,-0.0204226476662807,-0.023147467962824658,-0.013185459181760392,0.0019899702245794403,-0.005283463386121654,0.011317450199388205,-0.008594208965414251,0.06403252033974131,0.0071997912877075675,-0.027661728611405326,-0.02157510391293593,-0.09936088225471938,-0.06443124860836492,-0.1144720124340164,-0.047218920350763194,0.2619234968007815,-0.007594764856405075,-0.12766017640353838,-0.06960339689173878,0.03264833209789572,0.02442093131047549,-0.08096349695537274,-0.015175602578596705,0.015154426764589553,-0.15169795927805532,0.05227946237394771,1.0,0.0030900842551105498,-0.0424004570052928,-0.07915946905840344,0.027289703859990112,-0.0386778650815223,0.037847357414916585,-0.04928171112520373,-0.05744341112838117,-0.018276755759846282,-0.059601393274777405,-0.019462069235797883,-0.021701958115169305,-0.07144156804326485,0.4537979298457136,-0.023475411754548623,-0.09977880061337345,-0.08917524068625257,0.004136694259102807,0.0002595565566026227,-0.06561620881429372,0.005300901359894954,-0.04328939319764376,-0.03518411663507824,-0.010654364478781542,-0.024309268046919817,0.0040833047651176605
LDB1,-0.01662340035819949,0.36163139577206616,0.1444366063934328,-0.23819993499471612,-0.10842107107210527,-0.18668251626448545,-0.15007889535905444,0.5320043032454171,-0.15035721561191584,0.33313389808837124,0.09955596233561574,-0.1378711773904994,0.452528488310763,-0.1591107863693029,0.17404828728892446,0.005766136650199664,-0.03430868050557757,-0.01655215661814,0.18590093614491,-0.08017463516158257,-0.20267200189073276,0.14715436447837288,-0.26529892446770226,-0.5206461279009468,0.509499954039152,-0.14115312978147776,-0.17202731007465516,-0.2858537001300016,0.2589772279943557,0.054912244158239865,-0.013180058310964728,-0.41346824894309825,0.19616004822202684,-0.22267788034832892,0.6050392064502282,0.0030900842551105628,1.0,0.4094081425169911,0.0,0.06367612209492868,0.037366629311743324,0.051123386006274675,-0.1691321284978608,0.15797394156359604,-0.12215522322763084,-0.07993944822752778,-0.034926533101082895,-0.30792801919996693,-0.16052403612862362,0.24566109832915622,-0.13859280801003943,-0.24634196306179051,0.24193814841213207,-0.12498736289797106,0.10278527465939055,0.7458697550874637,0.1547151931799924,-0.6462592180736243,-0.32637493003436596,0.011986361634708722,0.9999999999999998,0.0005615665367540243
H3K79me2,-0.030586681723293305,0.09274738068491205,0.0196058138442786,0.0006407393712527074,0.006015344269062708,-0.03958057920876419,-0.01879478779436897,-0.05030855986585297,0.02129061949279417,-0.03972858175079444,-0.005462508461929634,0.09686281179839784,0.016230483730608036,-0.016605601421477583,0.19010497024347758,-0.015561618686929875,0.09358374548118735,-0.012381009722998547,0.09320175850759997,-0.005959329653988456,0.0053832943702892214,0.01928826039419386,-0.031034091184257154,0.044799490205061895,-0.03363616431085469,-0.00579320103182234,-0.01927899570499169,-0.03143940802413499,0.026321565880917965,0.10644683574699693,0.09154939172456356,0.01617193509033596,-0.09350085389559384,0.002702968910424497,0.0035880671134543526,-0.042400457005292824,0.4094081425169911,1.0,0.22584023717178894,0.12632077375280315,0.11047228522270022,0.018131945402491214,0.14077156147873293,0.052258193544844955,0.034641557860474355,0.03825566312487228,-0.003191699954392866,0.01715452087013876,0.20694876897924974,-0.04581865961144515,0.04992846408248225,-0.025547732626755183,0.09176891835181628,0.0660749868924057,-0.06861651290377771,0.12415209386079741,-0.36703007261491377,0.0038245233546991596,0.05869938839251873,0.1365422227387625,0.2751187354680153,0.021720616130804848
WDR5,-0.059395645224515216,-0.2625689916135871,0.04258490873821883,-0.022197617897093035,0.02955841401312366,-0.039897925322432276,-0.040383742979984684,0.10848271111451539,0.1845815605263703,-0.16595712624588882,-0.0462277026167866,-0.056578200531015595,-0.05604093705816119,-0.011404474582783304,0.16688196781529208,-0.03377484275628244,0.07962806750032894,-0.07133319764677162,0.3886471118208699,-0.07237510983082478,0.0333398177385696,0.1427691566940014,-0.10588117910931272,-0.05232664391910979,-0.10191455770915284,-0.05226253887374532,-0.01816203291038267,-0.06395183928150668,-0.0046477533062227174,0.12514911869770673,-0.10510301417027992,0.14714278130172886,-0.0617172991449522,0.028829915174759004,0.024692818887784948,-0.07915946905840344,0.0,0.22584023717178903,1.0,0.17210082434107715,-0.19653561841891792,-0.16258452252754838,0.16962795932177255,0.10317250156052983,0.01528776358199495,0.06023014202088319,-0.032916627628671986,-0.0040878248951817485,-0.006973946760611732,0.10069474502095584,0.22005187598076117,0.008908017105126058,-0.10524714544755427,0.2809299523119542,0.44808126405221993,0.13035797072042032,0.0012213305834997928,-0.28081767446455985,0.39306649764607327,0.1672151433009166,0.2884166200735742,0.0030070284701489156
H3K27ac,-0.028098179347070033,0.005347898766298072,0.09359225085505933,-0.1049584717798967,0.08492761089214516,-0.0994283201462257,0.06123533549773577,-0.06323710314035424,0.1758171160835162,-0.0171805445306144,0.168228368482073,0.17260839224870325,0.005912301067764866,-0.00020764487164726684,0.5545142251729801,-0.01315170609058825,0.1540798549285261,0.029918508728486958,0.48239471681949125,-0.013426803852294679,0.16160564227672997,0.5068217760464676,-0.129573036933755,0.09064343705369544,-0.008963443765126797,-0.012613186348220413,-0.08369371777495738,-0.13417085774968224,0.08027415195981466,0.7566311840650453,-0.039818144693277706,0.2970990849906253,-0.04495188518945787,-0.07470967418915696,0.03862082990736737,0.02728970385999011,0.06367612209492869,0.1263207737528032,0.17210082434107726,1.0,0.01965318799898124,0.06496741424860193,0.25115941130180397,0.5784853977092667,0.13822424604439215,-0.03759293728453264,-0.012545022338861813,0.05432800276536059,0.032503514488506774,-0.07817483987445759,0.2698311724173687,-0.07399992608755887,-0.03916048762457545,-0.006687190257931938,0.10421027318875928,0.6683719778959011,0.45149638244515156,0.02158036161890196,0.4002919764873758,0.4846118226049067,0.40711551138313445,0.04441693667639418
H3K27me3,0.12753423536280856,0.27481545247784905,-0.03927148730018696,-0.01944049770456017,0.2935408552336422,-0.0036967977986419793,0.0637606525541889,0.19201334915625004,0.00559621522930433,0.009417173774268806,-0.057204481752023736,-0.06009650955007226,-0.11983189549884433,0.29258760216603247,0.1646243881830025,-0.024957797924204727,0.1011985721265406,0.15047240797217243,-0.03098160060250081,0.12313977137503676,0.013779025915408593,-0.08599654234159271,0.02027231434963302,0.03577754507510255,0.07621852191291367,0.1840186916420607,0.03015940611552157,0.16089886097985487,-0.03628787642053769,-0.04570312753519266,0.9158410339143813,-0.03458939002667499,0.5538063296327006,0.009620029924061857,0.0761875604625397,-0.038677865081522336,0.037366629311743324,0.11047228522270018,-0.1965356184189179,0.01965318799898116,1.0,0.489586033545785,-0.007747043172310665,-0.18741572904682846,0.12387119541262862,0.040500976944528415,0.06882728046060618,-0.04082142833071641,0.19668028419050346,0.015333144021817312,-0.006485956521152947,0.044283118343630495,-0.08577008704237231,0.06455037575193778,0.3739432675146072,-0.18299959488779435,0.5303842726748806,0.08412481141330831,-0.06203085669242846,0.06784710088451804,-0.20618355494095386,0.006070779983364942
MYBL2,0.15860030892403215,0.6824827708957404,0.14832718860253957,-0.07629023660502976,-0.046053444805245605,0.35372614057249824,0.0464438967029465,0.5145589431325206,-0.11991110691617453,0.09243573131087857,-0.05817844833239689,0.08123904980455562,0.19951729247664396,0.3109743252237632,-0.02413198495763849,0.1104733574307079,0.043208577007832746,0.5825947256185734,0.12933868785775715,0.1658589823149738,0.04012973982397312,0.07374071264871776,0.010864786819589621,0.15842087318233716,0.1311889146448352,0.1786311284419323,0.025582648330685687,0.2876383782708537,0.22910211376907116,-0.0178419189538309,0.10490142889591456,-0.005196269463052246,0.6019376434876115,-0.031494957484712795,0.14121798380179074,0.03784735741491658,0.05112338600627481,0.018131945402491217,-0.1625845225275484,0.06496741424860199,0.4895860335457851,1.0,0.058852250245102586,0.038307554147417856,0.06358815814974382,-0.008752756722650214,0.19026609244591836,-0.11082101752180105,0.16317636909450575,0.20047901274218613,0.08755854663673594,-0.05929879553848713,0.04897856877615566,-0.018710940822310704,0.3058236785733383,-0.021504337395725333,0.060691593422552606,0.21847755840093874,-0.1011409589857711,-0.016928643670373698,0.12330438434992685,0.0024399961390677016
CDK9,0.013776194618492799,0.012459880631695744,0.06606079504369183,-0.021853908179442376,0.2694919280359239,0.002012314392196765,0.1567859257586361,0.07484263197338388,0.21429299509514807,0.017189532286032566,0.004479088001655185,0.05148680482338339,-0.015343956935670443,0.033914063838270815,0.1421770795152559,0.05132275448410725,0.14531299629243855,0.11796953579681096,0.1897654478224327,0.05101035778299205,0.1460283651097262,0.201783138414638,0.0018677549448261304,0.08342709931157113,0.0029647975173371964,0.03049675040542969,0.058170542261558184,-0.032148709108181024,0.0473400064427465,0.17270867286044528,0.0018818554949723786,0.09224978900735285,0.006416306237628294,0.03312346665880535,0.10043179290237747,-0.04928171112520371,-0.16913212849786072,0.14077156147873304,0.16962795932177252,0.25115941130180414,-0.007747043172310613,0.05885225024510267,1.0,0.09687118193257366,0.053237469565525504,0.04540632633079827,0.05871015917573437,0.090875050590644,0.5775192784101418,-0.16709603819193997,0.3536596798165833,0.023908286622053278,0.004537534910300082,0.08213587637691983,-0.012774533298646362,0.24669178370825615,0.18483979620147017,0.032935398175835386,0.18577503207244717,0.2318924008310375,0.37406278813940835,0.03381780024755084
H3K4me3,-0.1492041574790948,-0.06395685357120308,0.04324389448721421,-0.17851236746222376,0.059074165758211235,-0.11853447815153557,-0.057652289331492496,-0.11611870945618367,0.05263490633749332,-0.06901949904421104,0.1761659599182417,0.11461068415299731,-0.039466001546257665,0.006705053979002825,0.2504894079859417,-0.04179479234109993,0.11944663653627537,-0.09262332160448371,0.336876267254575,-0.03166418988466917,0.018933270917459256,0.38363101966321134,-0.25132244409754134,-0.024128244171757882,0.014470955127203318,-0.019769121345388312,-0.21910422549816494,-0.2430111442989061,0.05447232268618013,0.8801596704843884,-0.06425696456479177,0.21455787933325068,-0.06244602703607115,-0.22876275310183672,-0.08412561487201717,-0.05744341112838123,0.15797394156359595,0.05225819354484494,0.10317250156052986,0.5784853977092665,-0.18741572904682852,0.03830755414741787,0.0968711819325737,1.0,0.05894747917787163,-0.07240091892655975,-0.00908736835538325,0.011230078769723522,-0.10525016452499825,-0.19402953244720378,0.04557637944889436,-0.1517573776736977,-0.027754604418715807,0.03481928196956076,0.19842011352397973,0.7757368458060304,0.4531152160780409,-0.15709100057102385,0.12604643385966682,0.23531208664333697,0.22913334723293213,0.056375889740531544
FOXP1,0.1628297537567417,-0.06662809763988715,0.02727182060420002,0.1251233353717999,0.06416259862556659,0.011758555013003266,0.20582467086287592,-0.04348457889694179,0.11860729922741627,0.02366778503313706,0.11095779773872469,0.05505961169922465,-0.007627725547044268,0.0007518501155646312,0.08572224070714399,0.039361188133593794,0.26620759014278805,0.09962507228861063,0.13646777196732185,0.03599427153721992,0.3395586497142013,0.2238170471118733,0.016400523338248294,0.26673815439885495,0.04752830900817557,0.01633984774014976,0.042775164985984784,0.017550974290611705,0.11357203088751296,0.11707573908874273,-0.0068531349563610774,0.06594695413345082,0.06410336298100898,0.0842017637417888,0.27502187473685036,-0.01827675575984628,-0.12215522322763087,0.03464155786047435,0.015287763581994965,0.1382242460443922,0.12387119541262862,0.06358815814974379,0.053237469565525504,0.058947479177871645,1.0,0.011020083201841663,-0.034414358719705225,0.074539187978242,-0.05128659269042391,-0.11032092950509544,0.09688311762619355,0.056320438136591995,-0.013816709894085484,0.0011943527828588998,0.06271606600256281,0.09792237485467152,0.021023838152591394,0.0758063743452891,0.10696828848828721,0.14608746816396412,0.026179033471033855,0.020695756438050352
MLL_KTM2A,0.023948883142877107,0.14679355671957184,-0.04690356678240814,0.03334264378709413,-0.008142750332341023,0.008294392314151236,0.04850833699558081,0.036888291903805895,0.0009927584764248573,0.011928701570350793,-0.08012981558751416,-0.07185744254193921,0.014392363538831679,-0.03766326334899284,-0.0058504122064984045,-0.001946642199507538,0.015625585498818383,0.017630086006355884,-0.025898413120668304,0.032448895867293596,0.04929982175524468,-0.030808797557595993,0.04114113157376776,-0.002805057001979249,0.010844951216365141,0.031705946455050885,0.05198748885666713,0.04412612563514966,0.01419198729512024,-0.056504937054765635,-0.01835411246635255,-0.03716832300258897,0.04815059800325641,0.0677430683442898,0.01771589999081733,-0.05960139327477745,-0.07993944822752778,0.038255663124872295,0.06023014202088319,-0.037592937284532654,0.04050097694452842,-0.008752756722650239,0.04540632633079826,-0.07240091892655982,0.011020083201841656,1.0,0.019071479205994037,0.0031171637450938543,0.5563033442646803,-0.0546301085420087,0.006066319929789933,-0.0038305791302537502,-0.020054551985785523,-0.0408297207225099,-0.004246175137580103,-0.06409490015218595,0.51369451829838,0.10213718961588572,-0.06881370189197498,-0.0044254603756024805,0.052125911638204916,-0.004359145282925912
RARA,0.017900742823443384,-0.03335825774533037,0.43146881332572223,0.013656976012166332,-0.026303139347301677,0.29501363252288443,0.023253133171544375,0.64487406583705,0.0036864637143368233,-0.006702060043786541,-0.06811690034272756,0.05004689011994433,0.26911790974198924,0.2147443478839347,0.03518386282732012,0.05886580460057447,-0.03146254516764409,0.015775938293020222,-0.0017312537747722833,0.20876086241702208,0.0014667170812619763,-0.05085123946425954,0.031178125880030425,0.029217823099555566,-0.03700194033113526,0.28704350028861353,0.005479791832095853,0.20918102747739675,0.1724487617715797,-0.05296179794951314,-0.017378766023404994,0.01084648102939774,0.3090785711367599,-0.0013671924504658148,0.04234287566353852,-0.019462069235797866,-0.034926533101082936,-0.003191699954392866,-0.032916627628671966,-0.012545022338861797,0.06882728046060621,0.19026609244591833,0.05871015917573438,-0.009087368355383263,-0.03441435871970524,0.019071479205994002,1.0,-0.046538421704883454,0.08301264581969052,0.031335829324154234,9.559651876878254e-05,0.050598079952267574,-0.018567477483446854,0.07182854808199096,0.01322379236066623,-0.0556582301522127,0.36882860064031053,0.03998002829330489,0.029180618269705395,0.18305064170213567,-0.0598496869489251,0.007368732698816004
IKZF1,0.04411449417306951,0.013331576710581654,0.019478940539301073,0.029320042192325233,0.1263642739393555,0.008481089097089892,0.09235765443494301,-0.033784220495390586,0.1116363627675768,0.02486249976049558,0.007127155544028034,0.015503427733546226,-0.013629636084707537,-0.0011407808000316471,0.025090288645476532,0.030709896478193374,0.1116607438296038,0.0785134479620789,0.06262684828275313,0.011589355373328865,0.1154156223039154,0.09327576148867045,0.05037070838434249,0.04132859126533139,0.0035189994900512336,0.01115894303559525,0.11963375336611387,-0.00729235370019709,0.041289630753456555,0.03887437212620653,0.0037223910982573456,0.06587663154949544,0.024657434697664,0.12521245348879337,0.09084703931567856,-0.0217019581151693,-0.3079280191999669,0.017154520870138766,-0.004087824895181731,0.05432800276536061,-0.0408214283307164,-0.11082101752180103,0.09087505059064395,0.011230078769723513,0.07453918797824202,0.003117163745093846,-0.046538421704883474,1.0,0.01936698198605005,-0.02874072950573086,0.05983410842927769,0.03838103770628389,0.007992127352498428,-0.013237302564964259,0.06317165579753375,0.02764241777211726,0.08425086015872364,0.038435105252802915,0.04546282570015966,0.07576401007044409,0.0315474118443534,0.015448900861177717
AFF4,0.008683737479990026,0.11761959419570088,-0.0014033652480188218,0.06278508493264584,-0.04089793253246313,0.1012221966673153,-0.10270015167076198,0.10558470554675455,-0.08814324574514518,-0.021702418851298765,-0.070795956224424,-0.046652765103834135,-0.005365642588552512,0.043799794819207066,0.08713133811620559,0.022348499629322713,-0.07610463143464316,0.08491187333932963,-0.1470220250784298,0.11103852481796461,-0.12106810030385606,-0.20947782985919627,-0.0031252786492404275,-0.014263612496134698,0.046230630147884165,0.11125755079739937,-0.08727902237022253,0.17873642018683378,0.08923710463745155,-0.17018079293552282,-0.06308842509013216,-0.08944067236298849,0.15258191543205019,-0.05322992105653453,0.019004633466174505,-0.07144156804326486,-0.16052403612862362,0.2069487689792498,-0.006973946760611706,0.03250351448850677,0.1966802841905035,0.16317636909450584,0.5775192784101416,-0.10525016452499833,-0.05128659269042392,0.5563033442646803,0.08301264581969056,0.01936698198605006,1.0,-0.09729807718062326,0.1378082403566222,-0.043207024541283764,-0.10461911584083526,0.10784643608216367,0.0027019709666724384,0.1669073768737085,0.15242972483176676,0.10596440009856715,0.0071864813771487625,0.21170535211275443,0.318010980247292,0.008237045052794423
CTCF,-0.10070715926501342,0.04370799895498037,-0.02353971900340737,-0.08371052461928584,0.054482321968551316,0.006286503027811557,-0.1397188715230871,0.011449233797710914,-0.09531250681214277,0.050066383808624146,-0.10953973512908227,-0.04700635018143627,-0.014746298353091615,0.03357248410175595,0.007571084017289274,-0.024087709256977494,-0.00394147210192569,-0.028633715340884665,-0.11540894193806454,-0.04166182630642772,-0.1599279048702816,-0.1838258130041382,-0.10971615746524128,-0.05872950187123921,0.029752686938320498,-0.015020808210984905,-0.10615443570073183,-0.00879142436963265,-0.0009120393618488099,-0.13059328639371265,-0.07408295670625051,-0.038314994486437645,-0.019459728196743735,-0.13533241876013544,-0.020000397277072722,0.45379792984571365,0.24566109832915636,-0.045818659611445156,0.10069474502095578,-0.07817483987445752,0.01533314402181733,0.20047901274218607,-0.16709603819193997,-0.19402953244720383,-0.11032092950509544,-0.054630108542008685,0.031335829324154255,-0.028740729505730842,-0.09729807718062343,1.0,-0.13217481315182764,-0.10668494508255696,-0.08380783414053543,-0.005510994774231921,0.08411371565983561,-0.21031853765401212,0.12122978052993051,-0.07859888216187401,-0.09992609027844318,-0.12232905612817219,-0.06389182888921734,0.00881162430657754
BRD4,0.12113162635088699,0.034282336444782006,0.0237134869951747,0.012014379724721675,0.06872420719841953,-0.03442479292695155,0.15807804129251338,-0.03436271575163272,0.13928967475099258,0.04838869618910649,-0.03678833922932956,0.01798359317482296,-0.006932022490195887,0.0340827470175595,0.13609257009515136,0.04787393029049448,0.0970384962283104,0.11145722760126966,0.206477414050143,0.02017229448441369,0.16099969288604196,0.20056712200145052,0.023234545914264437,0.20176722686480145,0.0015096814702096166,0.020210369121949512,0.05118776275801365,0.04655064351251177,0.085058543085639,0.15309007552447826,0.032657386086224205,0.06791543398363956,0.013710838814931604,0.05131484710561842,0.16840580426439877,-0.023475411754548637,-0.13859280801003945,0.04992846408248225,0.22005187598076106,0.26983117241736854,-0.006485956521152945,0.087558546636736,0.3536596798165834,0.045576379448894366,0.09688311762619352,0.00606631992978994,9.559651876879014e-05,0.05983410842927767,0.13780824035662215,-0.13217481315182772,1.0,0.07477986869562928,0.03477353638764065,0.0020671283590622414,0.02443203967939475,0.166485995557896,0.4285104997108723,0.0859062840405566,0.265895141956446,0.23681686084829567,0.20597121989496828,0.04231336264606457
CEBPB,0.3482495180616968,-0.019713663224338828,-0.022820796719232445,0.04567789917344263,-0.018367760894203878,0.05203298027054747,0.10800121591087834,-0.03865137839044763,0.0606140939381897,0.012282127504080462,-0.12002204931746756,-0.053417861049959686,-0.025250481019358787,-0.011490088886497433,-0.03390198948732645,0.03490273183037337,0.03029040163664288,0.036350870787531575,-0.00792954977956258,0.035216965541692215,0.09165229632605608,0.015492066784631409,-0.02284568480947445,0.04451809282611985,-0.021026901469462102,0.022550489458403496,0.011181207901470348,0.025233245935792698,-0.0042545511312797645,-0.11749419146433478,0.005871633124568152,-0.04103611912283318,0.03487665849943573,0.0024555417734765522,0.08499880752883274,-0.09977880061337341,-0.2463419630617904,-0.025547732626755165,0.008908017105126042,-0.07399992608755893,0.04428311834363048,-0.05929879553848718,0.023908286622053278,-0.15175737767369768,0.05632043813659197,-0.003830579130253744,0.050598079952267554,0.03838103770628385,-0.04320702454128379,-0.10668494508255695,0.07477986869562919,1.0,0.007243787092689271,-0.02259076505506609,0.006846107724730105,-0.13080412891224003,0.2725815131300266,0.01862905127599844,-0.04762828064423151,-0.010071449672131813,-0.0486357490196242,0.015839820925694366
H3K36me2,0.003430645105528836,0.053372815001643856,-0.0036083984021780657,-0.010936624129556479,0.013859183437186175,0.00917632192014944,0.03039457277466022,0.039022366731236234,0.0158178556060364,-0.012502064327340209,0.0017354649846023195,0.015352089338656186,-0.05456742362473187,0.029590090519844958,-0.02151059440679165,-0.004489376809599375,-0.011417143837748814,0.017240411904364587,0.01513377967252266,0.003038852090239927,0.018149079999091985,0.023316606075411098,0.0008044913329030339,-0.0039712013160827075,0.0029655195826008953,0.007294688661127204,0.020325708480086364,0.033646611019961276,-0.003241634028975665,-0.018281359958409054,0.9897725787729996,-0.004801938809729536,0.056907902811647856,0.0064091771359867065,-0.002497022310969575,-0.08917524068625259,0.24193814841213218,0.09176891835181625,-0.1052471454475543,-0.039160487624575434,-0.08577008704237234,0.04897856877615565,0.004537534910300077,-0.02775460441871581,-0.01381670989408547,-0.02005455198578553,-0.018567477483446875,0.007992127352498428,-0.10461911584083526,-0.08380783414053541,0.03477353638764062,0.007243787092689275,1.0,-0.08231311929455704,-0.04784088497444021,-0.028172203217542838,-0.15355228674384166,-0.00876068256439686,-0.006761220007011631,-0.010717357521537643,-0.04807687637669356,0.016387968626945477
PSER2,-0.02489133627816779,-0.09166278342914408,0.011082615175712912,-0.03834320759863488,0.017810532824285588,-0.03654360864601062,-0.04924015618925476,0.1570833012452633,0.0202034170584746,0.0007724111447106215,-0.02651084233013744,0.028177232012455103,0.0001791341718899491,0.0237478252530305,0.007727863978239886,-0.020039370402160618,-0.026027119458212688,0.029045841142646984,0.011836977646621338,0.03797725453030857,-0.02273596269080147,-0.01804020832607638,-0.028407823974688075,0.01895727799959431,-0.003261479767713165,0.02248654990455644,-0.01548018000693222,-0.034125699030593974,-0.01968356506143289,0.0144033485482803,-0.07839730653145578,-0.002701835970528893,-0.06888772146095032,-0.03374828896859771,-0.0507111319477865,0.0041366942591028084,-0.12498736289797106,0.06607498689240568,0.2809299523119542,-0.006687190257931934,0.06455037575193781,-0.018710940822310687,0.08213587637691983,0.03481928196956076,0.0011943527828589156,-0.04082972072250987,0.07182854808199095,-0.013237302564964274,0.10784643608216367,-0.005510994774231914,0.0020671283590622358,-0.022590765055066082,-0.08231311929455704,1.0,0.1924465587162141,0.08376354726638469,0.33888182651994503,-0.07509917245931166,0.14316573161913831,0.017230448627012677,0.2170935109742821,0.011195980336871848
H3K36me3,0.07273444523500928,0.19281844281404886,0.03356913982153966,-0.05031031368955929,0.12872391120455656,-0.02559641065445265,0.02667287627450827,0.13029191936014048,0.09710051311597176,0.053458475475157766,0.053759659250862825,0.03995905970481498,-0.05439570432221188,0.11812245016177926,0.03859237416574173,-0.02718932522343505,0.06992781231077132,0.043574322156827536,0.0848986611701491,0.02394217367528603,0.06640994295345089,0.09771753231738106,-0.028032586747742425,-0.012116808066825548,0.04210881804743137,0.055428145934490164,0.010131109738274902,-0.0328615209556847,0.027047200585514124,0.22818332754789852,-0.03755656514861059,0.11810268993367941,0.22484909694215707,-0.014690364490589011,0.019388520908960347,0.00025955655660262004,0.10278527465939054,-0.06861651290377771,0.4480812640522196,0.10421027318875926,0.3739432675146077,0.30582367857333836,-0.012774533298646374,0.1984201135239798,0.06271606600256283,-0.004246175137580137,0.013223792360666245,0.06317165579753377,0.0027019709666724462,0.08411371565983558,0.024432039679394776,0.006846107724730103,-0.047840884974440216,0.19244655871621413,1.0,0.07913904346021552,0.47323425025169347,-0.04326692659904105,0.14611933360151608,0.06213443718329603,0.06653267773059807,0.005333615196750029
H3K9ac,-0.10596932396503572,-0.07211489346073563,0.07339830059595637,-0.14687803191154108,0.06990888868942247,-0.12667250380550593,-0.0056420337920660875,-0.11496048087103906,0.09857723552760317,-0.06274378121602305,0.22873043062473797,0.15837465138689635,-0.029288269179191764,0.008825551742231688,0.2926963824646824,-0.033696303053932,0.1353689145946044,-0.05204542832515002,0.4035171041051603,-0.02369328610834657,0.06866430036455086,0.42138295279650645,-0.1937804653483584,0.01926661177334785,-0.005146875719678966,-0.01796449652182901,-0.15588470713018504,-0.21626231607607097,0.03832720718157517,0.8078932341814673,-0.041331250621401666,0.25396467684791696,-0.10025505846185415,-0.15488156028963043,-0.0694671284911885,-0.06561620881429374,0.7458697550874638,0.1241520938607974,0.13035797072042027,0.6683719778959005,-0.1829995948877943,-0.021504337395725312,0.246691783708256,0.775736845806031,0.09792237485467148,-0.06409490015218598,-0.05565823015221271,0.027642417772117275,0.16690737687370844,-0.2103185376540121,0.166485995557896,-0.13080412891224005,-0.02817220321754287,0.0837635472663847,0.07913904346021551,1.0,0.11611426129134744,-0.12237714870770149,0.2934956642281123,0.34164805109715607,0.4654508770203028,0.05349281338740149
CDK13,0.6151492465721923,-0.020854308183067834,0.6092648471560561,-0.030478200290836564,0.49425813296319604,0.4139189085846898,0.3457435370381641,0.6708255552387646,-0.18464658179008167,0.5749580063334809,-0.005266704714134577,0.2865338989768363,0.3072359907832226,0.6620685861778586,0.20718768383525327,0.25287894267446115,0.11274882049619592,0.681192335651781,-0.014919065468759254,-0.061629893385538245,0.20910705649770747,0.34143813458482436,-0.017415214289053783,-0.12701833349685285,0.5269128646635991,0.29944464327641906,-0.13198026429874488,0.2771851831069783,-0.02715402251257751,0.545455127937184,0.2192427684787956,0.3483242339828791,0.1826220631694684,-0.15094745216804195,-0.030546259686448807,0.005300901359894969,0.1547151931799923,-0.36703007261491377,0.0012213305834998026,0.4514963824451516,0.5303842726748808,0.06069159342255263,0.1848397962014702,0.4531152160780408,0.021023838152591415,0.51369451829838,0.3688286006403105,0.08425086015872361,0.15242972483176678,0.12122978052993062,0.4285104997108725,0.2725815131300268,-0.15355228674384166,0.3388818265199452,0.47323425025169363,0.1161142612913474,1.0,0.6602621072202226,-0.19412682050143346,0.44214214105294686,-0.6581809934621271,-0.08231800352868399
H3K4me1,0.06133731150267935,0.11307253163191762,-0.014889566857860933,0.0610347386488852,0.03517568482835655,0.001383621122493302,0.061620319707910695,-0.004279459632111377,0.047708686047054624,0.012477872732940223,-0.08777104129579094,-0.04980642098471911,-0.008914178281865116,0.0029571886109189334,-0.007737405395402985,0.01624823105405727,0.05726184262291326,0.05601862710592707,0.015570991507695305,-0.006956904530414437,0.07970169931283093,0.013342793826154633,0.05174405115424046,0.05663806525855816,0.02720890664269858,0.02452675244444107,0.06839719454907352,0.06865732643884263,0.07521228344621424,0.059891692714369296,-0.007973477808681014,-0.019208370713131438,0.03278414291776996,0.09825209144178797,0.07077974168427797,-0.04328939319764376,-0.6462592180736245,0.003824523354699162,-0.28081767446455974,0.021580361618901967,0.08412481141330828,0.21847755840093866,0.03293539817583538,-0.15709100057102393,0.07580637434528911,0.10213718961588568,0.039980028293304916,0.03843510525280293,0.1059644000985672,-0.07859888216187398,0.08590628404055654,0.01862905127599844,-0.008760682564396868,-0.07509917245931166,-0.04326692659904104,-0.12237714870770149,0.6602621072202228,1.0,-0.04556960908253721,0.023539071267591905,-0.04223750645384657,-0.008167667430652894
POLII,-0.029865739471680797,-0.0697953544820662,0.03308578749905318,-0.05018985651463574,0.013187111714503865,-0.003739193177054807,0.04247534764256227,0.04504232385494471,0.09206920258252067,-0.0279680002897314,0.057973433199928766,0.07961534000886691,-0.008370097991286294,0.03740603963206422,0.19955533478092224,0.02210878148508769,0.06804984996897848,-0.006870691229334379,0.23005319171701805,0.022162175052983374,0.10246270331617281,0.21874326412218464,-0.0875120011475045,0.03230913078826317,0.014276291230968444,0.0221218259695158,-0.0703568625407321,-0.029954461118480293,0.07602661682899976,0.3244555756434483,-0.00922056112093999,0.10058464215634905,-0.04606748673466111,-0.07028720173110613,0.10420666725868911,-0.03518411663507823,-0.326374930034366,0.05869938839251875,0.39306649764607343,0.4002919764873759,-0.06203085669242845,-0.10114095898577098,0.18577503207244725,0.1260464338596667,0.10696828848828716,-0.06881370189197497,0.029180618269705347,0.04546282570015968,0.007186481377148758,-0.09992609027844317,0.26589514195644604,-0.04762828064423151,-0.006761220007011632,0.1431657316191383,0.14611933360151605,0.29349566422811224,-0.1941268205014335,-0.04556960908253724,1.0,0.35092809302536343,0.40300007561977713,0.022738636320535348
MED1,0.020920570938536477,-0.029474896223066396,0.07956705467470401,-0.049425647024089345,0.06923338471364623,0.0922288692258019,0.0627009016189872,0.10315359749332391,0.13413704345318928,-0.020827298941171107,0.08370616230926627,0.11608560510095069,-0.005429005536200437,0.11504309368919509,0.39349078781888347,0.0799480185757009,0.17649302383432702,0.044384219889192784,0.2817626484199329,0.05192383916038676,0.13060420544840862,0.3185375955013237,-0.07298726044538865,0.0748027592282936,-0.0006389126269621582,0.08110558851078169,-0.059312447859681275,0.1133039347132682,0.24777654473206986,0.36295996265114727,-0.0102232109072252,0.15448987105983586,0.022974915411169212,-0.04765548648893751,0.13925297527094913,-0.010654364478781535,0.011986361634708722,0.13654222273876257,0.1672151433009165,0.4846118226049068,0.06784710088451801,-0.016928643670373656,0.23189240083103746,0.2353120866433369,0.1460874681639642,-0.004425460375602484,0.18305064170213572,0.07576401007044406,0.21170535211275446,-0.12232905612817224,0.23681686084829578,-0.010071449672131815,-0.01071735752153765,0.017230448627012677,0.06213443718329603,0.3416480510971561,0.4421421410529468,0.02353907126759189,0.35092809302536343,1.0,0.3772673117927256,0.033683161265651275
super_enhancer,-0.033555836438402084,0.05620253311751488,0.011201812552708109,-0.058190882714898716,0.03057578779856713,-0.04738325224308618,-0.043693927574117886,-0.11400692096824157,0.04394177101937261,0.049275568779732645,0.034716751091273125,0.033793865092323974,0.08739955942902035,-0.03011392532560098,0.22107334872979043,0.04166525542031922,0.00546140224787799,0.020174631532062302,0.15472129328088566,-0.0019101823876501586,0.014665429964474995,0.09890855602863173,-0.06266009142877783,0.03922783511857621,-0.000684013400075385,-0.0032600942926165706,-0.053235684114412214,-0.06855598176405171,0.032183428371987975,0.31737745389618793,-0.04695667686066557,0.05129704494007915,-0.08291770398482551,-0.02688433310552292,-0.016122416417403484,-0.0243092680469198,0.9999999999999999,0.2751187354680153,0.28841662007357427,0.4071155113831346,-0.20618355494095386,0.12330438434992688,0.3740627881394083,0.22913334723293233,0.026179033471033866,0.05212591163820498,-0.059849686948925104,0.03154741184435341,0.3180109802472919,-0.06389182888921735,0.20597121989496825,-0.048635749019624204,-0.04807687637669358,0.21709351097428203,0.06653267773059796,0.46545087702030263,-0.6581809934621272,-0.04223750645384663,0.40300007561977713,0.37726731179272555,1.0,0.003932400186109373
promoters,-0.029622412168611632,-0.02457016575961245,0.0775121385560288,-0.10170962665038495,0.11537128330716044,-0.10924574730858494,0.034219472942276626,-0.04957700900269149,0.14732555679155596,-0.030529153325607433,0.30912838163268136,0.18013809074316292,-0.0520261384845233,-0.01662421427037178,0.22931547336508454,-0.044194352828061854,0.15928112134568184,-0.03499824911355,0.3937388426308283,-0.014626609460072599,0.10296393559076525,0.49392736579086527,-0.10953510493968399,0.04094199435706882,-0.029650764363621095,-0.03965700465567422,-0.07820901715314231,-0.14908463692420987,-0.03703589084675774,0.6404525994760358,-0.003141615022991612,0.33161653144568576,-0.05224274467472996,-0.10038479731458284,-0.08724261333163738,-0.081527047889116,0.10244489199909795,0.005721324296318216,0.2074991233197028,0.5155657440000082,0.0528275453691677,-0.10050805589786634,0.11607290225520792,0.484590451425512,0.12060407960711693,-0.043315013326056605,-0.051784740412472455,0.04123315243775652,-0.19815891108081396,-0.18240847105627872,0.09456600482447008,-0.0874484405566703,-0.020018274790502538,-0.01770326850773212,0.06814810392667477,0.5202468622229437,0.22325934396764313,-0.04051666368689468,0.22590115889398238,0.23789434104316232,0.14206669341642428,1.0
